handle,family,action,old_variant,new_variant,old_price,new_price,change
custom-soccer-patches,Embroidery,UPDATE,1.0 inch - 10,1.0 inch - 10-15,6.99,6.99,+0%
custom-soccer-patches,Embroidery,UPDATE,1.5 inch - 10,1.5 inch - 10-15,6.99,6.99,+0%
custom-soccer-patches,Embroidery,UPDATE,2.0 inch - 10,2.0 inch - 10-15,6.99,6.99,+0%
custom-soccer-patches,Embroidery,UPDATE,2.5 inch - 10,2.5 inch - 10-15,6.99,6.99,+0%
custom-soccer-patches,Embroidery,UPDATE,3.0 inch - 10,3.0 inch - 10-15,7.99,7.99,+0%
custom-soccer-patches,Embroidery,UPDATE,3.5 inch - 10,3.5 inch - 10-15,7.99,7.99,+0%
custom-soccer-patches,Embroidery,UPDATE,4.0 inch - 10,4.0 inch - 10-15,7.99,7.99,+0%
custom-soccer-patches,Embroidery,UPDATE,4.5 inch - 10,4.5 inch - 10-15,8.99,8.99,+0%
custom-soccer-patches,Embroidery,UPDATE,5.0 inch - 10,5.0 inch - 10-15,10.00,10.00,+0%
custom-soccer-patches,Embroidery,UPDATE,6.0 inch - 10,6.0 inch - 10-15,11.00,11.00,+0%
custom-soccer-patches,Embroidery,UPDATE,7.0 inch - 10,7.0 inch - 10-15,12.00,12.00,+0%
custom-soccer-patches,Embroidery,UPDATE,8.0 inch - 10,8.0 inch - 10-15,14.00,14.00,+0%
custom-soccer-patches,Embroidery,UPDATE,9.0 inch - 10,9.0 inch - 10-15,16.00,16.00,+0%
custom-soccer-patches,Embroidery,UPDATE,10.0 inch - 10,10.0 inch - 10-15,18.00,18.00,+0%
custom-soccer-patches,Embroidery,UPDATE,11.0 inch - 10,11.0 inch - 10-15,20.00,20.00,+0%
custom-soccer-patches,Embroidery,UPDATE,12.0 inch - 10,12.0 inch - 10-15,22.00,22.00,+0%
custom-soccer-patches,Embroidery,UPDATE,13.0 inch - 10,13.0 inch - 10-15,23.00,23.00,+0%
custom-soccer-patches,Embroidery,UPDATE,14.0 inch - 10,14.0 inch - 10-15,24.20,24.20,+0%
custom-soccer-patches,Embroidery,UPDATE,15.0 inch - 10,15.0 inch - 10-15,25.40,25.40,+0%
custom-soccer-patches,Embroidery,UPDATE,16.0 inch - 10,16.0 inch - 10-15,26.60,26.60,+0%
custom-soccer-patches,Embroidery,UPDATE,1.0 inch - 11-25,1.0 inch - 16-25,6.36,3.75,-41%
custom-soccer-patches,Embroidery,UPDATE,1.5 inch - 11-25,1.5 inch - 16-25,6.36,3.80,-40%
custom-soccer-patches,Embroidery,UPDATE,2.0 inch - 11-25,2.0 inch - 16-25,6.36,3.95,-38%
custom-soccer-patches,Embroidery,UPDATE,2.5 inch - 11-25,2.5 inch - 16-25,6.36,4.50,-29%
custom-soccer-patches,Embroidery,UPDATE,3.0 inch - 11-25,3.0 inch - 16-25,6.36,5.00,-21%
custom-soccer-patches,Embroidery,UPDATE,3.5 inch - 11-25,3.5 inch - 16-25,6.36,5.20,-18%
custom-soccer-patches,Embroidery,UPDATE,4.0 inch - 11-25,4.0 inch - 16-25,6.36,5.80,-9%
custom-soccer-patches,Embroidery,UPDATE,4.5 inch - 11-25,4.5 inch - 16-25,6.36,6.00,-6%
custom-soccer-patches,Embroidery,UPDATE,5.0 inch - 11-25,5.0 inch - 16-25,7.20,7.20,+0%
custom-soccer-patches,Embroidery,UPDATE,6.0 inch - 11-25,6.0 inch - 16-25,7.30,7.30,+0%
custom-soccer-patches,Embroidery,UPDATE,7.0 inch - 11-25,7.0 inch - 16-25,9.00,9.00,+0%
custom-soccer-patches,Embroidery,UPDATE,8.0 inch - 11-25,8.0 inch - 16-25,11.00,11.00,+0%
custom-soccer-patches,Embroidery,UPDATE,9.0 inch - 11-25,9.0 inch - 16-25,13.00,13.00,+0%
custom-soccer-patches,Embroidery,UPDATE,10.0 inch - 11-25,10.0 inch - 16-25,16.00,16.00,+0%
custom-soccer-patches,Embroidery,UPDATE,11.0 inch - 11-25,11.0 inch - 16-25,18.00,18.00,+0%
custom-soccer-patches,Embroidery,UPDATE,12.0 inch - 11-25,12.0 inch - 16-25,20.00,20.00,+0%
custom-soccer-patches,Embroidery,UPDATE,13.0 inch - 11-25,13.0 inch - 16-25,21.00,21.00,+0%
custom-soccer-patches,Embroidery,UPDATE,14.0 inch - 11-25,14.0 inch - 16-25,22.50,22.50,+0%
custom-soccer-patches,Embroidery,UPDATE,15.0 inch - 11-25,15.0 inch - 16-25,23.70,23.70,+0%
custom-soccer-patches,Embroidery,UPDATE,16.0 inch - 11-25,16.0 inch - 16-25,24.80,24.80,+0%
custom-soccer-patches,Embroidery,UPDATE,1.0 inch - 26-50,1.0 inch - 26-50,3.75,3.75,+0%
custom-soccer-patches,Embroidery,UPDATE,1.5 inch - 26-50,1.5 inch - 26-50,3.75,3.75,+0%
custom-soccer-patches,Embroidery,UPDATE,2.0 inch - 26-50,2.0 inch - 26-50,3.75,3.75,+0%
custom-soccer-patches,Embroidery,UPDATE,2.5 inch - 26-50,2.5 inch - 26-50,3.75,3.75,+0%
custom-soccer-patches,Embroidery,UPDATE,3.0 inch - 26-50,3.0 inch - 26-50,3.75,3.75,+0%
custom-soccer-patches,Embroidery,UPDATE,3.5 inch - 26-50,3.5 inch - 26-50,3.80,3.80,+0%
custom-soccer-patches,Embroidery,UPDATE,4.0 inch - 26-50,4.0 inch - 26-50,3.80,3.80,+0%
custom-soccer-patches,Embroidery,UPDATE,4.5 inch - 26-50,4.5 inch - 26-50,4.00,4.00,+0%
custom-soccer-patches,Embroidery,UPDATE,5.0 inch - 26-50,5.0 inch - 26-50,4.50,4.50,+0%
custom-soccer-patches,Embroidery,UPDATE,6.0 inch - 26-50,6.0 inch - 26-50,6.00,6.00,+0%
custom-soccer-patches,Embroidery,UPDATE,7.0 inch - 26-50,7.0 inch - 26-50,8.00,8.00,+0%
custom-soccer-patches,Embroidery,UPDATE,8.0 inch - 26-50,8.0 inch - 26-50,10.00,10.00,+0%
custom-soccer-patches,Embroidery,UPDATE,9.0 inch - 26-50,9.0 inch - 26-50,12.00,12.00,+0%
custom-soccer-patches,Embroidery,UPDATE,10.0 inch - 26-50,10.0 inch - 26-50,15.00,15.00,+0%
custom-soccer-patches,Embroidery,UPDATE,11.0 inch - 26-50,11.0 inch - 26-50,16.00,16.00,+0%
custom-soccer-patches,Embroidery,UPDATE,12.0 inch - 26-50,12.0 inch - 26-50,18.00,18.00,+0%
custom-soccer-patches,Embroidery,UPDATE,13.0 inch - 26-50,13.0 inch - 26-50,19.00,19.00,+0%
custom-soccer-patches,Embroidery,UPDATE,14.0 inch - 26-50,14.0 inch - 26-50,20.20,20.20,+0%
custom-soccer-patches,Embroidery,UPDATE,15.0 inch - 26-50,15.0 inch - 26-50,21.40,21.40,+0%
custom-soccer-patches,Embroidery,UPDATE,16.0 inch - 26-50,16.0 inch - 26-50,22.70,22.70,+0%
custom-soccer-patches,Embroidery,UPDATE,1.0 inch - 51-100,1.0 inch - 51-100,2.40,2.40,+0%
custom-soccer-patches,Embroidery,UPDATE,1.5 inch - 51-100,1.5 inch - 51-100,2.40,2.40,+0%
custom-soccer-patches,Embroidery,UPDATE,2.0 inch - 51-100,2.0 inch - 51-100,2.40,2.40,+0%
custom-soccer-patches,Embroidery,UPDATE,2.5 inch - 51-100,2.5 inch - 51-100,2.40,2.20,-8%
custom-soccer-patches,Embroidery,UPDATE,3.0 inch - 51-100,3.0 inch - 51-100,2.40,2.14,-11%
custom-soccer-patches,Embroidery,UPDATE,3.5 inch - 51-100,3.5 inch - 51-100,2.50,2.50,+0%
custom-soccer-patches,Embroidery,UPDATE,4.0 inch - 51-100,4.0 inch - 51-100,2.86,2.86,+0%
custom-soccer-patches,Embroidery,UPDATE,4.5 inch - 51-100,4.5 inch - 51-100,3.21,3.21,+0%
custom-soccer-patches,Embroidery,UPDATE,5.0 inch - 51-100,5.0 inch - 51-100,3.58,3.58,+0%
custom-soccer-patches,Embroidery,UPDATE,6.0 inch - 51-100,6.0 inch - 51-100,4.29,4.29,+0%
custom-soccer-patches,Embroidery,UPDATE,7.0 inch - 51-100,7.0 inch - 51-100,5.01,5.01,+0%
custom-soccer-patches,Embroidery,UPDATE,8.0 inch - 51-100,8.0 inch - 51-100,5.72,5.72,+0%
custom-soccer-patches,Embroidery,UPDATE,9.0 inch - 51-100,9.0 inch - 51-100,6.43,6.43,+0%
custom-soccer-patches,Embroidery,UPDATE,10.0 inch - 51-100,10.0 inch - 51-100,7.15,7.15,+0%
custom-soccer-patches,Embroidery,UPDATE,11.0 inch - 51-100,11.0 inch - 51-100,7.87,7.87,+0%
custom-soccer-patches,Embroidery,UPDATE,12.0 inch - 51-100,12.0 inch - 51-100,8.59,8.59,+0%
custom-soccer-patches,Embroidery,UPDATE,13.0 inch - 51-100,13.0 inch - 51-100,10.20,10.20,+0%
custom-soccer-patches,Embroidery,UPDATE,14.0 inch - 51-100,14.0 inch - 51-100,11.40,11.40,+0%
custom-soccer-patches,Embroidery,UPDATE,15.0 inch - 51-100,15.0 inch - 51-100,12.80,12.80,+0%
custom-soccer-patches,Embroidery,UPDATE,16.0 inch - 51-100,16.0 inch - 51-100,13.90,13.90,+0%
custom-soccer-patches,Embroidery,UPDATE,1.0 inch - 101-199,1.0 inch - 101-200,0.70,2.20,+214%
custom-soccer-patches,Embroidery,UPDATE,1.5 inch - 101-199,1.5 inch - 101-200,0.79,2.20,+178%
custom-soccer-patches,Embroidery,UPDATE,2.0 inch - 101-199,2.0 inch - 101-200,1.06,2.20,+108%
custom-soccer-patches,Embroidery,UPDATE,2.5 inch - 101-199,2.5 inch - 101-200,1.33,2.05,+54%
custom-soccer-patches,Embroidery,UPDATE,3.0 inch - 101-199,3.0 inch - 101-200,1.59,1.98,+25%
custom-soccer-patches,Embroidery,UPDATE,3.5 inch - 101-199,3.5 inch - 101-200,1.86,2.20,+18%
custom-soccer-patches,Embroidery,UPDATE,4.0 inch - 101-199,4.0 inch - 101-200,2.11,2.50,+18%
custom-soccer-patches,Embroidery,UPDATE,4.5 inch - 101-199,4.5 inch - 101-200,2.38,3.00,+26%
custom-soccer-patches,Embroidery,UPDATE,5.0 inch - 101-199,5.0 inch - 101-200,2.64,3.30,+25%
custom-soccer-patches,Embroidery,UPDATE,6.0 inch - 101-199,6.0 inch - 101-200,3.18,4.05,+27%
custom-soccer-patches,Embroidery,UPDATE,7.0 inch - 101-199,7.0 inch - 101-200,3.71,4.80,+29%
custom-soccer-patches,Embroidery,UPDATE,8.0 inch - 101-199,8.0 inch - 101-200,4.23,5.40,+28%
custom-soccer-patches,Embroidery,UPDATE,9.0 inch - 101-199,9.0 inch - 101-200,4.76,6.10,+28%
custom-soccer-patches,Embroidery,UPDATE,10.0 inch - 101-199,10.0 inch - 101-200,5.30,6.90,+30%
custom-soccer-patches,Embroidery,UPDATE,11.0 inch - 101-199,11.0 inch - 101-200,5.82,7.40,+27%
custom-soccer-patches,Embroidery,UPDATE,12.0 inch - 101-199,12.0 inch - 101-200,6.35,8.30,+31%
custom-soccer-patches,Embroidery,UPDATE,13.0 inch - 101-199,13.0 inch - 101-200,7.50,9.90,+32%
custom-soccer-patches,Embroidery,UPDATE,14.0 inch - 101-199,14.0 inch - 101-200,8.80,11.05,+26%
custom-soccer-patches,Embroidery,UPDATE,15.0 inch - 101-199,15.0 inch - 101-200,9.95,12.20,+23%
custom-soccer-patches,Embroidery,UPDATE,16.0 inch - 101-199,16.0 inch - 101-200,10.95,13.30,+21%
custom-soccer-patches,Embroidery,UPDATE,1.0 inch - 200-499,1.0 inch - 201-300,0.38,1.80,+374%
custom-soccer-patches,Embroidery,UPDATE,1.5 inch - 200-499,1.5 inch - 201-300,0.56,1.80,+221%
custom-soccer-patches,Embroidery,UPDATE,2.0 inch - 200-499,2.0 inch - 201-300,0.71,1.80,+154%
custom-soccer-patches,Embroidery,UPDATE,2.5 inch - 200-499,2.5 inch - 201-300,0.94,1.80,+91%
custom-soccer-patches,Embroidery,UPDATE,3.0 inch - 200-499,3.0 inch - 201-300,1.11,1.50,+35%
custom-soccer-patches,Embroidery,UPDATE,3.5 inch - 200-499,3.5 inch - 201-300,1.30,1.80,+38%
custom-soccer-patches,Embroidery,UPDATE,4.0 inch - 200-499,4.0 inch - 201-300,1.49,2.00,+34%
custom-soccer-patches,Embroidery,UPDATE,4.5 inch - 200-499,4.5 inch - 201-300,1.68,2.55,+52%
custom-soccer-patches,Embroidery,UPDATE,5.0 inch - 200-499,5.0 inch - 201-300,1.86,3.00,+61%
custom-soccer-patches,Embroidery,UPDATE,6.0 inch - 200-499,6.0 inch - 201-300,2.24,3.80,+70%
custom-soccer-patches,Embroidery,UPDATE,7.0 inch - 200-499,7.0 inch - 201-300,2.60,4.50,+73%
custom-soccer-patches,Embroidery,UPDATE,8.0 inch - 200-499,8.0 inch - 201-300,2.98,5.10,+71%
custom-soccer-patches,Embroidery,UPDATE,9.0 inch - 200-499,9.0 inch - 201-300,3.34,5.90,+77%
custom-soccer-patches,Embroidery,UPDATE,10.0 inch - 200-499,10.0 inch - 201-300,3.72,6.50,+75%
custom-soccer-patches,Embroidery,UPDATE,11.0 inch - 200-499,11.0 inch - 201-300,4.09,7.10,+74%
custom-soccer-patches,Embroidery,UPDATE,12.0 inch - 200-499,12.0 inch - 201-300,4.47,8.00,+79%
custom-soccer-patches,Embroidery,UPDATE,13.0 inch - 200-499,13.0 inch - 201-300,5.60,9.60,+71%
custom-soccer-patches,Embroidery,UPDATE,14.0 inch - 200-499,14.0 inch - 201-300,6.75,10.80,+60%
custom-soccer-patches,Embroidery,UPDATE,15.0 inch - 200-499,15.0 inch - 201-300,7.80,12.00,+54%
custom-soccer-patches,Embroidery,UPDATE,16.0 inch - 200-499,16.0 inch - 201-300,8.85,13.00,+47%
custom-soccer-patches,Embroidery,UPDATE,1.0 inch - 500-999,1.0 inch - 301-400,0.27,1.60,+493%
custom-soccer-patches,Embroidery,UPDATE,1.5 inch - 500-999,1.5 inch - 301-400,0.41,1.60,+290%
custom-soccer-patches,Embroidery,UPDATE,2.0 inch - 500-999,2.0 inch - 301-400,0.54,1.60,+196%
custom-soccer-patches,Embroidery,UPDATE,2.5 inch - 500-999,2.5 inch - 301-400,0.68,1.60,+135%
custom-soccer-patches,Embroidery,UPDATE,3.0 inch - 500-999,3.0 inch - 301-400,0.81,1.20,+48%
custom-soccer-patches,Embroidery,UPDATE,3.5 inch - 500-999,3.5 inch - 301-400,0.94,1.60,+70%
custom-soccer-patches,Embroidery,UPDATE,4.0 inch - 500-999,4.0 inch - 301-400,1.09,1.80,+65%
custom-soccer-patches,Embroidery,UPDATE,4.5 inch - 500-999,4.5 inch - 301-400,1.22,2.45,+101%
custom-soccer-patches,Embroidery,UPDATE,5.0 inch - 500-999,5.0 inch - 301-400,1.36,2.80,+106%
custom-soccer-patches,Embroidery,UPDATE,6.0 inch - 500-999,6.0 inch - 301-400,1.64,3.60,+120%
custom-soccer-patches,Embroidery,UPDATE,7.0 inch - 500-999,7.0 inch - 301-400,1.90,4.30,+126%
custom-soccer-patches,Embroidery,UPDATE,8.0 inch - 500-999,8.0 inch - 301-400,2.17,4.80,+121%
custom-soccer-patches,Embroidery,UPDATE,9.0 inch - 500-999,9.0 inch - 301-400,2.45,5.70,+133%
custom-soccer-patches,Embroidery,UPDATE,10.0 inch - 500-999,10.0 inch - 301-400,2.72,6.30,+132%
custom-soccer-patches,Embroidery,UPDATE,11.0 inch - 500-999,11.0 inch - 301-400,2.99,6.80,+127%
custom-soccer-patches,Embroidery,UPDATE,12.0 inch - 500-999,12.0 inch - 301-400,3.26,7.80,+139%
custom-soccer-patches,Embroidery,UPDATE,13.0 inch - 500-999,13.0 inch - 301-400,4.30,9.30,+116%
custom-soccer-patches,Embroidery,UPDATE,14.0 inch - 500-999,14.0 inch - 301-400,5.45,10.40,+91%
custom-soccer-patches,Embroidery,UPDATE,15.0 inch - 500-999,15.0 inch - 301-400,6.80,11.80,+74%
custom-soccer-patches,Embroidery,UPDATE,16.0 inch - 500-999,16.0 inch - 301-400,7.95,12.80,+61%
custom-soccer-patches,Embroidery,UPDATE,1.0 inch - 1000+,1.0 inch - 401-500,0.25,1.40,+460%
custom-soccer-patches,Embroidery,UPDATE,1.5 inch - 1000+,1.5 inch - 401-500,0.37,1.40,+278%
custom-soccer-patches,Embroidery,UPDATE,2.0 inch - 1000+,2.0 inch - 401-500,0.49,1.40,+186%
custom-soccer-patches,Embroidery,UPDATE,2.5 inch - 1000+,2.5 inch - 401-500,0.61,1.40,+130%
custom-soccer-patches,Embroidery,UPDATE,3.0 inch - 1000+,3.0 inch - 401-500,0.73,1.00,+37%
custom-soccer-patches,Embroidery,UPDATE,3.5 inch - 1000+,3.5 inch - 401-500,0.84,1.40,+67%
custom-soccer-patches,Embroidery,UPDATE,4.0 inch - 1000+,4.0 inch - 401-500,0.98,1.60,+63%
custom-soccer-patches,Embroidery,UPDATE,4.5 inch - 1000+,4.5 inch - 401-500,1.11,2.25,+103%
custom-soccer-patches,Embroidery,UPDATE,5.0 inch - 1000+,5.0 inch - 401-500,1.21,2.60,+115%
custom-soccer-patches,Embroidery,UPDATE,6.0 inch - 1000+,6.0 inch - 401-500,1.46,3.40,+133%
custom-soccer-patches,Embroidery,UPDATE,7.0 inch - 1000+,7.0 inch - 401-500,1.70,4.10,+141%
custom-soccer-patches,Embroidery,UPDATE,8.0 inch - 1000+,8.0 inch - 401-500,1.96,4.60,+135%
custom-soccer-patches,Embroidery,UPDATE,9.0 inch - 1000+,9.0 inch - 401-500,2.19,5.50,+151%
custom-soccer-patches,Embroidery,UPDATE,10.0 inch - 1000+,10.0 inch - 401-500,2.43,6.10,+151%
custom-soccer-patches,Embroidery,UPDATE,11.0 inch - 1000+,11.0 inch - 401-500,2.67,6.50,+143%
custom-soccer-patches,Embroidery,UPDATE,12.0 inch - 1000+,12.0 inch - 401-500,2.92,7.60,+160%
custom-soccer-patches,Embroidery,UPDATE,13.0 inch - 1000+,13.0 inch - 401-500,3.98,9.10,+129%
custom-soccer-patches,Embroidery,UPDATE,14.0 inch - 1000+,14.0 inch - 401-500,5.10,10.20,+100%
custom-soccer-patches,Embroidery,UPDATE,15.0 inch - 1000+,15.0 inch - 401-500,6.40,11.50,+80%
custom-soccer-patches,Embroidery,UPDATE,16.0 inch - 1000+,16.0 inch - 401-500,7.60,12.40,+63%
custom-soccer-patches,Embroidery,CREATE,,1.0 inch - 501-700,,1.20,new
custom-soccer-patches,Embroidery,CREATE,,1.5 inch - 501-700,,1.20,new
custom-soccer-patches,Embroidery,CREATE,,2.0 inch - 501-700,,1.20,new
custom-soccer-patches,Embroidery,CREATE,,2.5 inch - 501-700,,1.20,new
custom-soccer-patches,Embroidery,CREATE,,3.0 inch - 501-700,,0.81,new
custom-soccer-patches,Embroidery,CREATE,,3.5 inch - 501-700,,1.05,new
custom-soccer-patches,Embroidery,CREATE,,4.0 inch - 501-700,,1.30,new
custom-soccer-patches,Embroidery,CREATE,,4.5 inch - 501-700,,2.00,new
custom-soccer-patches,Embroidery,CREATE,,5.0 inch - 501-700,,2.40,new
custom-soccer-patches,Embroidery,CREATE,,6.0 inch - 501-700,,3.10,new
custom-soccer-patches,Embroidery,CREATE,,7.0 inch - 501-700,,4.00,new
custom-soccer-patches,Embroidery,CREATE,,8.0 inch - 501-700,,4.30,new
custom-soccer-patches,Embroidery,CREATE,,9.0 inch - 501-700,,5.20,new
custom-soccer-patches,Embroidery,CREATE,,10.0 inch - 501-700,,5.80,new
custom-soccer-patches,Embroidery,CREATE,,11.0 inch - 501-700,,6.20,new
custom-soccer-patches,Embroidery,CREATE,,12.0 inch - 501-700,,7.30,new
custom-soccer-patches,Embroidery,CREATE,,13.0 inch - 501-700,,8.50,new
custom-soccer-patches,Embroidery,CREATE,,14.0 inch - 501-700,,9.50,new
custom-soccer-patches,Embroidery,CREATE,,15.0 inch - 501-700,,10.80,new
custom-soccer-patches,Embroidery,CREATE,,16.0 inch - 501-700,,12.00,new
custom-soccer-patches,Embroidery,CREATE,,1.0 inch - 701+,,0.95,new
custom-soccer-patches,Embroidery,CREATE,,1.5 inch - 701+,,0.95,new
custom-soccer-patches,Embroidery,CREATE,,2.0 inch - 701+,,0.95,new
custom-soccer-patches,Embroidery,CREATE,,2.5 inch - 701+,,0.95,new
custom-soccer-patches,Embroidery,CREATE,,3.0 inch - 701+,,0.75,new
custom-soccer-patches,Embroidery,CREATE,,3.5 inch - 701+,,1.00,new
custom-soccer-patches,Embroidery,CREATE,,4.0 inch - 701+,,1.10,new
custom-soccer-patches,Embroidery,CREATE,,4.5 inch - 701+,,1.80,new
custom-soccer-patches,Embroidery,CREATE,,5.0 inch - 701+,,2.20,new
custom-soccer-patches,Embroidery,CREATE,,6.0 inch - 701+,,2.80,new
custom-soccer-patches,Embroidery,CREATE,,7.0 inch - 701+,,3.80,new
custom-soccer-patches,Embroidery,CREATE,,8.0 inch - 701+,,4.00,new
custom-soccer-patches,Embroidery,CREATE,,9.0 inch - 701+,,5.00,new
custom-soccer-patches,Embroidery,CREATE,,10.0 inch - 701+,,5.50,new
custom-soccer-patches,Embroidery,CREATE,,11.0 inch - 701+,,6.00,new
custom-soccer-patches,Embroidery,CREATE,,12.0 inch - 701+,,7.00,new
custom-soccer-patches,Embroidery,CREATE,,13.0 inch - 701+,,8.20,new
custom-soccer-patches,Embroidery,CREATE,,14.0 inch - 701+,,9.00,new
custom-soccer-patches,Embroidery,CREATE,,15.0 inch - 701+,,10.00,new
custom-soccer-patches,Embroidery,CREATE,,16.0 inch - 701+,,12.00,new
american-flag-patches,Embroidery,UPDATE,1.0 inch - 10,1.0 inch - 10-15,6.99,6.99,+0%
american-flag-patches,Embroidery,UPDATE,1.5 inch - 10,1.5 inch - 10-15,6.99,6.99,+0%
american-flag-patches,Embroidery,UPDATE,2.0 inch - 10,2.0 inch - 10-15,6.99,6.99,+0%
american-flag-patches,Embroidery,UPDATE,2.5 inch - 10,2.5 inch - 10-15,6.99,6.99,+0%
american-flag-patches,Embroidery,UPDATE,3.0 inch - 10,3.0 inch - 10-15,7.99,7.99,+0%
american-flag-patches,Embroidery,UPDATE,3.5 inch - 10,3.5 inch - 10-15,7.99,7.99,+0%
american-flag-patches,Embroidery,UPDATE,4.0 inch - 10,4.0 inch - 10-15,7.99,7.99,+0%
american-flag-patches,Embroidery,UPDATE,4.5 inch - 10,4.5 inch - 10-15,8.99,8.99,+0%
american-flag-patches,Embroidery,UPDATE,5.0 inch - 10,5.0 inch - 10-15,10.00,10.00,+0%
american-flag-patches,Embroidery,UPDATE,6.0 inch - 10,6.0 inch - 10-15,11.00,11.00,+0%
american-flag-patches,Embroidery,UPDATE,7.0 inch - 10,7.0 inch - 10-15,12.00,12.00,+0%
american-flag-patches,Embroidery,UPDATE,8.0 inch - 10,8.0 inch - 10-15,14.00,14.00,+0%
american-flag-patches,Embroidery,UPDATE,9.0 inch - 10,9.0 inch - 10-15,16.00,16.00,+0%
american-flag-patches,Embroidery,UPDATE,10.0 inch - 10,10.0 inch - 10-15,18.00,18.00,+0%
american-flag-patches,Embroidery,UPDATE,11.0 inch - 10,11.0 inch - 10-15,20.00,20.00,+0%
american-flag-patches,Embroidery,UPDATE,12.0 inch - 10,12.0 inch - 10-15,22.00,22.00,+0%
american-flag-patches,Embroidery,UPDATE,13.0 inch - 10,13.0 inch - 10-15,23.00,23.00,+0%
american-flag-patches,Embroidery,UPDATE,14.0 inch - 10,14.0 inch - 10-15,24.20,24.20,+0%
american-flag-patches,Embroidery,UPDATE,15.0 inch - 10,15.0 inch - 10-15,25.40,25.40,+0%
american-flag-patches,Embroidery,UPDATE,16.0 inch - 10,16.0 inch - 10-15,26.60,26.60,+0%
american-flag-patches,Embroidery,UPDATE,1.0 inch - 11-25,1.0 inch - 16-25,6.36,3.75,-41%
american-flag-patches,Embroidery,UPDATE,1.5 inch - 11-25,1.5 inch - 16-25,6.36,3.80,-40%
american-flag-patches,Embroidery,UPDATE,2.0 inch - 11-25,2.0 inch - 16-25,6.36,3.95,-38%
american-flag-patches,Embroidery,UPDATE,2.5 inch - 11-25,2.5 inch - 16-25,6.36,4.50,-29%
american-flag-patches,Embroidery,UPDATE,3.0 inch - 11-25,3.0 inch - 16-25,6.36,5.00,-21%
american-flag-patches,Embroidery,UPDATE,3.5 inch - 11-25,3.5 inch - 16-25,6.36,5.20,-18%
american-flag-patches,Embroidery,UPDATE,4.0 inch - 11-25,4.0 inch - 16-25,6.36,5.80,-9%
american-flag-patches,Embroidery,UPDATE,4.5 inch - 11-25,4.5 inch - 16-25,6.36,6.00,-6%
american-flag-patches,Embroidery,UPDATE,5.0 inch - 11-25,5.0 inch - 16-25,7.20,7.20,+0%
american-flag-patches,Embroidery,UPDATE,6.0 inch - 11-25,6.0 inch - 16-25,7.30,7.30,+0%
american-flag-patches,Embroidery,UPDATE,7.0 inch - 11-25,7.0 inch - 16-25,9.00,9.00,+0%
american-flag-patches,Embroidery,UPDATE,8.0 inch - 11-25,8.0 inch - 16-25,11.00,11.00,+0%
american-flag-patches,Embroidery,UPDATE,9.0 inch - 11-25,9.0 inch - 16-25,13.00,13.00,+0%
american-flag-patches,Embroidery,UPDATE,10.0 inch - 11-25,10.0 inch - 16-25,16.00,16.00,+0%
american-flag-patches,Embroidery,UPDATE,11.0 inch - 11-25,11.0 inch - 16-25,18.00,18.00,+0%
american-flag-patches,Embroidery,UPDATE,12.0 inch - 11-25,12.0 inch - 16-25,20.00,20.00,+0%
american-flag-patches,Embroidery,UPDATE,13.0 inch - 11-25,13.0 inch - 16-25,21.00,21.00,+0%
american-flag-patches,Embroidery,UPDATE,14.0 inch - 11-25,14.0 inch - 16-25,22.50,22.50,+0%
american-flag-patches,Embroidery,UPDATE,15.0 inch - 11-25,15.0 inch - 16-25,23.70,23.70,+0%
american-flag-patches,Embroidery,UPDATE,16.0 inch - 11-25,16.0 inch - 16-25,24.80,24.80,+0%
american-flag-patches,Embroidery,UPDATE,1.0 inch - 26-50,1.0 inch - 26-50,3.75,3.75,+0%
american-flag-patches,Embroidery,UPDATE,1.5 inch - 26-50,1.5 inch - 26-50,3.75,3.75,+0%
american-flag-patches,Embroidery,UPDATE,2.0 inch - 26-50,2.0 inch - 26-50,3.75,3.75,+0%
american-flag-patches,Embroidery,UPDATE,2.5 inch - 26-50,2.5 inch - 26-50,3.75,3.75,+0%
american-flag-patches,Embroidery,UPDATE,3.0 inch - 26-50,3.0 inch - 26-50,3.75,3.75,+0%
american-flag-patches,Embroidery,UPDATE,3.5 inch - 26-50,3.5 inch - 26-50,3.80,3.80,+0%
american-flag-patches,Embroidery,UPDATE,4.0 inch - 26-50,4.0 inch - 26-50,3.80,3.80,+0%
american-flag-patches,Embroidery,UPDATE,4.5 inch - 26-50,4.5 inch - 26-50,4.00,4.00,+0%
american-flag-patches,Embroidery,UPDATE,5.0 inch - 26-50,5.0 inch - 26-50,4.50,4.50,+0%
american-flag-patches,Embroidery,UPDATE,6.0 inch - 26-50,6.0 inch - 26-50,6.00,6.00,+0%
american-flag-patches,Embroidery,UPDATE,7.0 inch - 26-50,7.0 inch - 26-50,8.00,8.00,+0%
american-flag-patches,Embroidery,UPDATE,8.0 inch - 26-50,8.0 inch - 26-50,10.00,10.00,+0%
american-flag-patches,Embroidery,UPDATE,9.0 inch - 26-50,9.0 inch - 26-50,12.00,12.00,+0%
american-flag-patches,Embroidery,UPDATE,10.0 inch - 26-50,10.0 inch - 26-50,15.00,15.00,+0%
american-flag-patches,Embroidery,UPDATE,11.0 inch - 26-50,11.0 inch - 26-50,16.00,16.00,+0%
american-flag-patches,Embroidery,UPDATE,12.0 inch - 26-50,12.0 inch - 26-50,18.00,18.00,+0%
american-flag-patches,Embroidery,UPDATE,13.0 inch - 26-50,13.0 inch - 26-50,19.00,19.00,+0%
american-flag-patches,Embroidery,UPDATE,14.0 inch - 26-50,14.0 inch - 26-50,20.20,20.20,+0%
american-flag-patches,Embroidery,UPDATE,15.0 inch - 26-50,15.0 inch - 26-50,21.40,21.40,+0%
american-flag-patches,Embroidery,UPDATE,16.0 inch - 26-50,16.0 inch - 26-50,22.70,22.70,+0%
american-flag-patches,Embroidery,UPDATE,1.0 inch - 51-100,1.0 inch - 51-100,2.40,2.40,+0%
american-flag-patches,Embroidery,UPDATE,1.5 inch - 51-100,1.5 inch - 51-100,2.40,2.40,+0%
american-flag-patches,Embroidery,UPDATE,2.0 inch - 51-100,2.0 inch - 51-100,2.40,2.40,+0%
american-flag-patches,Embroidery,UPDATE,2.5 inch - 51-100,2.5 inch - 51-100,2.40,2.20,-8%
american-flag-patches,Embroidery,UPDATE,3.0 inch - 51-100,3.0 inch - 51-100,2.40,2.14,-11%
american-flag-patches,Embroidery,UPDATE,3.5 inch - 51-100,3.5 inch - 51-100,2.50,2.50,+0%
american-flag-patches,Embroidery,UPDATE,4.0 inch - 51-100,4.0 inch - 51-100,2.86,2.86,+0%
american-flag-patches,Embroidery,UPDATE,4.5 inch - 51-100,4.5 inch - 51-100,3.21,3.21,+0%
american-flag-patches,Embroidery,UPDATE,5.0 inch - 51-100,5.0 inch - 51-100,3.58,3.58,+0%
american-flag-patches,Embroidery,UPDATE,6.0 inch - 51-100,6.0 inch - 51-100,4.29,4.29,+0%
american-flag-patches,Embroidery,UPDATE,7.0 inch - 51-100,7.0 inch - 51-100,5.01,5.01,+0%
american-flag-patches,Embroidery,UPDATE,8.0 inch - 51-100,8.0 inch - 51-100,5.72,5.72,+0%
american-flag-patches,Embroidery,UPDATE,9.0 inch - 51-100,9.0 inch - 51-100,6.43,6.43,+0%
american-flag-patches,Embroidery,UPDATE,10.0 inch - 51-100,10.0 inch - 51-100,7.15,7.15,+0%
american-flag-patches,Embroidery,UPDATE,11.0 inch - 51-100,11.0 inch - 51-100,7.87,7.87,+0%
american-flag-patches,Embroidery,UPDATE,12.0 inch - 51-100,12.0 inch - 51-100,8.59,8.59,+0%
american-flag-patches,Embroidery,UPDATE,13.0 inch - 51-100,13.0 inch - 51-100,10.20,10.20,+0%
american-flag-patches,Embroidery,UPDATE,14.0 inch - 51-100,14.0 inch - 51-100,11.40,11.40,+0%
american-flag-patches,Embroidery,UPDATE,15.0 inch - 51-100,15.0 inch - 51-100,12.80,12.80,+0%
american-flag-patches,Embroidery,UPDATE,16.0 inch - 51-100,16.0 inch - 51-100,13.90,13.90,+0%
american-flag-patches,Embroidery,UPDATE,1.0 inch - 101-199,1.0 inch - 101-200,0.70,2.20,+214%
american-flag-patches,Embroidery,UPDATE,1.5 inch - 101-199,1.5 inch - 101-200,0.79,2.20,+178%
american-flag-patches,Embroidery,UPDATE,2.0 inch - 101-199,2.0 inch - 101-200,1.06,2.20,+108%
american-flag-patches,Embroidery,UPDATE,2.5 inch - 101-199,2.5 inch - 101-200,1.33,2.05,+54%
american-flag-patches,Embroidery,UPDATE,3.0 inch - 101-199,3.0 inch - 101-200,1.59,1.98,+25%
american-flag-patches,Embroidery,UPDATE,3.5 inch - 101-199,3.5 inch - 101-200,1.86,2.20,+18%
american-flag-patches,Embroidery,UPDATE,4.0 inch - 101-199,4.0 inch - 101-200,2.11,2.50,+18%
american-flag-patches,Embroidery,UPDATE,4.5 inch - 101-199,4.5 inch - 101-200,2.38,3.00,+26%
american-flag-patches,Embroidery,UPDATE,5.0 inch - 101-199,5.0 inch - 101-200,2.64,3.30,+25%
american-flag-patches,Embroidery,UPDATE,6.0 inch - 101-199,6.0 inch - 101-200,3.18,4.05,+27%
american-flag-patches,Embroidery,UPDATE,7.0 inch - 101-199,7.0 inch - 101-200,3.71,4.80,+29%
american-flag-patches,Embroidery,UPDATE,8.0 inch - 101-199,8.0 inch - 101-200,4.23,5.40,+28%
american-flag-patches,Embroidery,UPDATE,9.0 inch - 101-199,9.0 inch - 101-200,4.76,6.10,+28%
american-flag-patches,Embroidery,UPDATE,10.0 inch - 101-199,10.0 inch - 101-200,5.30,6.90,+30%
american-flag-patches,Embroidery,UPDATE,11.0 inch - 101-199,11.0 inch - 101-200,5.82,7.40,+27%
american-flag-patches,Embroidery,UPDATE,12.0 inch - 101-199,12.0 inch - 101-200,6.35,8.30,+31%
american-flag-patches,Embroidery,UPDATE,13.0 inch - 101-199,13.0 inch - 101-200,7.50,9.90,+32%
american-flag-patches,Embroidery,UPDATE,14.0 inch - 101-199,14.0 inch - 101-200,8.80,11.05,+26%
american-flag-patches,Embroidery,UPDATE,15.0 inch - 101-199,15.0 inch - 101-200,9.95,12.20,+23%
american-flag-patches,Embroidery,UPDATE,16.0 inch - 101-199,16.0 inch - 101-200,10.95,13.30,+21%
american-flag-patches,Embroidery,UPDATE,1.0 inch - 200-499,1.0 inch - 201-300,0.38,1.80,+374%
american-flag-patches,Embroidery,UPDATE,1.5 inch - 200-499,1.5 inch - 201-300,0.56,1.80,+221%
american-flag-patches,Embroidery,UPDATE,2.0 inch - 200-499,2.0 inch - 201-300,0.71,1.80,+154%
american-flag-patches,Embroidery,UPDATE,2.5 inch - 200-499,2.5 inch - 201-300,0.94,1.80,+91%
american-flag-patches,Embroidery,UPDATE,3.0 inch - 200-499,3.0 inch - 201-300,1.11,1.50,+35%
american-flag-patches,Embroidery,UPDATE,3.5 inch - 200-499,3.5 inch - 201-300,1.30,1.80,+38%
american-flag-patches,Embroidery,UPDATE,4.0 inch - 200-499,4.0 inch - 201-300,1.49,2.00,+34%
american-flag-patches,Embroidery,UPDATE,4.5 inch - 200-499,4.5 inch - 201-300,1.68,2.55,+52%
american-flag-patches,Embroidery,UPDATE,5.0 inch - 200-499,5.0 inch - 201-300,1.86,3.00,+61%
american-flag-patches,Embroidery,UPDATE,6.0 inch - 200-499,6.0 inch - 201-300,2.24,3.80,+70%
american-flag-patches,Embroidery,UPDATE,7.0 inch - 200-499,7.0 inch - 201-300,2.60,4.50,+73%
american-flag-patches,Embroidery,UPDATE,8.0 inch - 200-499,8.0 inch - 201-300,2.98,5.10,+71%
american-flag-patches,Embroidery,UPDATE,9.0 inch - 200-499,9.0 inch - 201-300,3.34,5.90,+77%
american-flag-patches,Embroidery,UPDATE,10.0 inch - 200-499,10.0 inch - 201-300,3.72,6.50,+75%
american-flag-patches,Embroidery,UPDATE,11.0 inch - 200-499,11.0 inch - 201-300,4.09,7.10,+74%
american-flag-patches,Embroidery,UPDATE,12.0 inch - 200-499,12.0 inch - 201-300,4.47,8.00,+79%
american-flag-patches,Embroidery,UPDATE,13.0 inch - 200-499,13.0 inch - 201-300,5.60,9.60,+71%
american-flag-patches,Embroidery,UPDATE,14.0 inch - 200-499,14.0 inch - 201-300,6.75,10.80,+60%
american-flag-patches,Embroidery,UPDATE,15.0 inch - 200-499,15.0 inch - 201-300,7.80,12.00,+54%
american-flag-patches,Embroidery,UPDATE,16.0 inch - 200-499,16.0 inch - 201-300,8.85,13.00,+47%
american-flag-patches,Embroidery,UPDATE,1.0 inch - 500-999,1.0 inch - 301-400,0.27,1.60,+493%
american-flag-patches,Embroidery,UPDATE,1.5 inch - 500-999,1.5 inch - 301-400,0.41,1.60,+290%
american-flag-patches,Embroidery,UPDATE,2.0 inch - 500-999,2.0 inch - 301-400,0.54,1.60,+196%
american-flag-patches,Embroidery,UPDATE,2.5 inch - 500-999,2.5 inch - 301-400,0.68,1.60,+135%
american-flag-patches,Embroidery,UPDATE,3.0 inch - 500-999,3.0 inch - 301-400,0.81,1.20,+48%
american-flag-patches,Embroidery,UPDATE,3.5 inch - 500-999,3.5 inch - 301-400,0.94,1.60,+70%
american-flag-patches,Embroidery,UPDATE,4.0 inch - 500-999,4.0 inch - 301-400,1.09,1.80,+65%
american-flag-patches,Embroidery,UPDATE,4.5 inch - 500-999,4.5 inch - 301-400,1.22,2.45,+101%
american-flag-patches,Embroidery,UPDATE,5.0 inch - 500-999,5.0 inch - 301-400,1.36,2.80,+106%
american-flag-patches,Embroidery,UPDATE,6.0 inch - 500-999,6.0 inch - 301-400,1.64,3.60,+120%
american-flag-patches,Embroidery,UPDATE,7.0 inch - 500-999,7.0 inch - 301-400,1.90,4.30,+126%
american-flag-patches,Embroidery,UPDATE,8.0 inch - 500-999,8.0 inch - 301-400,2.17,4.80,+121%
american-flag-patches,Embroidery,UPDATE,9.0 inch - 500-999,9.0 inch - 301-400,2.45,5.70,+133%
american-flag-patches,Embroidery,UPDATE,10.0 inch - 500-999,10.0 inch - 301-400,2.72,6.30,+132%
american-flag-patches,Embroidery,UPDATE,11.0 inch - 500-999,11.0 inch - 301-400,2.99,6.80,+127%
american-flag-patches,Embroidery,UPDATE,12.0 inch - 500-999,12.0 inch - 301-400,3.26,7.80,+139%
american-flag-patches,Embroidery,UPDATE,13.0 inch - 500-999,13.0 inch - 301-400,4.30,9.30,+116%
american-flag-patches,Embroidery,UPDATE,14.0 inch - 500-999,14.0 inch - 301-400,5.45,10.40,+91%
american-flag-patches,Embroidery,UPDATE,15.0 inch - 500-999,15.0 inch - 301-400,6.80,11.80,+74%
american-flag-patches,Embroidery,UPDATE,16.0 inch - 500-999,16.0 inch - 301-400,7.95,12.80,+61%
american-flag-patches,Embroidery,UPDATE,1.0 inch - 1000+,1.0 inch - 401-500,0.25,1.40,+460%
american-flag-patches,Embroidery,UPDATE,1.5 inch - 1000+,1.5 inch - 401-500,0.37,1.40,+278%
american-flag-patches,Embroidery,UPDATE,2.0 inch - 1000+,2.0 inch - 401-500,0.49,1.40,+186%
american-flag-patches,Embroidery,UPDATE,2.5 inch - 1000+,2.5 inch - 401-500,0.61,1.40,+130%
american-flag-patches,Embroidery,UPDATE,3.0 inch - 1000+,3.0 inch - 401-500,0.73,1.00,+37%
american-flag-patches,Embroidery,UPDATE,3.5 inch - 1000+,3.5 inch - 401-500,0.84,1.40,+67%
american-flag-patches,Embroidery,UPDATE,4.0 inch - 1000+,4.0 inch - 401-500,0.98,1.60,+63%
american-flag-patches,Embroidery,UPDATE,4.5 inch - 1000+,4.5 inch - 401-500,1.11,2.25,+103%
american-flag-patches,Embroidery,UPDATE,5.0 inch - 1000+,5.0 inch - 401-500,1.21,2.60,+115%
american-flag-patches,Embroidery,UPDATE,6.0 inch - 1000+,6.0 inch - 401-500,1.46,3.40,+133%
american-flag-patches,Embroidery,UPDATE,7.0 inch - 1000+,7.0 inch - 401-500,1.70,4.10,+141%
american-flag-patches,Embroidery,UPDATE,8.0 inch - 1000+,8.0 inch - 401-500,1.96,4.60,+135%
american-flag-patches,Embroidery,UPDATE,9.0 inch - 1000+,9.0 inch - 401-500,2.19,5.50,+151%
american-flag-patches,Embroidery,UPDATE,10.0 inch - 1000+,10.0 inch - 401-500,2.43,6.10,+151%
american-flag-patches,Embroidery,UPDATE,11.0 inch - 1000+,11.0 inch - 401-500,2.67,6.50,+143%
american-flag-patches,Embroidery,UPDATE,12.0 inch - 1000+,12.0 inch - 401-500,2.92,7.60,+160%
american-flag-patches,Embroidery,UPDATE,13.0 inch - 1000+,13.0 inch - 401-500,3.98,9.10,+129%
american-flag-patches,Embroidery,UPDATE,14.0 inch - 1000+,14.0 inch - 401-500,5.10,10.20,+100%
american-flag-patches,Embroidery,UPDATE,15.0 inch - 1000+,15.0 inch - 401-500,6.40,11.50,+80%
american-flag-patches,Embroidery,UPDATE,16.0 inch - 1000+,16.0 inch - 401-500,7.60,12.40,+63%
american-flag-patches,Embroidery,CREATE,,1.0 inch - 501-700,,1.20,new
american-flag-patches,Embroidery,CREATE,,1.5 inch - 501-700,,1.20,new
american-flag-patches,Embroidery,CREATE,,2.0 inch - 501-700,,1.20,new
american-flag-patches,Embroidery,CREATE,,2.5 inch - 501-700,,1.20,new
american-flag-patches,Embroidery,CREATE,,3.0 inch - 501-700,,0.81,new
american-flag-patches,Embroidery,CREATE,,3.5 inch - 501-700,,1.05,new
american-flag-patches,Embroidery,CREATE,,4.0 inch - 501-700,,1.30,new
american-flag-patches,Embroidery,CREATE,,4.5 inch - 501-700,,2.00,new
american-flag-patches,Embroidery,CREATE,,5.0 inch - 501-700,,2.40,new
american-flag-patches,Embroidery,CREATE,,6.0 inch - 501-700,,3.10,new
american-flag-patches,Embroidery,CREATE,,7.0 inch - 501-700,,4.00,new
american-flag-patches,Embroidery,CREATE,,8.0 inch - 501-700,,4.30,new
american-flag-patches,Embroidery,CREATE,,9.0 inch - 501-700,,5.20,new
american-flag-patches,Embroidery,CREATE,,10.0 inch - 501-700,,5.80,new
american-flag-patches,Embroidery,CREATE,,11.0 inch - 501-700,,6.20,new
american-flag-patches,Embroidery,CREATE,,12.0 inch - 501-700,,7.30,new
american-flag-patches,Embroidery,CREATE,,13.0 inch - 501-700,,8.50,new
american-flag-patches,Embroidery,CREATE,,14.0 inch - 501-700,,9.50,new
american-flag-patches,Embroidery,CREATE,,15.0 inch - 501-700,,10.80,new
american-flag-patches,Embroidery,CREATE,,16.0 inch - 501-700,,12.00,new
american-flag-patches,Embroidery,CREATE,,1.0 inch - 701+,,0.95,new
american-flag-patches,Embroidery,CREATE,,1.5 inch - 701+,,0.95,new
american-flag-patches,Embroidery,CREATE,,2.0 inch - 701+,,0.95,new
american-flag-patches,Embroidery,CREATE,,2.5 inch - 701+,,0.95,new
american-flag-patches,Embroidery,CREATE,,3.0 inch - 701+,,0.75,new
american-flag-patches,Embroidery,CREATE,,3.5 inch - 701+,,1.00,new
american-flag-patches,Embroidery,CREATE,,4.0 inch - 701+,,1.10,new
american-flag-patches,Embroidery,CREATE,,4.5 inch - 701+,,1.80,new
american-flag-patches,Embroidery,CREATE,,5.0 inch - 701+,,2.20,new
american-flag-patches,Embroidery,CREATE,,6.0 inch - 701+,,2.80,new
american-flag-patches,Embroidery,CREATE,,7.0 inch - 701+,,3.80,new
american-flag-patches,Embroidery,CREATE,,8.0 inch - 701+,,4.00,new
american-flag-patches,Embroidery,CREATE,,9.0 inch - 701+,,5.00,new
american-flag-patches,Embroidery,CREATE,,10.0 inch - 701+,,5.50,new
american-flag-patches,Embroidery,CREATE,,11.0 inch - 701+,,6.00,new
american-flag-patches,Embroidery,CREATE,,12.0 inch - 701+,,7.00,new
american-flag-patches,Embroidery,CREATE,,13.0 inch - 701+,,8.20,new
american-flag-patches,Embroidery,CREATE,,14.0 inch - 701+,,9.00,new
american-flag-patches,Embroidery,CREATE,,15.0 inch - 701+,,10.00,new
american-flag-patches,Embroidery,CREATE,,16.0 inch - 701+,,12.00,new
velcro-hat-patches,Embroidery,CREATE,,1.0 inch - 10-15,,6.99,new
velcro-hat-patches,Embroidery,CREATE,,1.5 inch - 10-15,,6.99,new
velcro-hat-patches,Embroidery,UPDATE,2.0 inch - 10,2.0 inch - 10-15,6.99,6.99,+0%
velcro-hat-patches,Embroidery,UPDATE,2.5 inch - 10,2.5 inch - 10-15,6.99,6.99,+0%
velcro-hat-patches,Embroidery,UPDATE,3.0 inch - 10,3.0 inch - 10-15,7.99,7.99,+0%
velcro-hat-patches,Embroidery,UPDATE,3.5 inch - 10,3.5 inch - 10-15,7.99,7.99,+0%
velcro-hat-patches,Embroidery,UPDATE,4.0 inch - 10,4.0 inch - 10-15,7.99,7.99,+0%
velcro-hat-patches,Embroidery,CREATE,,4.5 inch - 10-15,,8.99,new
velcro-hat-patches,Embroidery,CREATE,,5.0 inch - 10-15,,10.00,new
velcro-hat-patches,Embroidery,CREATE,,6.0 inch - 10-15,,11.00,new
velcro-hat-patches,Embroidery,CREATE,,7.0 inch - 10-15,,12.00,new
velcro-hat-patches,Embroidery,CREATE,,8.0 inch - 10-15,,14.00,new
velcro-hat-patches,Embroidery,CREATE,,9.0 inch - 10-15,,16.00,new
velcro-hat-patches,Embroidery,CREATE,,10.0 inch - 10-15,,18.00,new
velcro-hat-patches,Embroidery,CREATE,,11.0 inch - 10-15,,20.00,new
velcro-hat-patches,Embroidery,CREATE,,12.0 inch - 10-15,,22.00,new
velcro-hat-patches,Embroidery,CREATE,,13.0 inch - 10-15,,23.00,new
velcro-hat-patches,Embroidery,CREATE,,14.0 inch - 10-15,,24.20,new
velcro-hat-patches,Embroidery,CREATE,,15.0 inch - 10-15,,25.40,new
velcro-hat-patches,Embroidery,CREATE,,16.0 inch - 10-15,,26.60,new
velcro-hat-patches,Embroidery,CREATE,,1.0 inch - 16-25,,3.75,new
velcro-hat-patches,Embroidery,CREATE,,1.5 inch - 16-25,,3.80,new
velcro-hat-patches,Embroidery,UPDATE,2.0 inch - 11-25,2.0 inch - 16-25,6.36,3.95,-38%
velcro-hat-patches,Embroidery,UPDATE,2.5 inch - 11-25,2.5 inch - 16-25,6.36,4.50,-29%
velcro-hat-patches,Embroidery,UPDATE,3.0 inch - 11-25,3.0 inch - 16-25,6.36,5.00,-21%
velcro-hat-patches,Embroidery,UPDATE,3.5 inch - 11-25,3.5 inch - 16-25,6.36,5.20,-18%
velcro-hat-patches,Embroidery,UPDATE,4.0 inch - 11-25,4.0 inch - 16-25,6.36,5.80,-9%
velcro-hat-patches,Embroidery,CREATE,,4.5 inch - 16-25,,6.00,new
velcro-hat-patches,Embroidery,CREATE,,5.0 inch - 16-25,,7.20,new
velcro-hat-patches,Embroidery,CREATE,,6.0 inch - 16-25,,7.30,new
velcro-hat-patches,Embroidery,CREATE,,7.0 inch - 16-25,,9.00,new
velcro-hat-patches,Embroidery,CREATE,,8.0 inch - 16-25,,11.00,new
velcro-hat-patches,Embroidery,CREATE,,9.0 inch - 16-25,,13.00,new
velcro-hat-patches,Embroidery,CREATE,,10.0 inch - 16-25,,16.00,new
velcro-hat-patches,Embroidery,CREATE,,11.0 inch - 16-25,,18.00,new
velcro-hat-patches,Embroidery,CREATE,,12.0 inch - 16-25,,20.00,new
velcro-hat-patches,Embroidery,CREATE,,13.0 inch - 16-25,,21.00,new
velcro-hat-patches,Embroidery,CREATE,,14.0 inch - 16-25,,22.50,new
velcro-hat-patches,Embroidery,CREATE,,15.0 inch - 16-25,,23.70,new
velcro-hat-patches,Embroidery,CREATE,,16.0 inch - 16-25,,24.80,new
velcro-hat-patches,Embroidery,CREATE,,1.0 inch - 26-50,,3.75,new
velcro-hat-patches,Embroidery,CREATE,,1.5 inch - 26-50,,3.75,new
velcro-hat-patches,Embroidery,UPDATE,2.0 inch - 26-50,2.0 inch - 26-50,3.75,3.75,+0%
velcro-hat-patches,Embroidery,UPDATE,2.5 inch - 26-50,2.5 inch - 26-50,3.75,3.75,+0%
velcro-hat-patches,Embroidery,UPDATE,3.0 inch - 26-50,3.0 inch - 26-50,3.75,3.75,+0%
velcro-hat-patches,Embroidery,UPDATE,3.5 inch - 26-50,3.5 inch - 26-50,3.80,3.80,+0%
velcro-hat-patches,Embroidery,UPDATE,4.0 inch - 26-50,4.0 inch - 26-50,3.80,3.80,+0%
velcro-hat-patches,Embroidery,CREATE,,4.5 inch - 26-50,,4.00,new
velcro-hat-patches,Embroidery,CREATE,,5.0 inch - 26-50,,4.50,new
velcro-hat-patches,Embroidery,CREATE,,6.0 inch - 26-50,,6.00,new
velcro-hat-patches,Embroidery,CREATE,,7.0 inch - 26-50,,8.00,new
velcro-hat-patches,Embroidery,CREATE,,8.0 inch - 26-50,,10.00,new
velcro-hat-patches,Embroidery,CREATE,,9.0 inch - 26-50,,12.00,new
velcro-hat-patches,Embroidery,CREATE,,10.0 inch - 26-50,,15.00,new
velcro-hat-patches,Embroidery,CREATE,,11.0 inch - 26-50,,16.00,new
velcro-hat-patches,Embroidery,CREATE,,12.0 inch - 26-50,,18.00,new
velcro-hat-patches,Embroidery,CREATE,,13.0 inch - 26-50,,19.00,new
velcro-hat-patches,Embroidery,CREATE,,14.0 inch - 26-50,,20.20,new
velcro-hat-patches,Embroidery,CREATE,,15.0 inch - 26-50,,21.40,new
velcro-hat-patches,Embroidery,CREATE,,16.0 inch - 26-50,,22.70,new
velcro-hat-patches,Embroidery,CREATE,,1.0 inch - 51-100,,2.40,new
velcro-hat-patches,Embroidery,CREATE,,1.5 inch - 51-100,,2.40,new
velcro-hat-patches,Embroidery,UPDATE,2.0 inch - 51-100,2.0 inch - 51-100,2.40,2.40,+0%
velcro-hat-patches,Embroidery,UPDATE,2.5 inch - 51-100,2.5 inch - 51-100,2.40,2.20,-8%
velcro-hat-patches,Embroidery,UPDATE,3.0 inch - 51-100,3.0 inch - 51-100,2.40,2.14,-11%
velcro-hat-patches,Embroidery,UPDATE,3.5 inch - 51-100,3.5 inch - 51-100,2.50,2.50,+0%
velcro-hat-patches,Embroidery,UPDATE,4.0 inch - 51-100,4.0 inch - 51-100,2.86,2.86,+0%
velcro-hat-patches,Embroidery,CREATE,,4.5 inch - 51-100,,3.21,new
velcro-hat-patches,Embroidery,CREATE,,5.0 inch - 51-100,,3.58,new
velcro-hat-patches,Embroidery,CREATE,,6.0 inch - 51-100,,4.29,new
velcro-hat-patches,Embroidery,CREATE,,7.0 inch - 51-100,,5.01,new
velcro-hat-patches,Embroidery,CREATE,,8.0 inch - 51-100,,5.72,new
velcro-hat-patches,Embroidery,CREATE,,9.0 inch - 51-100,,6.43,new
velcro-hat-patches,Embroidery,CREATE,,10.0 inch - 51-100,,7.15,new
velcro-hat-patches,Embroidery,CREATE,,11.0 inch - 51-100,,7.87,new
velcro-hat-patches,Embroidery,CREATE,,12.0 inch - 51-100,,8.59,new
velcro-hat-patches,Embroidery,CREATE,,13.0 inch - 51-100,,10.20,new
velcro-hat-patches,Embroidery,CREATE,,14.0 inch - 51-100,,11.40,new
velcro-hat-patches,Embroidery,CREATE,,15.0 inch - 51-100,,12.80,new
velcro-hat-patches,Embroidery,CREATE,,16.0 inch - 51-100,,13.90,new
velcro-hat-patches,Embroidery,CREATE,,1.0 inch - 101-200,,2.20,new
velcro-hat-patches,Embroidery,CREATE,,1.5 inch - 101-200,,2.20,new
velcro-hat-patches,Embroidery,UPDATE,2.0 inch - 101-199,2.0 inch - 101-200,1.06,2.20,+108%
velcro-hat-patches,Embroidery,UPDATE,2.5 inch - 101-199,2.5 inch - 101-200,1.33,2.05,+54%
velcro-hat-patches,Embroidery,UPDATE,3.0 inch - 101-199,3.0 inch - 101-200,1.59,1.98,+25%
velcro-hat-patches,Embroidery,UPDATE,3.5 inch - 101-199,3.5 inch - 101-200,1.86,2.20,+18%
velcro-hat-patches,Embroidery,UPDATE,4.0 inch - 101-199,4.0 inch - 101-200,2.11,2.50,+18%
velcro-hat-patches,Embroidery,CREATE,,4.5 inch - 101-200,,3.00,new
velcro-hat-patches,Embroidery,CREATE,,5.0 inch - 101-200,,3.30,new
velcro-hat-patches,Embroidery,CREATE,,6.0 inch - 101-200,,4.05,new
velcro-hat-patches,Embroidery,CREATE,,7.0 inch - 101-200,,4.80,new
velcro-hat-patches,Embroidery,CREATE,,8.0 inch - 101-200,,5.40,new
velcro-hat-patches,Embroidery,CREATE,,9.0 inch - 101-200,,6.10,new
velcro-hat-patches,Embroidery,CREATE,,10.0 inch - 101-200,,6.90,new
velcro-hat-patches,Embroidery,CREATE,,11.0 inch - 101-200,,7.40,new
velcro-hat-patches,Embroidery,CREATE,,12.0 inch - 101-200,,8.30,new
velcro-hat-patches,Embroidery,CREATE,,13.0 inch - 101-200,,9.90,new
velcro-hat-patches,Embroidery,CREATE,,14.0 inch - 101-200,,11.05,new
velcro-hat-patches,Embroidery,CREATE,,15.0 inch - 101-200,,12.20,new
velcro-hat-patches,Embroidery,CREATE,,16.0 inch - 101-200,,13.30,new
velcro-hat-patches,Embroidery,CREATE,,1.0 inch - 201-300,,1.80,new
velcro-hat-patches,Embroidery,CREATE,,1.5 inch - 201-300,,1.80,new
velcro-hat-patches,Embroidery,UPDATE,2.0 inch - 200-499,2.0 inch - 201-300,0.71,1.80,+154%
velcro-hat-patches,Embroidery,UPDATE,2.5 inch - 200-499,2.5 inch - 201-300,0.94,1.80,+91%
velcro-hat-patches,Embroidery,UPDATE,3.0 inch - 200-499,3.0 inch - 201-300,1.11,1.50,+35%
velcro-hat-patches,Embroidery,UPDATE,3.5 inch - 200-499,3.5 inch - 201-300,1.30,1.80,+38%
velcro-hat-patches,Embroidery,UPDATE,4.0 inch - 200-499,4.0 inch - 201-300,1.49,2.00,+34%
velcro-hat-patches,Embroidery,CREATE,,4.5 inch - 201-300,,2.55,new
velcro-hat-patches,Embroidery,CREATE,,5.0 inch - 201-300,,3.00,new
velcro-hat-patches,Embroidery,CREATE,,6.0 inch - 201-300,,3.80,new
velcro-hat-patches,Embroidery,CREATE,,7.0 inch - 201-300,,4.50,new
velcro-hat-patches,Embroidery,CREATE,,8.0 inch - 201-300,,5.10,new
velcro-hat-patches,Embroidery,CREATE,,9.0 inch - 201-300,,5.90,new
velcro-hat-patches,Embroidery,CREATE,,10.0 inch - 201-300,,6.50,new
velcro-hat-patches,Embroidery,CREATE,,11.0 inch - 201-300,,7.10,new
velcro-hat-patches,Embroidery,CREATE,,12.0 inch - 201-300,,8.00,new
velcro-hat-patches,Embroidery,CREATE,,13.0 inch - 201-300,,9.60,new
velcro-hat-patches,Embroidery,CREATE,,14.0 inch - 201-300,,10.80,new
velcro-hat-patches,Embroidery,CREATE,,15.0 inch - 201-300,,12.00,new
velcro-hat-patches,Embroidery,CREATE,,16.0 inch - 201-300,,13.00,new
velcro-hat-patches,Embroidery,CREATE,,1.0 inch - 301-400,,1.60,new
velcro-hat-patches,Embroidery,CREATE,,1.5 inch - 301-400,,1.60,new
velcro-hat-patches,Embroidery,UPDATE,2.0 inch - 500-999,2.0 inch - 301-400,0.54,1.60,+196%
velcro-hat-patches,Embroidery,UPDATE,2.5 inch - 500-999,2.5 inch - 301-400,0.68,1.60,+135%
velcro-hat-patches,Embroidery,UPDATE,3.0 inch - 500-999,3.0 inch - 301-400,0.81,1.20,+48%
velcro-hat-patches,Embroidery,UPDATE,3.5 inch - 500-999,3.5 inch - 301-400,0.94,1.60,+70%
velcro-hat-patches,Embroidery,UPDATE,4.0 inch - 500-999,4.0 inch - 301-400,1.09,1.80,+65%
velcro-hat-patches,Embroidery,CREATE,,4.5 inch - 301-400,,2.45,new
velcro-hat-patches,Embroidery,CREATE,,5.0 inch - 301-400,,2.80,new
velcro-hat-patches,Embroidery,CREATE,,6.0 inch - 301-400,,3.60,new
velcro-hat-patches,Embroidery,CREATE,,7.0 inch - 301-400,,4.30,new
velcro-hat-patches,Embroidery,CREATE,,8.0 inch - 301-400,,4.80,new
velcro-hat-patches,Embroidery,CREATE,,9.0 inch - 301-400,,5.70,new
velcro-hat-patches,Embroidery,CREATE,,10.0 inch - 301-400,,6.30,new
velcro-hat-patches,Embroidery,CREATE,,11.0 inch - 301-400,,6.80,new
velcro-hat-patches,Embroidery,CREATE,,12.0 inch - 301-400,,7.80,new
velcro-hat-patches,Embroidery,CREATE,,13.0 inch - 301-400,,9.30,new
velcro-hat-patches,Embroidery,CREATE,,14.0 inch - 301-400,,10.40,new
velcro-hat-patches,Embroidery,CREATE,,15.0 inch - 301-400,,11.80,new
velcro-hat-patches,Embroidery,CREATE,,16.0 inch - 301-400,,12.80,new
velcro-hat-patches,Embroidery,CREATE,,1.0 inch - 401-500,,1.40,new
velcro-hat-patches,Embroidery,CREATE,,1.5 inch - 401-500,,1.40,new
velcro-hat-patches,Embroidery,UPDATE,2.0 inch - 1000+,2.0 inch - 401-500,0.49,1.40,+186%
velcro-hat-patches,Embroidery,UPDATE,2.5 inch - 1000+,2.5 inch - 401-500,0.61,1.40,+130%
velcro-hat-patches,Embroidery,UPDATE,3.0 inch - 1000+,3.0 inch - 401-500,0.73,1.00,+37%
velcro-hat-patches,Embroidery,UPDATE,3.5 inch - 1000+,3.5 inch - 401-500,0.84,1.40,+67%
velcro-hat-patches,Embroidery,UPDATE,4.0 inch - 1000+,4.0 inch - 401-500,0.98,1.60,+63%
velcro-hat-patches,Embroidery,CREATE,,4.5 inch - 401-500,,2.25,new
velcro-hat-patches,Embroidery,CREATE,,5.0 inch - 401-500,,2.60,new
velcro-hat-patches,Embroidery,CREATE,,6.0 inch - 401-500,,3.40,new
velcro-hat-patches,Embroidery,CREATE,,7.0 inch - 401-500,,4.10,new
velcro-hat-patches,Embroidery,CREATE,,8.0 inch - 401-500,,4.60,new
velcro-hat-patches,Embroidery,CREATE,,9.0 inch - 401-500,,5.50,new
velcro-hat-patches,Embroidery,CREATE,,10.0 inch - 401-500,,6.10,new
velcro-hat-patches,Embroidery,CREATE,,11.0 inch - 401-500,,6.50,new
velcro-hat-patches,Embroidery,CREATE,,12.0 inch - 401-500,,7.60,new
velcro-hat-patches,Embroidery,CREATE,,13.0 inch - 401-500,,9.10,new
velcro-hat-patches,Embroidery,CREATE,,14.0 inch - 401-500,,10.20,new
velcro-hat-patches,Embroidery,CREATE,,15.0 inch - 401-500,,11.50,new
velcro-hat-patches,Embroidery,CREATE,,16.0 inch - 401-500,,12.40,new
velcro-hat-patches,Embroidery,CREATE,,1.0 inch - 501-700,,1.20,new
velcro-hat-patches,Embroidery,CREATE,,1.5 inch - 501-700,,1.20,new
velcro-hat-patches,Embroidery,CREATE,,2.0 inch - 501-700,,1.20,new
velcro-hat-patches,Embroidery,CREATE,,2.5 inch - 501-700,,1.20,new
velcro-hat-patches,Embroidery,CREATE,,3.0 inch - 501-700,,0.81,new
velcro-hat-patches,Embroidery,CREATE,,3.5 inch - 501-700,,1.05,new
velcro-hat-patches,Embroidery,CREATE,,4.0 inch - 501-700,,1.30,new
velcro-hat-patches,Embroidery,CREATE,,4.5 inch - 501-700,,2.00,new
velcro-hat-patches,Embroidery,CREATE,,5.0 inch - 501-700,,2.40,new
velcro-hat-patches,Embroidery,CREATE,,6.0 inch - 501-700,,3.10,new
velcro-hat-patches,Embroidery,CREATE,,7.0 inch - 501-700,,4.00,new
velcro-hat-patches,Embroidery,CREATE,,8.0 inch - 501-700,,4.30,new
velcro-hat-patches,Embroidery,CREATE,,9.0 inch - 501-700,,5.20,new
velcro-hat-patches,Embroidery,CREATE,,10.0 inch - 501-700,,5.80,new
velcro-hat-patches,Embroidery,CREATE,,11.0 inch - 501-700,,6.20,new
velcro-hat-patches,Embroidery,CREATE,,12.0 inch - 501-700,,7.30,new
velcro-hat-patches,Embroidery,CREATE,,13.0 inch - 501-700,,8.50,new
velcro-hat-patches,Embroidery,CREATE,,14.0 inch - 501-700,,9.50,new
velcro-hat-patches,Embroidery,CREATE,,15.0 inch - 501-700,,10.80,new
velcro-hat-patches,Embroidery,CREATE,,16.0 inch - 501-700,,12.00,new
velcro-hat-patches,Embroidery,CREATE,,1.0 inch - 701+,,0.95,new
velcro-hat-patches,Embroidery,CREATE,,1.5 inch - 701+,,0.95,new
velcro-hat-patches,Embroidery,CREATE,,2.0 inch - 701+,,0.95,new
velcro-hat-patches,Embroidery,CREATE,,2.5 inch - 701+,,0.95,new
velcro-hat-patches,Embroidery,CREATE,,3.0 inch - 701+,,0.75,new
velcro-hat-patches,Embroidery,CREATE,,3.5 inch - 701+,,1.00,new
velcro-hat-patches,Embroidery,CREATE,,4.0 inch - 701+,,1.10,new
velcro-hat-patches,Embroidery,CREATE,,4.5 inch - 701+,,1.80,new
velcro-hat-patches,Embroidery,CREATE,,5.0 inch - 701+,,2.20,new
velcro-hat-patches,Embroidery,CREATE,,6.0 inch - 701+,,2.80,new
velcro-hat-patches,Embroidery,CREATE,,7.0 inch - 701+,,3.80,new
velcro-hat-patches,Embroidery,CREATE,,8.0 inch - 701+,,4.00,new
velcro-hat-patches,Embroidery,CREATE,,9.0 inch - 701+,,5.00,new
velcro-hat-patches,Embroidery,CREATE,,10.0 inch - 701+,,5.50,new
velcro-hat-patches,Embroidery,CREATE,,11.0 inch - 701+,,6.00,new
velcro-hat-patches,Embroidery,CREATE,,12.0 inch - 701+,,7.00,new
velcro-hat-patches,Embroidery,CREATE,,13.0 inch - 701+,,8.20,new
velcro-hat-patches,Embroidery,CREATE,,14.0 inch - 701+,,9.00,new
velcro-hat-patches,Embroidery,CREATE,,15.0 inch - 701+,,10.00,new
velcro-hat-patches,Embroidery,CREATE,,16.0 inch - 701+,,12.00,new
designer-patches,Embroidery,UPDATE,1.0 inch - 10,1.0 inch - 10-15,6.99,6.99,+0%
designer-patches,Embroidery,UPDATE,1.5 inch - 10,1.5 inch - 10-15,6.99,6.99,+0%
designer-patches,Embroidery,UPDATE,2.0 inch - 10,2.0 inch - 10-15,6.99,6.99,+0%
designer-patches,Embroidery,UPDATE,2.5 inch - 10,2.5 inch - 10-15,6.99,6.99,+0%
designer-patches,Embroidery,UPDATE,3.0 inch - 10,3.0 inch - 10-15,7.99,7.99,+0%
designer-patches,Embroidery,UPDATE,3.5 inch - 10,3.5 inch - 10-15,7.99,7.99,+0%
designer-patches,Embroidery,UPDATE,4.0 inch - 10,4.0 inch - 10-15,7.99,7.99,+0%
designer-patches,Embroidery,UPDATE,4.5 inch - 10,4.5 inch - 10-15,8.99,8.99,+0%
designer-patches,Embroidery,UPDATE,5.0 inch - 10,5.0 inch - 10-15,10.00,10.00,+0%
designer-patches,Embroidery,UPDATE,6.0 inch - 10,6.0 inch - 10-15,11.00,11.00,+0%
designer-patches,Embroidery,UPDATE,7.0 inch - 10,7.0 inch - 10-15,12.00,12.00,+0%
designer-patches,Embroidery,UPDATE,8.0 inch - 10,8.0 inch - 10-15,14.00,14.00,+0%
designer-patches,Embroidery,UPDATE,9.0 inch - 10,9.0 inch - 10-15,16.00,16.00,+0%
designer-patches,Embroidery,UPDATE,10.0 inch - 10,10.0 inch - 10-15,18.00,18.00,+0%
designer-patches,Embroidery,UPDATE,11.0 inch - 10,11.0 inch - 10-15,20.00,20.00,+0%
designer-patches,Embroidery,UPDATE,12.0 inch - 10,12.0 inch - 10-15,22.00,22.00,+0%
designer-patches,Embroidery,UPDATE,13.0 inch - 10,13.0 inch - 10-15,23.00,23.00,+0%
designer-patches,Embroidery,UPDATE,14.0 inch - 10,14.0 inch - 10-15,24.20,24.20,+0%
designer-patches,Embroidery,UPDATE,15.0 inch - 10,15.0 inch - 10-15,25.40,25.40,+0%
designer-patches,Embroidery,UPDATE,16.0 inch - 10,16.0 inch - 10-15,26.60,26.60,+0%
designer-patches,Embroidery,UPDATE,1.0 inch - 11-25,1.0 inch - 16-25,6.36,3.75,-41%
designer-patches,Embroidery,UPDATE,1.5 inch - 11-25,1.5 inch - 16-25,6.36,3.80,-40%
designer-patches,Embroidery,UPDATE,2.0 inch - 11-25,2.0 inch - 16-25,6.36,3.95,-38%
designer-patches,Embroidery,UPDATE,2.5 inch - 11-25,2.5 inch - 16-25,6.36,4.50,-29%
designer-patches,Embroidery,UPDATE,3.0 inch - 11-25,3.0 inch - 16-25,6.36,5.00,-21%
designer-patches,Embroidery,UPDATE,3.5 inch - 11-25,3.5 inch - 16-25,6.36,5.20,-18%
designer-patches,Embroidery,UPDATE,4.0 inch - 11-25,4.0 inch - 16-25,6.36,5.80,-9%
designer-patches,Embroidery,UPDATE,4.5 inch - 11-25,4.5 inch - 16-25,6.36,6.00,-6%
designer-patches,Embroidery,UPDATE,5.0 inch - 11-25,5.0 inch - 16-25,7.20,7.20,+0%
designer-patches,Embroidery,UPDATE,6.0 inch - 11-25,6.0 inch - 16-25,7.30,7.30,+0%
designer-patches,Embroidery,UPDATE,7.0 inch - 11-25,7.0 inch - 16-25,9.00,9.00,+0%
designer-patches,Embroidery,UPDATE,8.0 inch - 11-25,8.0 inch - 16-25,11.00,11.00,+0%
designer-patches,Embroidery,UPDATE,9.0 inch - 11-25,9.0 inch - 16-25,13.00,13.00,+0%
designer-patches,Embroidery,UPDATE,10.0 inch - 11-25,10.0 inch - 16-25,16.00,16.00,+0%
designer-patches,Embroidery,UPDATE,11.0 inch - 11-25,11.0 inch - 16-25,18.00,18.00,+0%
designer-patches,Embroidery,UPDATE,12.0 inch - 11-25,12.0 inch - 16-25,20.00,20.00,+0%
designer-patches,Embroidery,UPDATE,13.0 inch - 11-25,13.0 inch - 16-25,21.00,21.00,+0%
designer-patches,Embroidery,UPDATE,14.0 inch - 11-25,14.0 inch - 16-25,22.50,22.50,+0%
designer-patches,Embroidery,UPDATE,15.0 inch - 11-25,15.0 inch - 16-25,23.70,23.70,+0%
designer-patches,Embroidery,UPDATE,16.0 inch - 11-25,16.0 inch - 16-25,24.80,24.80,+0%
designer-patches,Embroidery,UPDATE,1.0 inch - 26-50,1.0 inch - 26-50,3.75,3.75,+0%
designer-patches,Embroidery,UPDATE,1.5 inch - 26-50,1.5 inch - 26-50,3.75,3.75,+0%
designer-patches,Embroidery,UPDATE,2.0 inch - 26-50,2.0 inch - 26-50,3.75,3.75,+0%
designer-patches,Embroidery,UPDATE,2.5 inch - 26-50,2.5 inch - 26-50,3.75,3.75,+0%
designer-patches,Embroidery,UPDATE,3.0 inch - 26-50,3.0 inch - 26-50,3.75,3.75,+0%
designer-patches,Embroidery,UPDATE,3.5 inch - 26-50,3.5 inch - 26-50,3.80,3.80,+0%
designer-patches,Embroidery,UPDATE,4.0 inch - 26-50,4.0 inch - 26-50,3.80,3.80,+0%
designer-patches,Embroidery,UPDATE,4.5 inch - 26-50,4.5 inch - 26-50,4.00,4.00,+0%
designer-patches,Embroidery,UPDATE,5.0 inch - 26-50,5.0 inch - 26-50,4.50,4.50,+0%
designer-patches,Embroidery,UPDATE,6.0 inch - 26-50,6.0 inch - 26-50,6.00,6.00,+0%
designer-patches,Embroidery,UPDATE,7.0 inch - 26-50,7.0 inch - 26-50,8.00,8.00,+0%
designer-patches,Embroidery,UPDATE,8.0 inch - 26-50,8.0 inch - 26-50,10.00,10.00,+0%
designer-patches,Embroidery,UPDATE,9.0 inch - 26-50,9.0 inch - 26-50,12.00,12.00,+0%
designer-patches,Embroidery,UPDATE,10.0 inch - 26-50,10.0 inch - 26-50,15.00,15.00,+0%
designer-patches,Embroidery,UPDATE,11.0 inch - 26-50,11.0 inch - 26-50,16.00,16.00,+0%
designer-patches,Embroidery,UPDATE,12.0 inch - 26-50,12.0 inch - 26-50,18.00,18.00,+0%
designer-patches,Embroidery,UPDATE,13.0 inch - 26-50,13.0 inch - 26-50,19.00,19.00,+0%
designer-patches,Embroidery,UPDATE,14.0 inch - 26-50,14.0 inch - 26-50,20.20,20.20,+0%
designer-patches,Embroidery,UPDATE,15.0 inch - 26-50,15.0 inch - 26-50,21.40,21.40,+0%
designer-patches,Embroidery,UPDATE,16.0 inch - 26-50,16.0 inch - 26-50,22.70,22.70,+0%
designer-patches,Embroidery,UPDATE,1.0 inch - 51-100,1.0 inch - 51-100,2.40,2.40,+0%
designer-patches,Embroidery,UPDATE,1.5 inch - 51-100,1.5 inch - 51-100,2.40,2.40,+0%
designer-patches,Embroidery,UPDATE,2.0 inch - 51-100,2.0 inch - 51-100,2.40,2.40,+0%
designer-patches,Embroidery,UPDATE,2.5 inch - 51-100,2.5 inch - 51-100,2.40,2.20,-8%
designer-patches,Embroidery,UPDATE,3.0 inch - 51-100,3.0 inch - 51-100,2.40,2.14,-11%
designer-patches,Embroidery,UPDATE,3.5 inch - 51-100,3.5 inch - 51-100,2.50,2.50,+0%
designer-patches,Embroidery,UPDATE,4.0 inch - 51-100,4.0 inch - 51-100,2.86,2.86,+0%
designer-patches,Embroidery,UPDATE,4.5 inch - 51-100,4.5 inch - 51-100,3.21,3.21,+0%
designer-patches,Embroidery,UPDATE,5.0 inch - 51-100,5.0 inch - 51-100,3.58,3.58,+0%
designer-patches,Embroidery,UPDATE,6.0 inch - 51-100,6.0 inch - 51-100,4.29,4.29,+0%
designer-patches,Embroidery,UPDATE,7.0 inch - 51-100,7.0 inch - 51-100,5.01,5.01,+0%
designer-patches,Embroidery,UPDATE,8.0 inch - 51-100,8.0 inch - 51-100,5.72,5.72,+0%
designer-patches,Embroidery,UPDATE,9.0 inch - 51-100,9.0 inch - 51-100,6.43,6.43,+0%
designer-patches,Embroidery,UPDATE,10.0 inch - 51-100,10.0 inch - 51-100,7.15,7.15,+0%
designer-patches,Embroidery,UPDATE,11.0 inch - 51-100,11.0 inch - 51-100,7.87,7.87,+0%
designer-patches,Embroidery,UPDATE,12.0 inch - 51-100,12.0 inch - 51-100,8.59,8.59,+0%
designer-patches,Embroidery,UPDATE,13.0 inch - 51-100,13.0 inch - 51-100,10.20,10.20,+0%
designer-patches,Embroidery,UPDATE,14.0 inch - 51-100,14.0 inch - 51-100,11.40,11.40,+0%
designer-patches,Embroidery,UPDATE,15.0 inch - 51-100,15.0 inch - 51-100,12.80,12.80,+0%
designer-patches,Embroidery,UPDATE,16.0 inch - 51-100,16.0 inch - 51-100,13.90,13.90,+0%
designer-patches,Embroidery,UPDATE,1.0 inch - 101-199,1.0 inch - 101-200,0.70,2.20,+214%
designer-patches,Embroidery,UPDATE,1.5 inch - 101-199,1.5 inch - 101-200,0.79,2.20,+178%
designer-patches,Embroidery,UPDATE,2.0 inch - 101-199,2.0 inch - 101-200,1.06,2.20,+108%
designer-patches,Embroidery,UPDATE,2.5 inch - 101-199,2.5 inch - 101-200,1.33,2.05,+54%
designer-patches,Embroidery,UPDATE,3.0 inch - 101-199,3.0 inch - 101-200,1.59,1.98,+25%
designer-patches,Embroidery,UPDATE,3.5 inch - 101-199,3.5 inch - 101-200,1.86,2.20,+18%
designer-patches,Embroidery,UPDATE,4.0 inch - 101-199,4.0 inch - 101-200,2.11,2.50,+18%
designer-patches,Embroidery,UPDATE,4.5 inch - 101-199,4.5 inch - 101-200,2.38,3.00,+26%
designer-patches,Embroidery,UPDATE,5.0 inch - 101-199,5.0 inch - 101-200,2.64,3.30,+25%
designer-patches,Embroidery,UPDATE,6.0 inch - 101-199,6.0 inch - 101-200,3.18,4.05,+27%
designer-patches,Embroidery,UPDATE,7.0 inch - 101-199,7.0 inch - 101-200,3.71,4.80,+29%
designer-patches,Embroidery,UPDATE,8.0 inch - 101-199,8.0 inch - 101-200,4.23,5.40,+28%
designer-patches,Embroidery,UPDATE,9.0 inch - 101-199,9.0 inch - 101-200,4.76,6.10,+28%
designer-patches,Embroidery,UPDATE,10.0 inch - 101-199,10.0 inch - 101-200,5.30,6.90,+30%
designer-patches,Embroidery,UPDATE,11.0 inch - 101-199,11.0 inch - 101-200,5.82,7.40,+27%
designer-patches,Embroidery,UPDATE,12.0 inch - 101-199,12.0 inch - 101-200,6.35,8.30,+31%
designer-patches,Embroidery,UPDATE,13.0 inch - 101-199,13.0 inch - 101-200,7.50,9.90,+32%
designer-patches,Embroidery,UPDATE,14.0 inch - 101-199,14.0 inch - 101-200,8.80,11.05,+26%
designer-patches,Embroidery,UPDATE,15.0 inch - 101-199,15.0 inch - 101-200,9.95,12.20,+23%
designer-patches,Embroidery,UPDATE,16.0 inch - 101-199,16.0 inch - 101-200,10.95,13.30,+21%
designer-patches,Embroidery,UPDATE,1.0 inch - 200-499,1.0 inch - 201-300,0.38,1.80,+374%
designer-patches,Embroidery,UPDATE,1.5 inch - 200-499,1.5 inch - 201-300,0.56,1.80,+221%
designer-patches,Embroidery,UPDATE,2.0 inch - 200-499,2.0 inch - 201-300,0.71,1.80,+154%
designer-patches,Embroidery,UPDATE,2.5 inch - 200-499,2.5 inch - 201-300,0.94,1.80,+91%
designer-patches,Embroidery,UPDATE,3.0 inch - 200-499,3.0 inch - 201-300,1.11,1.50,+35%
designer-patches,Embroidery,UPDATE,3.5 inch - 200-499,3.5 inch - 201-300,1.30,1.80,+38%
designer-patches,Embroidery,UPDATE,4.0 inch - 200-499,4.0 inch - 201-300,1.49,2.00,+34%
designer-patches,Embroidery,UPDATE,4.5 inch - 200-499,4.5 inch - 201-300,1.68,2.55,+52%
designer-patches,Embroidery,UPDATE,5.0 inch - 200-499,5.0 inch - 201-300,1.86,3.00,+61%
designer-patches,Embroidery,UPDATE,6.0 inch - 200-499,6.0 inch - 201-300,2.24,3.80,+70%
designer-patches,Embroidery,UPDATE,7.0 inch - 200-499,7.0 inch - 201-300,2.60,4.50,+73%
designer-patches,Embroidery,UPDATE,8.0 inch - 200-499,8.0 inch - 201-300,2.98,5.10,+71%
designer-patches,Embroidery,UPDATE,9.0 inch - 200-499,9.0 inch - 201-300,3.34,5.90,+77%
designer-patches,Embroidery,UPDATE,10.0 inch - 200-499,10.0 inch - 201-300,3.72,6.50,+75%
designer-patches,Embroidery,UPDATE,11.0 inch - 200-499,11.0 inch - 201-300,4.09,7.10,+74%
designer-patches,Embroidery,UPDATE,12.0 inch - 200-499,12.0 inch - 201-300,4.47,8.00,+79%
designer-patches,Embroidery,UPDATE,13.0 inch - 200-499,13.0 inch - 201-300,5.60,9.60,+71%
designer-patches,Embroidery,UPDATE,14.0 inch - 200-499,14.0 inch - 201-300,6.75,10.80,+60%
designer-patches,Embroidery,UPDATE,15.0 inch - 200-499,15.0 inch - 201-300,7.80,12.00,+54%
designer-patches,Embroidery,UPDATE,16.0 inch - 200-499,16.0 inch - 201-300,8.85,13.00,+47%
designer-patches,Embroidery,UPDATE,1.0 inch - 500-999,1.0 inch - 301-400,0.27,1.60,+493%
designer-patches,Embroidery,UPDATE,1.5 inch - 500-999,1.5 inch - 301-400,0.41,1.60,+290%
designer-patches,Embroidery,UPDATE,2.0 inch - 500-999,2.0 inch - 301-400,0.54,1.60,+196%
designer-patches,Embroidery,UPDATE,2.5 inch - 500-999,2.5 inch - 301-400,0.68,1.60,+135%
designer-patches,Embroidery,UPDATE,3.0 inch - 500-999,3.0 inch - 301-400,0.81,1.20,+48%
designer-patches,Embroidery,UPDATE,3.5 inch - 500-999,3.5 inch - 301-400,0.94,1.60,+70%
designer-patches,Embroidery,UPDATE,4.0 inch - 500-999,4.0 inch - 301-400,1.09,1.80,+65%
designer-patches,Embroidery,UPDATE,4.5 inch - 500-999,4.5 inch - 301-400,1.22,2.45,+101%
designer-patches,Embroidery,UPDATE,5.0 inch - 500-999,5.0 inch - 301-400,1.36,2.80,+106%
designer-patches,Embroidery,UPDATE,6.0 inch - 500-999,6.0 inch - 301-400,1.64,3.60,+120%
designer-patches,Embroidery,UPDATE,7.0 inch - 500-999,7.0 inch - 301-400,1.90,4.30,+126%
designer-patches,Embroidery,UPDATE,8.0 inch - 500-999,8.0 inch - 301-400,2.17,4.80,+121%
designer-patches,Embroidery,UPDATE,9.0 inch - 500-999,9.0 inch - 301-400,2.45,5.70,+133%
designer-patches,Embroidery,UPDATE,10.0 inch - 500-999,10.0 inch - 301-400,2.72,6.30,+132%
designer-patches,Embroidery,UPDATE,11.0 inch - 500-999,11.0 inch - 301-400,2.99,6.80,+127%
designer-patches,Embroidery,UPDATE,12.0 inch - 500-999,12.0 inch - 301-400,3.26,7.80,+139%
designer-patches,Embroidery,UPDATE,13.0 inch - 500-999,13.0 inch - 301-400,4.30,9.30,+116%
designer-patches,Embroidery,UPDATE,14.0 inch - 500-999,14.0 inch - 301-400,5.45,10.40,+91%
designer-patches,Embroidery,UPDATE,15.0 inch - 500-999,15.0 inch - 301-400,6.80,11.80,+74%
designer-patches,Embroidery,UPDATE,16.0 inch - 500-999,16.0 inch - 301-400,7.95,12.80,+61%
designer-patches,Embroidery,UPDATE,1.0 inch - 1000+,1.0 inch - 401-500,0.25,1.40,+460%
designer-patches,Embroidery,UPDATE,1.5 inch - 1000+,1.5 inch - 401-500,0.37,1.40,+278%
designer-patches,Embroidery,UPDATE,2.0 inch - 1000+,2.0 inch - 401-500,0.49,1.40,+186%
designer-patches,Embroidery,UPDATE,2.5 inch - 1000+,2.5 inch - 401-500,0.61,1.40,+130%
designer-patches,Embroidery,UPDATE,3.0 inch - 1000+,3.0 inch - 401-500,0.73,1.00,+37%
designer-patches,Embroidery,UPDATE,3.5 inch - 1000+,3.5 inch - 401-500,0.84,1.40,+67%
designer-patches,Embroidery,UPDATE,4.0 inch - 1000+,4.0 inch - 401-500,0.98,1.60,+63%
designer-patches,Embroidery,UPDATE,4.5 inch - 1000+,4.5 inch - 401-500,1.11,2.25,+103%
designer-patches,Embroidery,UPDATE,5.0 inch - 1000+,5.0 inch - 401-500,1.21,2.60,+115%
designer-patches,Embroidery,UPDATE,6.0 inch - 1000+,6.0 inch - 401-500,1.46,3.40,+133%
designer-patches,Embroidery,UPDATE,7.0 inch - 1000+,7.0 inch - 401-500,1.70,4.10,+141%
designer-patches,Embroidery,UPDATE,8.0 inch - 1000+,8.0 inch - 401-500,1.96,4.60,+135%
designer-patches,Embroidery,UPDATE,9.0 inch - 1000+,9.0 inch - 401-500,2.19,5.50,+151%
designer-patches,Embroidery,UPDATE,10.0 inch - 1000+,10.0 inch - 401-500,2.43,6.10,+151%
designer-patches,Embroidery,UPDATE,11.0 inch - 1000+,11.0 inch - 401-500,2.67,6.50,+143%
designer-patches,Embroidery,UPDATE,12.0 inch - 1000+,12.0 inch - 401-500,2.92,7.60,+160%
designer-patches,Embroidery,UPDATE,13.0 inch - 1000+,13.0 inch - 401-500,3.98,9.10,+129%
designer-patches,Embroidery,UPDATE,14.0 inch - 1000+,14.0 inch - 401-500,5.10,10.20,+100%
designer-patches,Embroidery,UPDATE,15.0 inch - 1000+,15.0 inch - 401-500,6.40,11.50,+80%
designer-patches,Embroidery,UPDATE,16.0 inch - 1000+,16.0 inch - 401-500,7.60,12.40,+63%
designer-patches,Embroidery,CREATE,,1.0 inch - 501-700,,1.20,new
designer-patches,Embroidery,CREATE,,1.5 inch - 501-700,,1.20,new
designer-patches,Embroidery,CREATE,,2.0 inch - 501-700,,1.20,new
designer-patches,Embroidery,CREATE,,2.5 inch - 501-700,,1.20,new
designer-patches,Embroidery,CREATE,,3.0 inch - 501-700,,0.81,new
designer-patches,Embroidery,CREATE,,3.5 inch - 501-700,,1.05,new
designer-patches,Embroidery,CREATE,,4.0 inch - 501-700,,1.30,new
designer-patches,Embroidery,CREATE,,4.5 inch - 501-700,,2.00,new
designer-patches,Embroidery,CREATE,,5.0 inch - 501-700,,2.40,new
designer-patches,Embroidery,CREATE,,6.0 inch - 501-700,,3.10,new
designer-patches,Embroidery,CREATE,,7.0 inch - 501-700,,4.00,new
designer-patches,Embroidery,CREATE,,8.0 inch - 501-700,,4.30,new
designer-patches,Embroidery,CREATE,,9.0 inch - 501-700,,5.20,new
designer-patches,Embroidery,CREATE,,10.0 inch - 501-700,,5.80,new
designer-patches,Embroidery,CREATE,,11.0 inch - 501-700,,6.20,new
designer-patches,Embroidery,CREATE,,12.0 inch - 501-700,,7.30,new
designer-patches,Embroidery,CREATE,,13.0 inch - 501-700,,8.50,new
designer-patches,Embroidery,CREATE,,14.0 inch - 501-700,,9.50,new
designer-patches,Embroidery,CREATE,,15.0 inch - 501-700,,10.80,new
designer-patches,Embroidery,CREATE,,16.0 inch - 501-700,,12.00,new
designer-patches,Embroidery,CREATE,,1.0 inch - 701+,,0.95,new
designer-patches,Embroidery,CREATE,,1.5 inch - 701+,,0.95,new
designer-patches,Embroidery,CREATE,,2.0 inch - 701+,,0.95,new
designer-patches,Embroidery,CREATE,,2.5 inch - 701+,,0.95,new
designer-patches,Embroidery,CREATE,,3.0 inch - 701+,,0.75,new
designer-patches,Embroidery,CREATE,,3.5 inch - 701+,,1.00,new
designer-patches,Embroidery,CREATE,,4.0 inch - 701+,,1.10,new
designer-patches,Embroidery,CREATE,,4.5 inch - 701+,,1.80,new
designer-patches,Embroidery,CREATE,,5.0 inch - 701+,,2.20,new
designer-patches,Embroidery,CREATE,,6.0 inch - 701+,,2.80,new
designer-patches,Embroidery,CREATE,,7.0 inch - 701+,,3.80,new
designer-patches,Embroidery,CREATE,,8.0 inch - 701+,,4.00,new
designer-patches,Embroidery,CREATE,,9.0 inch - 701+,,5.00,new
designer-patches,Embroidery,CREATE,,10.0 inch - 701+,,5.50,new
designer-patches,Embroidery,CREATE,,11.0 inch - 701+,,6.00,new
designer-patches,Embroidery,CREATE,,12.0 inch - 701+,,7.00,new
designer-patches,Embroidery,CREATE,,13.0 inch - 701+,,8.20,new
designer-patches,Embroidery,CREATE,,14.0 inch - 701+,,9.00,new
designer-patches,Embroidery,CREATE,,15.0 inch - 701+,,10.00,new
designer-patches,Embroidery,CREATE,,16.0 inch - 701+,,12.00,new
tactical-patches,Embroidery,UPDATE,1.0 inch - 10,1.0 inch - 10-15,6.99,6.99,+0%
tactical-patches,Embroidery,UPDATE,1.5 inch - 10,1.5 inch - 10-15,6.99,6.99,+0%
tactical-patches,Embroidery,UPDATE,2.0 inch - 10,2.0 inch - 10-15,6.99,6.99,+0%
tactical-patches,Embroidery,UPDATE,2.5 inch - 10,2.5 inch - 10-15,6.99,6.99,+0%
tactical-patches,Embroidery,UPDATE,3.0 inch - 10,3.0 inch - 10-15,7.99,7.99,+0%
tactical-patches,Embroidery,UPDATE,3.5 inch - 10,3.5 inch - 10-15,7.99,7.99,+0%
tactical-patches,Embroidery,UPDATE,4.0 inch - 10,4.0 inch - 10-15,7.99,7.99,+0%
tactical-patches,Embroidery,UPDATE,4.5 inch - 10,4.5 inch - 10-15,8.99,8.99,+0%
tactical-patches,Embroidery,UPDATE,5.0 inch - 10,5.0 inch - 10-15,10.00,10.00,+0%
tactical-patches,Embroidery,UPDATE,6.0 inch - 10,6.0 inch - 10-15,11.00,11.00,+0%
tactical-patches,Embroidery,UPDATE,7.0 inch - 10,7.0 inch - 10-15,12.00,12.00,+0%
tactical-patches,Embroidery,UPDATE,8.0 inch - 10,8.0 inch - 10-15,14.00,14.00,+0%
tactical-patches,Embroidery,UPDATE,9.0 inch - 10,9.0 inch - 10-15,16.00,16.00,+0%
tactical-patches,Embroidery,UPDATE,10.0 inch - 10,10.0 inch - 10-15,18.00,18.00,+0%
tactical-patches,Embroidery,UPDATE,11.0 inch - 10,11.0 inch - 10-15,20.00,20.00,+0%
tactical-patches,Embroidery,UPDATE,12.0 inch - 10,12.0 inch - 10-15,22.00,22.00,+0%
tactical-patches,Embroidery,UPDATE,13.0 inch - 10,13.0 inch - 10-15,23.00,23.00,+0%
tactical-patches,Embroidery,UPDATE,14.0 inch - 10,14.0 inch - 10-15,24.20,24.20,+0%
tactical-patches,Embroidery,UPDATE,15.0 inch - 10,15.0 inch - 10-15,25.40,25.40,+0%
tactical-patches,Embroidery,UPDATE,16.0 inch - 10,16.0 inch - 10-15,26.60,26.60,+0%
tactical-patches,Embroidery,UPDATE,1.0 inch - 11-25,1.0 inch - 16-25,6.36,3.75,-41%
tactical-patches,Embroidery,UPDATE,1.5 inch - 11-25,1.5 inch - 16-25,6.36,3.80,-40%
tactical-patches,Embroidery,UPDATE,2.0 inch - 11-25,2.0 inch - 16-25,6.36,3.95,-38%
tactical-patches,Embroidery,UPDATE,2.5 inch - 11-25,2.5 inch - 16-25,6.36,4.50,-29%
tactical-patches,Embroidery,UPDATE,3.0 inch - 11-25,3.0 inch - 16-25,6.36,5.00,-21%
tactical-patches,Embroidery,UPDATE,3.5 inch - 11-25,3.5 inch - 16-25,6.36,5.20,-18%
tactical-patches,Embroidery,UPDATE,4.0 inch - 11-25,4.0 inch - 16-25,6.36,5.80,-9%
tactical-patches,Embroidery,UPDATE,4.5 inch - 11-25,4.5 inch - 16-25,6.36,6.00,-6%
tactical-patches,Embroidery,UPDATE,5.0 inch - 11-25,5.0 inch - 16-25,7.20,7.20,+0%
tactical-patches,Embroidery,UPDATE,6.0 inch - 11-25,6.0 inch - 16-25,7.30,7.30,+0%
tactical-patches,Embroidery,UPDATE,7.0 inch - 11-25,7.0 inch - 16-25,9.00,9.00,+0%
tactical-patches,Embroidery,UPDATE,8.0 inch - 11-25,8.0 inch - 16-25,11.00,11.00,+0%
tactical-patches,Embroidery,UPDATE,9.0 inch - 11-25,9.0 inch - 16-25,13.00,13.00,+0%
tactical-patches,Embroidery,UPDATE,10.0 inch - 11-25,10.0 inch - 16-25,16.00,16.00,+0%
tactical-patches,Embroidery,UPDATE,11.0 inch - 11-25,11.0 inch - 16-25,18.00,18.00,+0%
tactical-patches,Embroidery,UPDATE,12.0 inch - 11-25,12.0 inch - 16-25,20.00,20.00,+0%
tactical-patches,Embroidery,UPDATE,13.0 inch - 11-25,13.0 inch - 16-25,21.00,21.00,+0%
tactical-patches,Embroidery,UPDATE,14.0 inch - 11-25,14.0 inch - 16-25,22.50,22.50,+0%
tactical-patches,Embroidery,UPDATE,15.0 inch - 11-25,15.0 inch - 16-25,23.70,23.70,+0%
tactical-patches,Embroidery,UPDATE,16.0 inch - 11-25,16.0 inch - 16-25,24.80,24.80,+0%
tactical-patches,Embroidery,UPDATE,1.0 inch - 26-50,1.0 inch - 26-50,3.75,3.75,+0%
tactical-patches,Embroidery,UPDATE,1.5 inch - 26-50,1.5 inch - 26-50,3.75,3.75,+0%
tactical-patches,Embroidery,UPDATE,2.0 inch - 26-50,2.0 inch - 26-50,3.75,3.75,+0%
tactical-patches,Embroidery,UPDATE,2.5 inch - 26-50,2.5 inch - 26-50,3.75,3.75,+0%
tactical-patches,Embroidery,UPDATE,3.0 inch - 26-50,3.0 inch - 26-50,3.75,3.75,+0%
tactical-patches,Embroidery,UPDATE,3.5 inch - 26-50,3.5 inch - 26-50,3.80,3.80,+0%
tactical-patches,Embroidery,UPDATE,4.0 inch - 26-50,4.0 inch - 26-50,3.80,3.80,+0%
tactical-patches,Embroidery,UPDATE,4.5 inch - 26-50,4.5 inch - 26-50,4.00,4.00,+0%
tactical-patches,Embroidery,UPDATE,5.0 inch - 26-50,5.0 inch - 26-50,4.50,4.50,+0%
tactical-patches,Embroidery,UPDATE,6.0 inch - 26-50,6.0 inch - 26-50,6.00,6.00,+0%
tactical-patches,Embroidery,UPDATE,7.0 inch - 26-50,7.0 inch - 26-50,8.00,8.00,+0%
tactical-patches,Embroidery,UPDATE,8.0 inch - 26-50,8.0 inch - 26-50,10.00,10.00,+0%
tactical-patches,Embroidery,UPDATE,9.0 inch - 26-50,9.0 inch - 26-50,12.00,12.00,+0%
tactical-patches,Embroidery,UPDATE,10.0 inch - 26-50,10.0 inch - 26-50,15.00,15.00,+0%
tactical-patches,Embroidery,UPDATE,11.0 inch - 26-50,11.0 inch - 26-50,16.00,16.00,+0%
tactical-patches,Embroidery,UPDATE,12.0 inch - 26-50,12.0 inch - 26-50,18.00,18.00,+0%
tactical-patches,Embroidery,UPDATE,13.0 inch - 26-50,13.0 inch - 26-50,19.00,19.00,+0%
tactical-patches,Embroidery,UPDATE,14.0 inch - 26-50,14.0 inch - 26-50,20.20,20.20,+0%
tactical-patches,Embroidery,UPDATE,15.0 inch - 26-50,15.0 inch - 26-50,21.40,21.40,+0%
tactical-patches,Embroidery,UPDATE,16.0 inch - 26-50,16.0 inch - 26-50,22.70,22.70,+0%
tactical-patches,Embroidery,UPDATE,1.0 inch - 51-100,1.0 inch - 51-100,2.40,2.40,+0%
tactical-patches,Embroidery,UPDATE,1.5 inch - 51-100,1.5 inch - 51-100,2.40,2.40,+0%
tactical-patches,Embroidery,UPDATE,2.0 inch - 51-100,2.0 inch - 51-100,2.40,2.40,+0%
tactical-patches,Embroidery,UPDATE,2.5 inch - 51-100,2.5 inch - 51-100,2.40,2.20,-8%
tactical-patches,Embroidery,UPDATE,3.0 inch - 51-100,3.0 inch - 51-100,2.40,2.14,-11%
tactical-patches,Embroidery,UPDATE,3.5 inch - 51-100,3.5 inch - 51-100,2.50,2.50,+0%
tactical-patches,Embroidery,UPDATE,4.0 inch - 51-100,4.0 inch - 51-100,2.86,2.86,+0%
tactical-patches,Embroidery,UPDATE,4.5 inch - 51-100,4.5 inch - 51-100,3.21,3.21,+0%
tactical-patches,Embroidery,UPDATE,5.0 inch - 51-100,5.0 inch - 51-100,3.58,3.58,+0%
tactical-patches,Embroidery,UPDATE,6.0 inch - 51-100,6.0 inch - 51-100,4.29,4.29,+0%
tactical-patches,Embroidery,UPDATE,7.0 inch - 51-100,7.0 inch - 51-100,5.01,5.01,+0%
tactical-patches,Embroidery,UPDATE,8.0 inch - 51-100,8.0 inch - 51-100,5.72,5.72,+0%
tactical-patches,Embroidery,UPDATE,9.0 inch - 51-100,9.0 inch - 51-100,6.43,6.43,+0%
tactical-patches,Embroidery,UPDATE,10.0 inch - 51-100,10.0 inch - 51-100,7.15,7.15,+0%
tactical-patches,Embroidery,UPDATE,11.0 inch - 51-100,11.0 inch - 51-100,7.87,7.87,+0%
tactical-patches,Embroidery,UPDATE,12.0 inch - 51-100,12.0 inch - 51-100,8.59,8.59,+0%
tactical-patches,Embroidery,UPDATE,13.0 inch - 51-100,13.0 inch - 51-100,10.20,10.20,+0%
tactical-patches,Embroidery,UPDATE,14.0 inch - 51-100,14.0 inch - 51-100,11.40,11.40,+0%
tactical-patches,Embroidery,UPDATE,15.0 inch - 51-100,15.0 inch - 51-100,12.80,12.80,+0%
tactical-patches,Embroidery,UPDATE,16.0 inch - 51-100,16.0 inch - 51-100,13.90,13.90,+0%
tactical-patches,Embroidery,UPDATE,1.0 inch - 101-199,1.0 inch - 101-200,0.70,2.20,+214%
tactical-patches,Embroidery,UPDATE,1.5 inch - 101-199,1.5 inch - 101-200,0.79,2.20,+178%
tactical-patches,Embroidery,UPDATE,2.0 inch - 101-199,2.0 inch - 101-200,1.06,2.20,+108%
tactical-patches,Embroidery,UPDATE,2.5 inch - 101-199,2.5 inch - 101-200,1.33,2.05,+54%
tactical-patches,Embroidery,UPDATE,3.0 inch - 101-199,3.0 inch - 101-200,1.59,1.98,+25%
tactical-patches,Embroidery,UPDATE,3.5 inch - 101-199,3.5 inch - 101-200,1.86,2.20,+18%
tactical-patches,Embroidery,UPDATE,4.0 inch - 101-199,4.0 inch - 101-200,2.11,2.50,+18%
tactical-patches,Embroidery,UPDATE,4.5 inch - 101-199,4.5 inch - 101-200,2.38,3.00,+26%
tactical-patches,Embroidery,UPDATE,5.0 inch - 101-199,5.0 inch - 101-200,2.64,3.30,+25%
tactical-patches,Embroidery,UPDATE,6.0 inch - 101-199,6.0 inch - 101-200,3.18,4.05,+27%
tactical-patches,Embroidery,UPDATE,7.0 inch - 101-199,7.0 inch - 101-200,3.71,4.80,+29%
tactical-patches,Embroidery,UPDATE,8.0 inch - 101-199,8.0 inch - 101-200,4.23,5.40,+28%
tactical-patches,Embroidery,UPDATE,9.0 inch - 101-199,9.0 inch - 101-200,4.76,6.10,+28%
tactical-patches,Embroidery,UPDATE,10.0 inch - 101-199,10.0 inch - 101-200,5.30,6.90,+30%
tactical-patches,Embroidery,UPDATE,11.0 inch - 101-199,11.0 inch - 101-200,5.82,7.40,+27%
tactical-patches,Embroidery,UPDATE,12.0 inch - 101-199,12.0 inch - 101-200,6.35,8.30,+31%
tactical-patches,Embroidery,UPDATE,13.0 inch - 101-199,13.0 inch - 101-200,7.50,9.90,+32%
tactical-patches,Embroidery,UPDATE,14.0 inch - 101-199,14.0 inch - 101-200,8.80,11.05,+26%
tactical-patches,Embroidery,UPDATE,15.0 inch - 101-199,15.0 inch - 101-200,9.95,12.20,+23%
tactical-patches,Embroidery,UPDATE,16.0 inch - 101-199,16.0 inch - 101-200,10.95,13.30,+21%
tactical-patches,Embroidery,UPDATE,1.0 inch - 200-499,1.0 inch - 201-300,0.38,1.80,+374%
tactical-patches,Embroidery,UPDATE,1.5 inch - 200-499,1.5 inch - 201-300,0.56,1.80,+221%
tactical-patches,Embroidery,UPDATE,2.0 inch - 200-499,2.0 inch - 201-300,0.71,1.80,+154%
tactical-patches,Embroidery,UPDATE,2.5 inch - 200-499,2.5 inch - 201-300,0.94,1.80,+91%
tactical-patches,Embroidery,UPDATE,3.0 inch - 200-499,3.0 inch - 201-300,1.11,1.50,+35%
tactical-patches,Embroidery,UPDATE,3.5 inch - 200-499,3.5 inch - 201-300,1.30,1.80,+38%
tactical-patches,Embroidery,UPDATE,4.0 inch - 200-499,4.0 inch - 201-300,1.49,2.00,+34%
tactical-patches,Embroidery,UPDATE,4.5 inch - 200-499,4.5 inch - 201-300,1.68,2.55,+52%
tactical-patches,Embroidery,UPDATE,5.0 inch - 200-499,5.0 inch - 201-300,1.86,3.00,+61%
tactical-patches,Embroidery,UPDATE,6.0 inch - 200-499,6.0 inch - 201-300,2.24,3.80,+70%
tactical-patches,Embroidery,UPDATE,7.0 inch - 200-499,7.0 inch - 201-300,2.60,4.50,+73%
tactical-patches,Embroidery,UPDATE,8.0 inch - 200-499,8.0 inch - 201-300,2.98,5.10,+71%
tactical-patches,Embroidery,UPDATE,9.0 inch - 200-499,9.0 inch - 201-300,3.34,5.90,+77%
tactical-patches,Embroidery,UPDATE,10.0 inch - 200-499,10.0 inch - 201-300,3.72,6.50,+75%
tactical-patches,Embroidery,UPDATE,11.0 inch - 200-499,11.0 inch - 201-300,4.09,7.10,+74%
tactical-patches,Embroidery,UPDATE,12.0 inch - 200-499,12.0 inch - 201-300,4.47,8.00,+79%
tactical-patches,Embroidery,UPDATE,13.0 inch - 200-499,13.0 inch - 201-300,5.60,9.60,+71%
tactical-patches,Embroidery,UPDATE,14.0 inch - 200-499,14.0 inch - 201-300,6.75,10.80,+60%
tactical-patches,Embroidery,UPDATE,15.0 inch - 200-499,15.0 inch - 201-300,7.80,12.00,+54%
tactical-patches,Embroidery,UPDATE,16.0 inch - 200-499,16.0 inch - 201-300,8.85,13.00,+47%
tactical-patches,Embroidery,UPDATE,1.0 inch - 500-999,1.0 inch - 301-400,0.27,1.60,+493%
tactical-patches,Embroidery,UPDATE,1.5 inch - 500-999,1.5 inch - 301-400,0.41,1.60,+290%
tactical-patches,Embroidery,UPDATE,2.0 inch - 500-999,2.0 inch - 301-400,0.54,1.60,+196%
tactical-patches,Embroidery,UPDATE,2.5 inch - 500-999,2.5 inch - 301-400,0.68,1.60,+135%
tactical-patches,Embroidery,UPDATE,3.0 inch - 500-999,3.0 inch - 301-400,0.81,1.20,+48%
tactical-patches,Embroidery,UPDATE,3.5 inch - 500-999,3.5 inch - 301-400,0.94,1.60,+70%
tactical-patches,Embroidery,UPDATE,4.0 inch - 500-999,4.0 inch - 301-400,1.09,1.80,+65%
tactical-patches,Embroidery,UPDATE,4.5 inch - 500-999,4.5 inch - 301-400,1.22,2.45,+101%
tactical-patches,Embroidery,UPDATE,5.0 inch - 500-999,5.0 inch - 301-400,1.36,2.80,+106%
tactical-patches,Embroidery,UPDATE,6.0 inch - 500-999,6.0 inch - 301-400,1.64,3.60,+120%
tactical-patches,Embroidery,UPDATE,7.0 inch - 500-999,7.0 inch - 301-400,1.90,4.30,+126%
tactical-patches,Embroidery,UPDATE,8.0 inch - 500-999,8.0 inch - 301-400,2.17,4.80,+121%
tactical-patches,Embroidery,UPDATE,9.0 inch - 500-999,9.0 inch - 301-400,2.45,5.70,+133%
tactical-patches,Embroidery,UPDATE,10.0 inch - 500-999,10.0 inch - 301-400,2.72,6.30,+132%
tactical-patches,Embroidery,UPDATE,11.0 inch - 500-999,11.0 inch - 301-400,2.99,6.80,+127%
tactical-patches,Embroidery,UPDATE,12.0 inch - 500-999,12.0 inch - 301-400,3.26,7.80,+139%
tactical-patches,Embroidery,UPDATE,13.0 inch - 500-999,13.0 inch - 301-400,4.30,9.30,+116%
tactical-patches,Embroidery,UPDATE,14.0 inch - 500-999,14.0 inch - 301-400,5.45,10.40,+91%
tactical-patches,Embroidery,UPDATE,15.0 inch - 500-999,15.0 inch - 301-400,6.80,11.80,+74%
tactical-patches,Embroidery,UPDATE,16.0 inch - 500-999,16.0 inch - 301-400,7.95,12.80,+61%
tactical-patches,Embroidery,UPDATE,1.0 inch - 1000+,1.0 inch - 401-500,0.25,1.40,+460%
tactical-patches,Embroidery,UPDATE,1.5 inch - 1000+,1.5 inch - 401-500,0.37,1.40,+278%
tactical-patches,Embroidery,UPDATE,2.0 inch - 1000+,2.0 inch - 401-500,0.49,1.40,+186%
tactical-patches,Embroidery,UPDATE,2.5 inch - 1000+,2.5 inch - 401-500,0.61,1.40,+130%
tactical-patches,Embroidery,UPDATE,3.0 inch - 1000+,3.0 inch - 401-500,0.73,1.00,+37%
tactical-patches,Embroidery,UPDATE,3.5 inch - 1000+,3.5 inch - 401-500,0.84,1.40,+67%
tactical-patches,Embroidery,UPDATE,4.0 inch - 1000+,4.0 inch - 401-500,0.98,1.60,+63%
tactical-patches,Embroidery,UPDATE,4.5 inch - 1000+,4.5 inch - 401-500,1.11,2.25,+103%
tactical-patches,Embroidery,UPDATE,5.0 inch - 1000+,5.0 inch - 401-500,1.21,2.60,+115%
tactical-patches,Embroidery,UPDATE,6.0 inch - 1000+,6.0 inch - 401-500,1.46,3.40,+133%
tactical-patches,Embroidery,UPDATE,7.0 inch - 1000+,7.0 inch - 401-500,1.70,4.10,+141%
tactical-patches,Embroidery,UPDATE,8.0 inch - 1000+,8.0 inch - 401-500,1.96,4.60,+135%
tactical-patches,Embroidery,UPDATE,9.0 inch - 1000+,9.0 inch - 401-500,2.19,5.50,+151%
tactical-patches,Embroidery,UPDATE,10.0 inch - 1000+,10.0 inch - 401-500,2.43,6.10,+151%
tactical-patches,Embroidery,UPDATE,11.0 inch - 1000+,11.0 inch - 401-500,2.67,6.50,+143%
tactical-patches,Embroidery,UPDATE,12.0 inch - 1000+,12.0 inch - 401-500,2.92,7.60,+160%
tactical-patches,Embroidery,UPDATE,13.0 inch - 1000+,13.0 inch - 401-500,3.98,9.10,+129%
tactical-patches,Embroidery,UPDATE,14.0 inch - 1000+,14.0 inch - 401-500,5.10,10.20,+100%
tactical-patches,Embroidery,UPDATE,15.0 inch - 1000+,15.0 inch - 401-500,6.40,11.50,+80%
tactical-patches,Embroidery,UPDATE,16.0 inch - 1000+,16.0 inch - 401-500,7.60,12.40,+63%
tactical-patches,Embroidery,CREATE,,1.0 inch - 501-700,,1.20,new
tactical-patches,Embroidery,CREATE,,1.5 inch - 501-700,,1.20,new
tactical-patches,Embroidery,CREATE,,2.0 inch - 501-700,,1.20,new
tactical-patches,Embroidery,CREATE,,2.5 inch - 501-700,,1.20,new
tactical-patches,Embroidery,CREATE,,3.0 inch - 501-700,,0.81,new
tactical-patches,Embroidery,CREATE,,3.5 inch - 501-700,,1.05,new
tactical-patches,Embroidery,CREATE,,4.0 inch - 501-700,,1.30,new
tactical-patches,Embroidery,CREATE,,4.5 inch - 501-700,,2.00,new
tactical-patches,Embroidery,CREATE,,5.0 inch - 501-700,,2.40,new
tactical-patches,Embroidery,CREATE,,6.0 inch - 501-700,,3.10,new
tactical-patches,Embroidery,CREATE,,7.0 inch - 501-700,,4.00,new
tactical-patches,Embroidery,CREATE,,8.0 inch - 501-700,,4.30,new
tactical-patches,Embroidery,CREATE,,9.0 inch - 501-700,,5.20,new
tactical-patches,Embroidery,CREATE,,10.0 inch - 501-700,,5.80,new
tactical-patches,Embroidery,CREATE,,11.0 inch - 501-700,,6.20,new
tactical-patches,Embroidery,CREATE,,12.0 inch - 501-700,,7.30,new
tactical-patches,Embroidery,CREATE,,13.0 inch - 501-700,,8.50,new
tactical-patches,Embroidery,CREATE,,14.0 inch - 501-700,,9.50,new
tactical-patches,Embroidery,CREATE,,15.0 inch - 501-700,,10.80,new
tactical-patches,Embroidery,CREATE,,16.0 inch - 501-700,,12.00,new
tactical-patches,Embroidery,CREATE,,1.0 inch - 701+,,0.95,new
tactical-patches,Embroidery,CREATE,,1.5 inch - 701+,,0.95,new
tactical-patches,Embroidery,CREATE,,2.0 inch - 701+,,0.95,new
tactical-patches,Embroidery,CREATE,,2.5 inch - 701+,,0.95,new
tactical-patches,Embroidery,CREATE,,3.0 inch - 701+,,0.75,new
tactical-patches,Embroidery,CREATE,,3.5 inch - 701+,,1.00,new
tactical-patches,Embroidery,CREATE,,4.0 inch - 701+,,1.10,new
tactical-patches,Embroidery,CREATE,,4.5 inch - 701+,,1.80,new
tactical-patches,Embroidery,CREATE,,5.0 inch - 701+,,2.20,new
tactical-patches,Embroidery,CREATE,,6.0 inch - 701+,,2.80,new
tactical-patches,Embroidery,CREATE,,7.0 inch - 701+,,3.80,new
tactical-patches,Embroidery,CREATE,,8.0 inch - 701+,,4.00,new
tactical-patches,Embroidery,CREATE,,9.0 inch - 701+,,5.00,new
tactical-patches,Embroidery,CREATE,,10.0 inch - 701+,,5.50,new
tactical-patches,Embroidery,CREATE,,11.0 inch - 701+,,6.00,new
tactical-patches,Embroidery,CREATE,,12.0 inch - 701+,,7.00,new
tactical-patches,Embroidery,CREATE,,13.0 inch - 701+,,8.20,new
tactical-patches,Embroidery,CREATE,,14.0 inch - 701+,,9.00,new
tactical-patches,Embroidery,CREATE,,15.0 inch - 701+,,10.00,new
tactical-patches,Embroidery,CREATE,,16.0 inch - 701+,,12.00,new
motorcycle-patches,Embroidery,UPDATE,1.0 inch - 10,1.0 inch - 10-15,6.99,6.99,+0%
motorcycle-patches,Embroidery,UPDATE,1.5 inch - 10,1.5 inch - 10-15,6.99,6.99,+0%
motorcycle-patches,Embroidery,UPDATE,2.0 inch - 10,2.0 inch - 10-15,6.99,6.99,+0%
motorcycle-patches,Embroidery,UPDATE,2.5 inch - 10,2.5 inch - 10-15,6.99,6.99,+0%
motorcycle-patches,Embroidery,UPDATE,3.0 inch - 10,3.0 inch - 10-15,7.99,7.99,+0%
motorcycle-patches,Embroidery,UPDATE,3.5 inch - 10,3.5 inch - 10-15,7.99,7.99,+0%
motorcycle-patches,Embroidery,UPDATE,4.0 inch - 10,4.0 inch - 10-15,7.99,7.99,+0%
motorcycle-patches,Embroidery,UPDATE,4.5 inch - 10,4.5 inch - 10-15,8.99,8.99,+0%
motorcycle-patches,Embroidery,UPDATE,5.0 inch - 10,5.0 inch - 10-15,10.00,10.00,+0%
motorcycle-patches,Embroidery,UPDATE,6.0 inch - 10,6.0 inch - 10-15,11.00,11.00,+0%
motorcycle-patches,Embroidery,UPDATE,7.0 inch - 10,7.0 inch - 10-15,12.00,12.00,+0%
motorcycle-patches,Embroidery,UPDATE,8.0 inch - 10,8.0 inch - 10-15,14.00,14.00,+0%
motorcycle-patches,Embroidery,UPDATE,9.0 inch - 10,9.0 inch - 10-15,16.00,16.00,+0%
motorcycle-patches,Embroidery,UPDATE,10.0 inch - 10,10.0 inch - 10-15,18.00,18.00,+0%
motorcycle-patches,Embroidery,UPDATE,11.0 inch - 10,11.0 inch - 10-15,20.00,20.00,+0%
motorcycle-patches,Embroidery,UPDATE,12.0 inch - 10,12.0 inch - 10-15,22.00,22.00,+0%
motorcycle-patches,Embroidery,UPDATE,13.0 inch - 10,13.0 inch - 10-15,23.00,23.00,+0%
motorcycle-patches,Embroidery,UPDATE,14.0 inch - 10,14.0 inch - 10-15,24.20,24.20,+0%
motorcycle-patches,Embroidery,UPDATE,15.0 inch - 10,15.0 inch - 10-15,25.40,25.40,+0%
motorcycle-patches,Embroidery,UPDATE,16.0 inch - 10,16.0 inch - 10-15,26.60,26.60,+0%
motorcycle-patches,Embroidery,UPDATE,1.0 inch - 11-25,1.0 inch - 16-25,6.36,3.75,-41%
motorcycle-patches,Embroidery,UPDATE,1.5 inch - 11-25,1.5 inch - 16-25,6.36,3.80,-40%
motorcycle-patches,Embroidery,UPDATE,2.0 inch - 11-25,2.0 inch - 16-25,6.36,3.95,-38%
motorcycle-patches,Embroidery,UPDATE,2.5 inch - 11-25,2.5 inch - 16-25,6.36,4.50,-29%
motorcycle-patches,Embroidery,UPDATE,3.0 inch - 11-25,3.0 inch - 16-25,6.36,5.00,-21%
motorcycle-patches,Embroidery,UPDATE,3.5 inch - 11-25,3.5 inch - 16-25,6.36,5.20,-18%
motorcycle-patches,Embroidery,UPDATE,4.0 inch - 11-25,4.0 inch - 16-25,6.36,5.80,-9%
motorcycle-patches,Embroidery,UPDATE,4.5 inch - 11-25,4.5 inch - 16-25,6.36,6.00,-6%
motorcycle-patches,Embroidery,UPDATE,5.0 inch - 11-25,5.0 inch - 16-25,7.20,7.20,+0%
motorcycle-patches,Embroidery,UPDATE,6.0 inch - 11-25,6.0 inch - 16-25,7.30,7.30,+0%
motorcycle-patches,Embroidery,UPDATE,7.0 inch - 11-25,7.0 inch - 16-25,9.00,9.00,+0%
motorcycle-patches,Embroidery,UPDATE,8.0 inch - 11-25,8.0 inch - 16-25,11.00,11.00,+0%
motorcycle-patches,Embroidery,UPDATE,9.0 inch - 11-25,9.0 inch - 16-25,13.00,13.00,+0%
motorcycle-patches,Embroidery,UPDATE,10.0 inch - 11-25,10.0 inch - 16-25,16.00,16.00,+0%
motorcycle-patches,Embroidery,UPDATE,11.0 inch - 11-25,11.0 inch - 16-25,18.00,18.00,+0%
motorcycle-patches,Embroidery,UPDATE,12.0 inch - 11-25,12.0 inch - 16-25,20.00,20.00,+0%
motorcycle-patches,Embroidery,UPDATE,13.0 inch - 11-25,13.0 inch - 16-25,21.00,21.00,+0%
motorcycle-patches,Embroidery,UPDATE,14.0 inch - 11-25,14.0 inch - 16-25,22.50,22.50,+0%
motorcycle-patches,Embroidery,UPDATE,15.0 inch - 11-25,15.0 inch - 16-25,23.70,23.70,+0%
motorcycle-patches,Embroidery,UPDATE,16.0 inch - 11-25,16.0 inch - 16-25,24.80,24.80,+0%
motorcycle-patches,Embroidery,UPDATE,1.0 inch - 26-50,1.0 inch - 26-50,3.75,3.75,+0%
motorcycle-patches,Embroidery,UPDATE,1.5 inch - 26-50,1.5 inch - 26-50,3.75,3.75,+0%
motorcycle-patches,Embroidery,UPDATE,2.0 inch - 26-50,2.0 inch - 26-50,3.75,3.75,+0%
motorcycle-patches,Embroidery,UPDATE,2.5 inch - 26-50,2.5 inch - 26-50,3.75,3.75,+0%
motorcycle-patches,Embroidery,UPDATE,3.0 inch - 26-50,3.0 inch - 26-50,3.75,3.75,+0%
motorcycle-patches,Embroidery,UPDATE,3.5 inch - 26-50,3.5 inch - 26-50,3.80,3.80,+0%
motorcycle-patches,Embroidery,UPDATE,4.0 inch - 26-50,4.0 inch - 26-50,3.80,3.80,+0%
motorcycle-patches,Embroidery,UPDATE,4.5 inch - 26-50,4.5 inch - 26-50,4.00,4.00,+0%
motorcycle-patches,Embroidery,UPDATE,5.0 inch - 26-50,5.0 inch - 26-50,4.50,4.50,+0%
motorcycle-patches,Embroidery,UPDATE,6.0 inch - 26-50,6.0 inch - 26-50,6.00,6.00,+0%
motorcycle-patches,Embroidery,UPDATE,7.0 inch - 26-50,7.0 inch - 26-50,8.00,8.00,+0%
motorcycle-patches,Embroidery,UPDATE,8.0 inch - 26-50,8.0 inch - 26-50,10.00,10.00,+0%
motorcycle-patches,Embroidery,UPDATE,9.0 inch - 26-50,9.0 inch - 26-50,12.00,12.00,+0%
motorcycle-patches,Embroidery,UPDATE,10.0 inch - 26-50,10.0 inch - 26-50,15.00,15.00,+0%
motorcycle-patches,Embroidery,UPDATE,11.0 inch - 26-50,11.0 inch - 26-50,16.00,16.00,+0%
motorcycle-patches,Embroidery,UPDATE,12.0 inch - 26-50,12.0 inch - 26-50,18.00,18.00,+0%
motorcycle-patches,Embroidery,UPDATE,13.0 inch - 26-50,13.0 inch - 26-50,19.00,19.00,+0%
motorcycle-patches,Embroidery,UPDATE,14.0 inch - 26-50,14.0 inch - 26-50,20.20,20.20,+0%
motorcycle-patches,Embroidery,UPDATE,15.0 inch - 26-50,15.0 inch - 26-50,21.40,21.40,+0%
motorcycle-patches,Embroidery,UPDATE,16.0 inch - 26-50,16.0 inch - 26-50,22.70,22.70,+0%
motorcycle-patches,Embroidery,UPDATE,1.0 inch - 51-100,1.0 inch - 51-100,2.40,2.40,+0%
motorcycle-patches,Embroidery,UPDATE,1.5 inch - 51-100,1.5 inch - 51-100,2.40,2.40,+0%
motorcycle-patches,Embroidery,UPDATE,2.0 inch - 51-100,2.0 inch - 51-100,2.40,2.40,+0%
motorcycle-patches,Embroidery,UPDATE,2.5 inch - 51-100,2.5 inch - 51-100,2.40,2.20,-8%
motorcycle-patches,Embroidery,UPDATE,3.0 inch - 51-100,3.0 inch - 51-100,2.40,2.14,-11%
motorcycle-patches,Embroidery,UPDATE,3.5 inch - 51-100,3.5 inch - 51-100,2.50,2.50,+0%
motorcycle-patches,Embroidery,UPDATE,4.0 inch - 51-100,4.0 inch - 51-100,2.86,2.86,+0%
motorcycle-patches,Embroidery,UPDATE,4.5 inch - 51-100,4.5 inch - 51-100,3.21,3.21,+0%
motorcycle-patches,Embroidery,UPDATE,5.0 inch - 51-100,5.0 inch - 51-100,3.58,3.58,+0%
motorcycle-patches,Embroidery,UPDATE,6.0 inch - 51-100,6.0 inch - 51-100,4.29,4.29,+0%
motorcycle-patches,Embroidery,UPDATE,7.0 inch - 51-100,7.0 inch - 51-100,5.01,5.01,+0%
motorcycle-patches,Embroidery,UPDATE,8.0 inch - 51-100,8.0 inch - 51-100,5.72,5.72,+0%
motorcycle-patches,Embroidery,UPDATE,9.0 inch - 51-100,9.0 inch - 51-100,6.43,6.43,+0%
motorcycle-patches,Embroidery,UPDATE,10.0 inch - 51-100,10.0 inch - 51-100,7.15,7.15,+0%
motorcycle-patches,Embroidery,UPDATE,11.0 inch - 51-100,11.0 inch - 51-100,7.87,7.87,+0%
motorcycle-patches,Embroidery,UPDATE,12.0 inch - 51-100,12.0 inch - 51-100,8.59,8.59,+0%
motorcycle-patches,Embroidery,UPDATE,13.0 inch - 51-100,13.0 inch - 51-100,10.20,10.20,+0%
motorcycle-patches,Embroidery,UPDATE,14.0 inch - 51-100,14.0 inch - 51-100,11.40,11.40,+0%
motorcycle-patches,Embroidery,UPDATE,15.0 inch - 51-100,15.0 inch - 51-100,12.80,12.80,+0%
motorcycle-patches,Embroidery,UPDATE,16.0 inch - 51-100,16.0 inch - 51-100,13.90,13.90,+0%
motorcycle-patches,Embroidery,UPDATE,1.0 inch - 101-199,1.0 inch - 101-200,0.70,2.20,+214%
motorcycle-patches,Embroidery,UPDATE,1.5 inch - 101-199,1.5 inch - 101-200,0.79,2.20,+178%
motorcycle-patches,Embroidery,UPDATE,2.0 inch - 101-199,2.0 inch - 101-200,1.06,2.20,+108%
motorcycle-patches,Embroidery,UPDATE,2.5 inch - 101-199,2.5 inch - 101-200,1.33,2.05,+54%
motorcycle-patches,Embroidery,UPDATE,3.0 inch - 101-199,3.0 inch - 101-200,1.59,1.98,+25%
motorcycle-patches,Embroidery,UPDATE,3.5 inch - 101-199,3.5 inch - 101-200,1.86,2.20,+18%
motorcycle-patches,Embroidery,UPDATE,4.0 inch - 101-199,4.0 inch - 101-200,2.11,2.50,+18%
motorcycle-patches,Embroidery,UPDATE,4.5 inch - 101-199,4.5 inch - 101-200,2.38,3.00,+26%
motorcycle-patches,Embroidery,UPDATE,5.0 inch - 101-199,5.0 inch - 101-200,2.64,3.30,+25%
motorcycle-patches,Embroidery,UPDATE,6.0 inch - 101-199,6.0 inch - 101-200,3.18,4.05,+27%
motorcycle-patches,Embroidery,UPDATE,7.0 inch - 101-199,7.0 inch - 101-200,3.71,4.80,+29%
motorcycle-patches,Embroidery,UPDATE,8.0 inch - 101-199,8.0 inch - 101-200,4.23,5.40,+28%
motorcycle-patches,Embroidery,UPDATE,9.0 inch - 101-199,9.0 inch - 101-200,4.76,6.10,+28%
motorcycle-patches,Embroidery,UPDATE,10.0 inch - 101-199,10.0 inch - 101-200,5.30,6.90,+30%
motorcycle-patches,Embroidery,UPDATE,11.0 inch - 101-199,11.0 inch - 101-200,5.82,7.40,+27%
motorcycle-patches,Embroidery,UPDATE,12.0 inch - 101-199,12.0 inch - 101-200,6.35,8.30,+31%
motorcycle-patches,Embroidery,UPDATE,13.0 inch - 101-199,13.0 inch - 101-200,7.50,9.90,+32%
motorcycle-patches,Embroidery,UPDATE,14.0 inch - 101-199,14.0 inch - 101-200,8.80,11.05,+26%
motorcycle-patches,Embroidery,UPDATE,15.0 inch - 101-199,15.0 inch - 101-200,9.95,12.20,+23%
motorcycle-patches,Embroidery,UPDATE,16.0 inch - 101-199,16.0 inch - 101-200,10.95,13.30,+21%
motorcycle-patches,Embroidery,UPDATE,1.0 inch - 200-499,1.0 inch - 201-300,0.38,1.80,+374%
motorcycle-patches,Embroidery,UPDATE,1.5 inch - 200-499,1.5 inch - 201-300,0.56,1.80,+221%
motorcycle-patches,Embroidery,UPDATE,2.0 inch - 200-499,2.0 inch - 201-300,0.71,1.80,+154%
motorcycle-patches,Embroidery,UPDATE,2.5 inch - 200-499,2.5 inch - 201-300,0.94,1.80,+91%
motorcycle-patches,Embroidery,UPDATE,3.0 inch - 200-499,3.0 inch - 201-300,1.11,1.50,+35%
motorcycle-patches,Embroidery,UPDATE,3.5 inch - 200-499,3.5 inch - 201-300,1.30,1.80,+38%
motorcycle-patches,Embroidery,UPDATE,4.0 inch - 200-499,4.0 inch - 201-300,1.49,2.00,+34%
motorcycle-patches,Embroidery,UPDATE,4.5 inch - 200-499,4.5 inch - 201-300,1.68,2.55,+52%
motorcycle-patches,Embroidery,UPDATE,5.0 inch - 200-499,5.0 inch - 201-300,1.86,3.00,+61%
motorcycle-patches,Embroidery,UPDATE,6.0 inch - 200-499,6.0 inch - 201-300,2.24,3.80,+70%
motorcycle-patches,Embroidery,UPDATE,7.0 inch - 200-499,7.0 inch - 201-300,2.60,4.50,+73%
motorcycle-patches,Embroidery,UPDATE,8.0 inch - 200-499,8.0 inch - 201-300,2.98,5.10,+71%
motorcycle-patches,Embroidery,UPDATE,9.0 inch - 200-499,9.0 inch - 201-300,3.34,5.90,+77%
motorcycle-patches,Embroidery,UPDATE,10.0 inch - 200-499,10.0 inch - 201-300,3.72,6.50,+75%
motorcycle-patches,Embroidery,UPDATE,11.0 inch - 200-499,11.0 inch - 201-300,4.09,7.10,+74%
motorcycle-patches,Embroidery,UPDATE,12.0 inch - 200-499,12.0 inch - 201-300,4.47,8.00,+79%
motorcycle-patches,Embroidery,UPDATE,13.0 inch - 200-499,13.0 inch - 201-300,5.60,9.60,+71%
motorcycle-patches,Embroidery,UPDATE,14.0 inch - 200-499,14.0 inch - 201-300,6.75,10.80,+60%
motorcycle-patches,Embroidery,UPDATE,15.0 inch - 200-499,15.0 inch - 201-300,7.80,12.00,+54%
motorcycle-patches,Embroidery,UPDATE,16.0 inch - 200-499,16.0 inch - 201-300,8.85,13.00,+47%
motorcycle-patches,Embroidery,UPDATE,1.0 inch - 500-999,1.0 inch - 301-400,0.27,1.60,+493%
motorcycle-patches,Embroidery,UPDATE,1.5 inch - 500-999,1.5 inch - 301-400,0.41,1.60,+290%
motorcycle-patches,Embroidery,UPDATE,2.0 inch - 500-999,2.0 inch - 301-400,0.54,1.60,+196%
motorcycle-patches,Embroidery,UPDATE,2.5 inch - 500-999,2.5 inch - 301-400,0.68,1.60,+135%
motorcycle-patches,Embroidery,UPDATE,3.0 inch - 500-999,3.0 inch - 301-400,0.81,1.20,+48%
motorcycle-patches,Embroidery,UPDATE,3.5 inch - 500-999,3.5 inch - 301-400,0.94,1.60,+70%
motorcycle-patches,Embroidery,UPDATE,4.0 inch - 500-999,4.0 inch - 301-400,1.09,1.80,+65%
motorcycle-patches,Embroidery,UPDATE,4.5 inch - 500-999,4.5 inch - 301-400,1.22,2.45,+101%
motorcycle-patches,Embroidery,UPDATE,5.0 inch - 500-999,5.0 inch - 301-400,1.36,2.80,+106%
motorcycle-patches,Embroidery,UPDATE,6.0 inch - 500-999,6.0 inch - 301-400,1.64,3.60,+120%
motorcycle-patches,Embroidery,UPDATE,7.0 inch - 500-999,7.0 inch - 301-400,1.90,4.30,+126%
motorcycle-patches,Embroidery,UPDATE,8.0 inch - 500-999,8.0 inch - 301-400,2.17,4.80,+121%
motorcycle-patches,Embroidery,UPDATE,9.0 inch - 500-999,9.0 inch - 301-400,2.45,5.70,+133%
motorcycle-patches,Embroidery,UPDATE,10.0 inch - 500-999,10.0 inch - 301-400,2.72,6.30,+132%
motorcycle-patches,Embroidery,UPDATE,11.0 inch - 500-999,11.0 inch - 301-400,2.99,6.80,+127%
motorcycle-patches,Embroidery,UPDATE,12.0 inch - 500-999,12.0 inch - 301-400,3.26,7.80,+139%
motorcycle-patches,Embroidery,UPDATE,13.0 inch - 500-999,13.0 inch - 301-400,4.30,9.30,+116%
motorcycle-patches,Embroidery,UPDATE,14.0 inch - 500-999,14.0 inch - 301-400,5.45,10.40,+91%
motorcycle-patches,Embroidery,UPDATE,15.0 inch - 500-999,15.0 inch - 301-400,6.80,11.80,+74%
motorcycle-patches,Embroidery,UPDATE,16.0 inch - 500-999,16.0 inch - 301-400,7.95,12.80,+61%
motorcycle-patches,Embroidery,UPDATE,1.0 inch - 1000+,1.0 inch - 401-500,0.25,1.40,+460%
motorcycle-patches,Embroidery,UPDATE,1.5 inch - 1000+,1.5 inch - 401-500,0.37,1.40,+278%
motorcycle-patches,Embroidery,UPDATE,2.0 inch - 1000+,2.0 inch - 401-500,0.49,1.40,+186%
motorcycle-patches,Embroidery,UPDATE,2.5 inch - 1000+,2.5 inch - 401-500,0.61,1.40,+130%
motorcycle-patches,Embroidery,UPDATE,3.0 inch - 1000+,3.0 inch - 401-500,0.73,1.00,+37%
motorcycle-patches,Embroidery,UPDATE,3.5 inch - 1000+,3.5 inch - 401-500,0.84,1.40,+67%
motorcycle-patches,Embroidery,UPDATE,4.0 inch - 1000+,4.0 inch - 401-500,0.98,1.60,+63%
motorcycle-patches,Embroidery,UPDATE,4.5 inch - 1000+,4.5 inch - 401-500,1.11,2.25,+103%
motorcycle-patches,Embroidery,UPDATE,5.0 inch - 1000+,5.0 inch - 401-500,1.21,2.60,+115%
motorcycle-patches,Embroidery,UPDATE,6.0 inch - 1000+,6.0 inch - 401-500,1.46,3.40,+133%
motorcycle-patches,Embroidery,UPDATE,7.0 inch - 1000+,7.0 inch - 401-500,1.70,4.10,+141%
motorcycle-patches,Embroidery,UPDATE,8.0 inch - 1000+,8.0 inch - 401-500,1.96,4.60,+135%
motorcycle-patches,Embroidery,UPDATE,9.0 inch - 1000+,9.0 inch - 401-500,2.19,5.50,+151%
motorcycle-patches,Embroidery,UPDATE,10.0 inch - 1000+,10.0 inch - 401-500,2.43,6.10,+151%
motorcycle-patches,Embroidery,UPDATE,11.0 inch - 1000+,11.0 inch - 401-500,2.67,6.50,+143%
motorcycle-patches,Embroidery,UPDATE,12.0 inch - 1000+,12.0 inch - 401-500,2.92,7.60,+160%
motorcycle-patches,Embroidery,UPDATE,13.0 inch - 1000+,13.0 inch - 401-500,3.98,9.10,+129%
motorcycle-patches,Embroidery,UPDATE,14.0 inch - 1000+,14.0 inch - 401-500,5.10,10.20,+100%
motorcycle-patches,Embroidery,UPDATE,15.0 inch - 1000+,15.0 inch - 401-500,6.40,11.50,+80%
motorcycle-patches,Embroidery,UPDATE,16.0 inch - 1000+,16.0 inch - 401-500,7.60,12.40,+63%
motorcycle-patches,Embroidery,CREATE,,1.0 inch - 501-700,,1.20,new
motorcycle-patches,Embroidery,CREATE,,1.5 inch - 501-700,,1.20,new
motorcycle-patches,Embroidery,CREATE,,2.0 inch - 501-700,,1.20,new
motorcycle-patches,Embroidery,CREATE,,2.5 inch - 501-700,,1.20,new
motorcycle-patches,Embroidery,CREATE,,3.0 inch - 501-700,,0.81,new
motorcycle-patches,Embroidery,CREATE,,3.5 inch - 501-700,,1.05,new
motorcycle-patches,Embroidery,CREATE,,4.0 inch - 501-700,,1.30,new
motorcycle-patches,Embroidery,CREATE,,4.5 inch - 501-700,,2.00,new
motorcycle-patches,Embroidery,CREATE,,5.0 inch - 501-700,,2.40,new
motorcycle-patches,Embroidery,CREATE,,6.0 inch - 501-700,,3.10,new
motorcycle-patches,Embroidery,CREATE,,7.0 inch - 501-700,,4.00,new
motorcycle-patches,Embroidery,CREATE,,8.0 inch - 501-700,,4.30,new
motorcycle-patches,Embroidery,CREATE,,9.0 inch - 501-700,,5.20,new
motorcycle-patches,Embroidery,CREATE,,10.0 inch - 501-700,,5.80,new
motorcycle-patches,Embroidery,CREATE,,11.0 inch - 501-700,,6.20,new
motorcycle-patches,Embroidery,CREATE,,12.0 inch - 501-700,,7.30,new
motorcycle-patches,Embroidery,CREATE,,13.0 inch - 501-700,,8.50,new
motorcycle-patches,Embroidery,CREATE,,14.0 inch - 501-700,,9.50,new
motorcycle-patches,Embroidery,CREATE,,15.0 inch - 501-700,,10.80,new
motorcycle-patches,Embroidery,CREATE,,16.0 inch - 501-700,,12.00,new
motorcycle-patches,Embroidery,CREATE,,1.0 inch - 701+,,0.95,new
motorcycle-patches,Embroidery,CREATE,,1.5 inch - 701+,,0.95,new
motorcycle-patches,Embroidery,CREATE,,2.0 inch - 701+,,0.95,new
motorcycle-patches,Embroidery,CREATE,,2.5 inch - 701+,,0.95,new
motorcycle-patches,Embroidery,CREATE,,3.0 inch - 701+,,0.75,new
motorcycle-patches,Embroidery,CREATE,,3.5 inch - 701+,,1.00,new
motorcycle-patches,Embroidery,CREATE,,4.0 inch - 701+,,1.10,new
motorcycle-patches,Embroidery,CREATE,,4.5 inch - 701+,,1.80,new
motorcycle-patches,Embroidery,CREATE,,5.0 inch - 701+,,2.20,new
motorcycle-patches,Embroidery,CREATE,,6.0 inch - 701+,,2.80,new
motorcycle-patches,Embroidery,CREATE,,7.0 inch - 701+,,3.80,new
motorcycle-patches,Embroidery,CREATE,,8.0 inch - 701+,,4.00,new
motorcycle-patches,Embroidery,CREATE,,9.0 inch - 701+,,5.00,new
motorcycle-patches,Embroidery,CREATE,,10.0 inch - 701+,,5.50,new
motorcycle-patches,Embroidery,CREATE,,11.0 inch - 701+,,6.00,new
motorcycle-patches,Embroidery,CREATE,,12.0 inch - 701+,,7.00,new
motorcycle-patches,Embroidery,CREATE,,13.0 inch - 701+,,8.20,new
motorcycle-patches,Embroidery,CREATE,,14.0 inch - 701+,,9.00,new
motorcycle-patches,Embroidery,CREATE,,15.0 inch - 701+,,10.00,new
motorcycle-patches,Embroidery,CREATE,,16.0 inch - 701+,,12.00,new
girl-scout-patches,Embroidery,UPDATE,1.0 inch - 10,1.0 inch - 10-15,6.99,6.99,+0%
girl-scout-patches,Embroidery,UPDATE,1.5 inch - 10,1.5 inch - 10-15,6.99,6.99,+0%
girl-scout-patches,Embroidery,UPDATE,2.0 inch - 10,2.0 inch - 10-15,6.99,6.99,+0%
girl-scout-patches,Embroidery,UPDATE,2.5 inch - 10,2.5 inch - 10-15,6.99,6.99,+0%
girl-scout-patches,Embroidery,UPDATE,3.0 inch - 10,3.0 inch - 10-15,7.99,7.99,+0%
girl-scout-patches,Embroidery,UPDATE,3.5 inch - 10,3.5 inch - 10-15,7.99,7.99,+0%
girl-scout-patches,Embroidery,UPDATE,4.0 inch - 10,4.0 inch - 10-15,7.99,7.99,+0%
girl-scout-patches,Embroidery,UPDATE,4.5 inch - 10,4.5 inch - 10-15,8.99,8.99,+0%
girl-scout-patches,Embroidery,UPDATE,5.0 inch - 10,5.0 inch - 10-15,10.00,10.00,+0%
girl-scout-patches,Embroidery,UPDATE,6.0 inch - 10,6.0 inch - 10-15,11.00,11.00,+0%
girl-scout-patches,Embroidery,UPDATE,7.0 inch - 10,7.0 inch - 10-15,12.00,12.00,+0%
girl-scout-patches,Embroidery,UPDATE,8.0 inch - 10,8.0 inch - 10-15,14.00,14.00,+0%
girl-scout-patches,Embroidery,UPDATE,9.0 inch - 10,9.0 inch - 10-15,16.00,16.00,+0%
girl-scout-patches,Embroidery,UPDATE,10.0 inch - 10,10.0 inch - 10-15,18.00,18.00,+0%
girl-scout-patches,Embroidery,UPDATE,11.0 inch - 10,11.0 inch - 10-15,20.00,20.00,+0%
girl-scout-patches,Embroidery,UPDATE,12.0 inch - 10,12.0 inch - 10-15,22.00,22.00,+0%
girl-scout-patches,Embroidery,UPDATE,13.0 inch - 10,13.0 inch - 10-15,23.00,23.00,+0%
girl-scout-patches,Embroidery,UPDATE,14.0 inch - 10,14.0 inch - 10-15,24.20,24.20,+0%
girl-scout-patches,Embroidery,UPDATE,15.0 inch - 10,15.0 inch - 10-15,25.40,25.40,+0%
girl-scout-patches,Embroidery,UPDATE,16.0 inch - 10,16.0 inch - 10-15,26.60,26.60,+0%
girl-scout-patches,Embroidery,UPDATE,1.0 inch - 11-25,1.0 inch - 16-25,6.36,3.75,-41%
girl-scout-patches,Embroidery,UPDATE,1.5 inch - 11-25,1.5 inch - 16-25,6.36,3.80,-40%
girl-scout-patches,Embroidery,UPDATE,2.0 inch - 11-25,2.0 inch - 16-25,6.36,3.95,-38%
girl-scout-patches,Embroidery,UPDATE,2.5 inch - 11-25,2.5 inch - 16-25,6.36,4.50,-29%
girl-scout-patches,Embroidery,UPDATE,3.0 inch - 11-25,3.0 inch - 16-25,6.36,5.00,-21%
girl-scout-patches,Embroidery,UPDATE,3.5 inch - 11-25,3.5 inch - 16-25,6.36,5.20,-18%
girl-scout-patches,Embroidery,UPDATE,4.0 inch - 11-25,4.0 inch - 16-25,6.36,5.80,-9%
girl-scout-patches,Embroidery,UPDATE,4.5 inch - 11-25,4.5 inch - 16-25,6.36,6.00,-6%
girl-scout-patches,Embroidery,UPDATE,5.0 inch - 11-25,5.0 inch - 16-25,7.20,7.20,+0%
girl-scout-patches,Embroidery,UPDATE,6.0 inch - 11-25,6.0 inch - 16-25,7.30,7.30,+0%
girl-scout-patches,Embroidery,UPDATE,7.0 inch - 11-25,7.0 inch - 16-25,9.00,9.00,+0%
girl-scout-patches,Embroidery,UPDATE,8.0 inch - 11-25,8.0 inch - 16-25,11.00,11.00,+0%
girl-scout-patches,Embroidery,UPDATE,9.0 inch - 11-25,9.0 inch - 16-25,13.00,13.00,+0%
girl-scout-patches,Embroidery,UPDATE,10.0 inch - 11-25,10.0 inch - 16-25,16.00,16.00,+0%
girl-scout-patches,Embroidery,UPDATE,11.0 inch - 11-25,11.0 inch - 16-25,18.00,18.00,+0%
girl-scout-patches,Embroidery,UPDATE,12.0 inch - 11-25,12.0 inch - 16-25,20.00,20.00,+0%
girl-scout-patches,Embroidery,UPDATE,13.0 inch - 11-25,13.0 inch - 16-25,21.00,21.00,+0%
girl-scout-patches,Embroidery,UPDATE,14.0 inch - 11-25,14.0 inch - 16-25,22.50,22.50,+0%
girl-scout-patches,Embroidery,UPDATE,15.0 inch - 11-25,15.0 inch - 16-25,23.70,23.70,+0%
girl-scout-patches,Embroidery,UPDATE,16.0 inch - 11-25,16.0 inch - 16-25,24.80,24.80,+0%
girl-scout-patches,Embroidery,UPDATE,1.0 inch - 26-50,1.0 inch - 26-50,3.75,3.75,+0%
girl-scout-patches,Embroidery,UPDATE,1.5 inch - 26-50,1.5 inch - 26-50,3.75,3.75,+0%
girl-scout-patches,Embroidery,UPDATE,2.0 inch - 26-50,2.0 inch - 26-50,3.75,3.75,+0%
girl-scout-patches,Embroidery,UPDATE,2.5 inch - 26-50,2.5 inch - 26-50,3.75,3.75,+0%
girl-scout-patches,Embroidery,UPDATE,3.0 inch - 26-50,3.0 inch - 26-50,3.75,3.75,+0%
girl-scout-patches,Embroidery,UPDATE,3.5 inch - 26-50,3.5 inch - 26-50,3.80,3.80,+0%
girl-scout-patches,Embroidery,UPDATE,4.0 inch - 26-50,4.0 inch - 26-50,3.80,3.80,+0%
girl-scout-patches,Embroidery,UPDATE,4.5 inch - 26-50,4.5 inch - 26-50,4.00,4.00,+0%
girl-scout-patches,Embroidery,UPDATE,5.0 inch - 26-50,5.0 inch - 26-50,4.50,4.50,+0%
girl-scout-patches,Embroidery,UPDATE,6.0 inch - 26-50,6.0 inch - 26-50,6.00,6.00,+0%
girl-scout-patches,Embroidery,UPDATE,7.0 inch - 26-50,7.0 inch - 26-50,8.00,8.00,+0%
girl-scout-patches,Embroidery,UPDATE,8.0 inch - 26-50,8.0 inch - 26-50,10.00,10.00,+0%
girl-scout-patches,Embroidery,UPDATE,9.0 inch - 26-50,9.0 inch - 26-50,12.00,12.00,+0%
girl-scout-patches,Embroidery,UPDATE,10.0 inch - 26-50,10.0 inch - 26-50,15.00,15.00,+0%
girl-scout-patches,Embroidery,UPDATE,11.0 inch - 26-50,11.0 inch - 26-50,16.00,16.00,+0%
girl-scout-patches,Embroidery,UPDATE,12.0 inch - 26-50,12.0 inch - 26-50,18.00,18.00,+0%
girl-scout-patches,Embroidery,UPDATE,13.0 inch - 26-50,13.0 inch - 26-50,19.00,19.00,+0%
girl-scout-patches,Embroidery,UPDATE,14.0 inch - 26-50,14.0 inch - 26-50,20.20,20.20,+0%
girl-scout-patches,Embroidery,UPDATE,15.0 inch - 26-50,15.0 inch - 26-50,21.40,21.40,+0%
girl-scout-patches,Embroidery,UPDATE,16.0 inch - 26-50,16.0 inch - 26-50,22.70,22.70,+0%
girl-scout-patches,Embroidery,UPDATE,1.0 inch - 51-100,1.0 inch - 51-100,2.40,2.40,+0%
girl-scout-patches,Embroidery,UPDATE,1.5 inch - 51-100,1.5 inch - 51-100,2.40,2.40,+0%
girl-scout-patches,Embroidery,UPDATE,2.0 inch - 51-100,2.0 inch - 51-100,2.40,2.40,+0%
girl-scout-patches,Embroidery,UPDATE,2.5 inch - 51-100,2.5 inch - 51-100,2.40,2.20,-8%
girl-scout-patches,Embroidery,UPDATE,3.0 inch - 51-100,3.0 inch - 51-100,2.40,2.14,-11%
girl-scout-patches,Embroidery,UPDATE,3.5 inch - 51-100,3.5 inch - 51-100,2.50,2.50,+0%
girl-scout-patches,Embroidery,UPDATE,4.0 inch - 51-100,4.0 inch - 51-100,2.86,2.86,+0%
girl-scout-patches,Embroidery,UPDATE,4.5 inch - 51-100,4.5 inch - 51-100,3.21,3.21,+0%
girl-scout-patches,Embroidery,UPDATE,5.0 inch - 51-100,5.0 inch - 51-100,3.58,3.58,+0%
girl-scout-patches,Embroidery,UPDATE,6.0 inch - 51-100,6.0 inch - 51-100,4.29,4.29,+0%
girl-scout-patches,Embroidery,UPDATE,7.0 inch - 51-100,7.0 inch - 51-100,5.01,5.01,+0%
girl-scout-patches,Embroidery,UPDATE,8.0 inch - 51-100,8.0 inch - 51-100,5.72,5.72,+0%
girl-scout-patches,Embroidery,UPDATE,9.0 inch - 51-100,9.0 inch - 51-100,6.43,6.43,+0%
girl-scout-patches,Embroidery,UPDATE,10.0 inch - 51-100,10.0 inch - 51-100,7.15,7.15,+0%
girl-scout-patches,Embroidery,UPDATE,11.0 inch - 51-100,11.0 inch - 51-100,7.87,7.87,+0%
girl-scout-patches,Embroidery,UPDATE,12.0 inch - 51-100,12.0 inch - 51-100,8.59,8.59,+0%
girl-scout-patches,Embroidery,UPDATE,13.0 inch - 51-100,13.0 inch - 51-100,10.20,10.20,+0%
girl-scout-patches,Embroidery,UPDATE,14.0 inch - 51-100,14.0 inch - 51-100,11.40,11.40,+0%
girl-scout-patches,Embroidery,UPDATE,15.0 inch - 51-100,15.0 inch - 51-100,12.80,12.80,+0%
girl-scout-patches,Embroidery,UPDATE,16.0 inch - 51-100,16.0 inch - 51-100,13.90,13.90,+0%
girl-scout-patches,Embroidery,UPDATE,1.0 inch - 101-199,1.0 inch - 101-200,0.70,2.20,+214%
girl-scout-patches,Embroidery,UPDATE,1.5 inch - 101-199,1.5 inch - 101-200,0.79,2.20,+178%
girl-scout-patches,Embroidery,UPDATE,2.0 inch - 101-199,2.0 inch - 101-200,1.06,2.20,+108%
girl-scout-patches,Embroidery,UPDATE,2.5 inch - 101-199,2.5 inch - 101-200,1.33,2.05,+54%
girl-scout-patches,Embroidery,UPDATE,3.0 inch - 101-199,3.0 inch - 101-200,1.59,1.98,+25%
girl-scout-patches,Embroidery,UPDATE,3.5 inch - 101-199,3.5 inch - 101-200,1.86,2.20,+18%
girl-scout-patches,Embroidery,UPDATE,4.0 inch - 101-199,4.0 inch - 101-200,2.11,2.50,+18%
girl-scout-patches,Embroidery,UPDATE,4.5 inch - 101-199,4.5 inch - 101-200,2.38,3.00,+26%
girl-scout-patches,Embroidery,UPDATE,5.0 inch - 101-199,5.0 inch - 101-200,2.64,3.30,+25%
girl-scout-patches,Embroidery,UPDATE,6.0 inch - 101-199,6.0 inch - 101-200,3.18,4.05,+27%
girl-scout-patches,Embroidery,UPDATE,7.0 inch - 101-199,7.0 inch - 101-200,3.71,4.80,+29%
girl-scout-patches,Embroidery,UPDATE,8.0 inch - 101-199,8.0 inch - 101-200,4.23,5.40,+28%
girl-scout-patches,Embroidery,UPDATE,9.0 inch - 101-199,9.0 inch - 101-200,4.76,6.10,+28%
girl-scout-patches,Embroidery,UPDATE,10.0 inch - 101-199,10.0 inch - 101-200,5.30,6.90,+30%
girl-scout-patches,Embroidery,UPDATE,11.0 inch - 101-199,11.0 inch - 101-200,5.82,7.40,+27%
girl-scout-patches,Embroidery,UPDATE,12.0 inch - 101-199,12.0 inch - 101-200,6.35,8.30,+31%
girl-scout-patches,Embroidery,UPDATE,13.0 inch - 101-199,13.0 inch - 101-200,7.50,9.90,+32%
girl-scout-patches,Embroidery,UPDATE,14.0 inch - 101-199,14.0 inch - 101-200,8.80,11.05,+26%
girl-scout-patches,Embroidery,UPDATE,15.0 inch - 101-199,15.0 inch - 101-200,9.95,12.20,+23%
girl-scout-patches,Embroidery,UPDATE,16.0 inch - 101-199,16.0 inch - 101-200,10.95,13.30,+21%
girl-scout-patches,Embroidery,UPDATE,1.0 inch - 200-499,1.0 inch - 201-300,0.38,1.80,+374%
girl-scout-patches,Embroidery,UPDATE,1.5 inch - 200-499,1.5 inch - 201-300,0.56,1.80,+221%
girl-scout-patches,Embroidery,UPDATE,2.0 inch - 200-499,2.0 inch - 201-300,0.71,1.80,+154%
girl-scout-patches,Embroidery,UPDATE,2.5 inch - 200-499,2.5 inch - 201-300,0.94,1.80,+91%
girl-scout-patches,Embroidery,UPDATE,3.0 inch - 200-499,3.0 inch - 201-300,1.11,1.50,+35%
girl-scout-patches,Embroidery,UPDATE,3.5 inch - 200-499,3.5 inch - 201-300,1.30,1.80,+38%
girl-scout-patches,Embroidery,UPDATE,4.0 inch - 200-499,4.0 inch - 201-300,1.49,2.00,+34%
girl-scout-patches,Embroidery,UPDATE,4.5 inch - 200-499,4.5 inch - 201-300,1.68,2.55,+52%
girl-scout-patches,Embroidery,UPDATE,5.0 inch - 200-499,5.0 inch - 201-300,1.86,3.00,+61%
girl-scout-patches,Embroidery,UPDATE,6.0 inch - 200-499,6.0 inch - 201-300,2.24,3.80,+70%
girl-scout-patches,Embroidery,UPDATE,7.0 inch - 200-499,7.0 inch - 201-300,2.60,4.50,+73%
girl-scout-patches,Embroidery,UPDATE,8.0 inch - 200-499,8.0 inch - 201-300,2.98,5.10,+71%
girl-scout-patches,Embroidery,UPDATE,9.0 inch - 200-499,9.0 inch - 201-300,3.34,5.90,+77%
girl-scout-patches,Embroidery,UPDATE,10.0 inch - 200-499,10.0 inch - 201-300,3.72,6.50,+75%
girl-scout-patches,Embroidery,UPDATE,11.0 inch - 200-499,11.0 inch - 201-300,4.09,7.10,+74%
girl-scout-patches,Embroidery,UPDATE,12.0 inch - 200-499,12.0 inch - 201-300,4.47,8.00,+79%
girl-scout-patches,Embroidery,UPDATE,13.0 inch - 200-499,13.0 inch - 201-300,5.60,9.60,+71%
girl-scout-patches,Embroidery,UPDATE,14.0 inch - 200-499,14.0 inch - 201-300,6.75,10.80,+60%
girl-scout-patches,Embroidery,UPDATE,15.0 inch - 200-499,15.0 inch - 201-300,7.80,12.00,+54%
girl-scout-patches,Embroidery,UPDATE,16.0 inch - 200-499,16.0 inch - 201-300,8.85,13.00,+47%
girl-scout-patches,Embroidery,UPDATE,1.0 inch - 500-999,1.0 inch - 301-400,0.27,1.60,+493%
girl-scout-patches,Embroidery,UPDATE,1.5 inch - 500-999,1.5 inch - 301-400,0.41,1.60,+290%
girl-scout-patches,Embroidery,UPDATE,2.0 inch - 500-999,2.0 inch - 301-400,0.54,1.60,+196%
girl-scout-patches,Embroidery,UPDATE,2.5 inch - 500-999,2.5 inch - 301-400,0.68,1.60,+135%
girl-scout-patches,Embroidery,UPDATE,3.0 inch - 500-999,3.0 inch - 301-400,0.81,1.20,+48%
girl-scout-patches,Embroidery,UPDATE,3.5 inch - 500-999,3.5 inch - 301-400,0.94,1.60,+70%
girl-scout-patches,Embroidery,UPDATE,4.0 inch - 500-999,4.0 inch - 301-400,1.09,1.80,+65%
girl-scout-patches,Embroidery,UPDATE,4.5 inch - 500-999,4.5 inch - 301-400,1.22,2.45,+101%
girl-scout-patches,Embroidery,UPDATE,5.0 inch - 500-999,5.0 inch - 301-400,1.36,2.80,+106%
girl-scout-patches,Embroidery,UPDATE,6.0 inch - 500-999,6.0 inch - 301-400,1.64,3.60,+120%
girl-scout-patches,Embroidery,UPDATE,7.0 inch - 500-999,7.0 inch - 301-400,1.90,4.30,+126%
girl-scout-patches,Embroidery,UPDATE,8.0 inch - 500-999,8.0 inch - 301-400,2.17,4.80,+121%
girl-scout-patches,Embroidery,UPDATE,9.0 inch - 500-999,9.0 inch - 301-400,2.45,5.70,+133%
girl-scout-patches,Embroidery,UPDATE,10.0 inch - 500-999,10.0 inch - 301-400,2.72,6.30,+132%
girl-scout-patches,Embroidery,UPDATE,11.0 inch - 500-999,11.0 inch - 301-400,2.99,6.80,+127%
girl-scout-patches,Embroidery,UPDATE,12.0 inch - 500-999,12.0 inch - 301-400,3.26,7.80,+139%
girl-scout-patches,Embroidery,UPDATE,13.0 inch - 500-999,13.0 inch - 301-400,4.30,9.30,+116%
girl-scout-patches,Embroidery,UPDATE,14.0 inch - 500-999,14.0 inch - 301-400,5.45,10.40,+91%
girl-scout-patches,Embroidery,UPDATE,15.0 inch - 500-999,15.0 inch - 301-400,6.80,11.80,+74%
girl-scout-patches,Embroidery,UPDATE,16.0 inch - 500-999,16.0 inch - 301-400,7.95,12.80,+61%
girl-scout-patches,Embroidery,UPDATE,1.0 inch - 1000+,1.0 inch - 401-500,0.25,1.40,+460%
girl-scout-patches,Embroidery,UPDATE,1.5 inch - 1000+,1.5 inch - 401-500,0.37,1.40,+278%
girl-scout-patches,Embroidery,UPDATE,2.0 inch - 1000+,2.0 inch - 401-500,0.49,1.40,+186%
girl-scout-patches,Embroidery,UPDATE,2.5 inch - 1000+,2.5 inch - 401-500,0.61,1.40,+130%
girl-scout-patches,Embroidery,UPDATE,3.0 inch - 1000+,3.0 inch - 401-500,0.73,1.00,+37%
girl-scout-patches,Embroidery,UPDATE,3.5 inch - 1000+,3.5 inch - 401-500,0.84,1.40,+67%
girl-scout-patches,Embroidery,UPDATE,4.0 inch - 1000+,4.0 inch - 401-500,0.98,1.60,+63%
girl-scout-patches,Embroidery,UPDATE,4.5 inch - 1000+,4.5 inch - 401-500,1.11,2.25,+103%
girl-scout-patches,Embroidery,UPDATE,5.0 inch - 1000+,5.0 inch - 401-500,1.21,2.60,+115%
girl-scout-patches,Embroidery,UPDATE,6.0 inch - 1000+,6.0 inch - 401-500,1.46,3.40,+133%
girl-scout-patches,Embroidery,UPDATE,7.0 inch - 1000+,7.0 inch - 401-500,1.70,4.10,+141%
girl-scout-patches,Embroidery,UPDATE,8.0 inch - 1000+,8.0 inch - 401-500,1.96,4.60,+135%
girl-scout-patches,Embroidery,UPDATE,9.0 inch - 1000+,9.0 inch - 401-500,2.19,5.50,+151%
girl-scout-patches,Embroidery,UPDATE,10.0 inch - 1000+,10.0 inch - 401-500,2.43,6.10,+151%
girl-scout-patches,Embroidery,UPDATE,11.0 inch - 1000+,11.0 inch - 401-500,2.67,6.50,+143%
girl-scout-patches,Embroidery,UPDATE,12.0 inch - 1000+,12.0 inch - 401-500,2.92,7.60,+160%
girl-scout-patches,Embroidery,UPDATE,13.0 inch - 1000+,13.0 inch - 401-500,3.98,9.10,+129%
girl-scout-patches,Embroidery,UPDATE,14.0 inch - 1000+,14.0 inch - 401-500,5.10,10.20,+100%
girl-scout-patches,Embroidery,UPDATE,15.0 inch - 1000+,15.0 inch - 401-500,6.40,11.50,+80%
girl-scout-patches,Embroidery,UPDATE,16.0 inch - 1000+,16.0 inch - 401-500,7.60,12.40,+63%
girl-scout-patches,Embroidery,CREATE,,1.0 inch - 501-700,,1.20,new
girl-scout-patches,Embroidery,CREATE,,1.5 inch - 501-700,,1.20,new
girl-scout-patches,Embroidery,CREATE,,2.0 inch - 501-700,,1.20,new
girl-scout-patches,Embroidery,CREATE,,2.5 inch - 501-700,,1.20,new
girl-scout-patches,Embroidery,CREATE,,3.0 inch - 501-700,,0.81,new
girl-scout-patches,Embroidery,CREATE,,3.5 inch - 501-700,,1.05,new
girl-scout-patches,Embroidery,CREATE,,4.0 inch - 501-700,,1.30,new
girl-scout-patches,Embroidery,CREATE,,4.5 inch - 501-700,,2.00,new
girl-scout-patches,Embroidery,CREATE,,5.0 inch - 501-700,,2.40,new
girl-scout-patches,Embroidery,CREATE,,6.0 inch - 501-700,,3.10,new
girl-scout-patches,Embroidery,CREATE,,7.0 inch - 501-700,,4.00,new
girl-scout-patches,Embroidery,CREATE,,8.0 inch - 501-700,,4.30,new
girl-scout-patches,Embroidery,CREATE,,9.0 inch - 501-700,,5.20,new
girl-scout-patches,Embroidery,CREATE,,10.0 inch - 501-700,,5.80,new
girl-scout-patches,Embroidery,CREATE,,11.0 inch - 501-700,,6.20,new
girl-scout-patches,Embroidery,CREATE,,12.0 inch - 501-700,,7.30,new
girl-scout-patches,Embroidery,CREATE,,13.0 inch - 501-700,,8.50,new
girl-scout-patches,Embroidery,CREATE,,14.0 inch - 501-700,,9.50,new
girl-scout-patches,Embroidery,CREATE,,15.0 inch - 501-700,,10.80,new
girl-scout-patches,Embroidery,CREATE,,16.0 inch - 501-700,,12.00,new
girl-scout-patches,Embroidery,CREATE,,1.0 inch - 701+,,0.95,new
girl-scout-patches,Embroidery,CREATE,,1.5 inch - 701+,,0.95,new
girl-scout-patches,Embroidery,CREATE,,2.0 inch - 701+,,0.95,new
girl-scout-patches,Embroidery,CREATE,,2.5 inch - 701+,,0.95,new
girl-scout-patches,Embroidery,CREATE,,3.0 inch - 701+,,0.75,new
girl-scout-patches,Embroidery,CREATE,,3.5 inch - 701+,,1.00,new
girl-scout-patches,Embroidery,CREATE,,4.0 inch - 701+,,1.10,new
girl-scout-patches,Embroidery,CREATE,,4.5 inch - 701+,,1.80,new
girl-scout-patches,Embroidery,CREATE,,5.0 inch - 701+,,2.20,new
girl-scout-patches,Embroidery,CREATE,,6.0 inch - 701+,,2.80,new
girl-scout-patches,Embroidery,CREATE,,7.0 inch - 701+,,3.80,new
girl-scout-patches,Embroidery,CREATE,,8.0 inch - 701+,,4.00,new
girl-scout-patches,Embroidery,CREATE,,9.0 inch - 701+,,5.00,new
girl-scout-patches,Embroidery,CREATE,,10.0 inch - 701+,,5.50,new
girl-scout-patches,Embroidery,CREATE,,11.0 inch - 701+,,6.00,new
girl-scout-patches,Embroidery,CREATE,,12.0 inch - 701+,,7.00,new
girl-scout-patches,Embroidery,CREATE,,13.0 inch - 701+,,8.20,new
girl-scout-patches,Embroidery,CREATE,,14.0 inch - 701+,,9.00,new
girl-scout-patches,Embroidery,CREATE,,15.0 inch - 701+,,10.00,new
girl-scout-patches,Embroidery,CREATE,,16.0 inch - 701+,,12.00,new
football-patches,Embroidery,UPDATE,1.0 inch - 10,1.0 inch - 10-15,6.99,6.99,+0%
football-patches,Embroidery,UPDATE,1.5 inch - 10,1.5 inch - 10-15,6.99,6.99,+0%
football-patches,Embroidery,UPDATE,2.0 inch - 10,2.0 inch - 10-15,6.99,6.99,+0%
football-patches,Embroidery,UPDATE,2.5 inch - 10,2.5 inch - 10-15,6.99,6.99,+0%
football-patches,Embroidery,UPDATE,3.0 inch - 10,3.0 inch - 10-15,7.99,7.99,+0%
football-patches,Embroidery,UPDATE,3.5 inch - 10,3.5 inch - 10-15,7.99,7.99,+0%
football-patches,Embroidery,UPDATE,4.0 inch - 10,4.0 inch - 10-15,7.99,7.99,+0%
football-patches,Embroidery,UPDATE,4.5 inch - 10,4.5 inch - 10-15,8.99,8.99,+0%
football-patches,Embroidery,UPDATE,5.0 inch - 10,5.0 inch - 10-15,10.00,10.00,+0%
football-patches,Embroidery,UPDATE,6.0 inch - 10,6.0 inch - 10-15,11.00,11.00,+0%
football-patches,Embroidery,UPDATE,7.0 inch - 10,7.0 inch - 10-15,12.00,12.00,+0%
football-patches,Embroidery,UPDATE,8.0 inch - 10,8.0 inch - 10-15,14.00,14.00,+0%
football-patches,Embroidery,UPDATE,9.0 inch - 10,9.0 inch - 10-15,16.00,16.00,+0%
football-patches,Embroidery,UPDATE,10.0 inch - 10,10.0 inch - 10-15,18.00,18.00,+0%
football-patches,Embroidery,UPDATE,11.0 inch - 10,11.0 inch - 10-15,20.00,20.00,+0%
football-patches,Embroidery,UPDATE,12.0 inch - 10,12.0 inch - 10-15,22.00,22.00,+0%
football-patches,Embroidery,UPDATE,13.0 inch - 10,13.0 inch - 10-15,23.00,23.00,+0%
football-patches,Embroidery,UPDATE,14.0 inch - 10,14.0 inch - 10-15,24.20,24.20,+0%
football-patches,Embroidery,UPDATE,15.0 inch - 10,15.0 inch - 10-15,25.40,25.40,+0%
football-patches,Embroidery,UPDATE,16.0 inch - 10,16.0 inch - 10-15,26.60,26.60,+0%
football-patches,Embroidery,UPDATE,1.0 inch - 11-25,1.0 inch - 16-25,6.36,3.75,-41%
football-patches,Embroidery,UPDATE,1.5 inch - 11-25,1.5 inch - 16-25,6.36,3.80,-40%
football-patches,Embroidery,UPDATE,2.0 inch - 11-25,2.0 inch - 16-25,6.36,3.95,-38%
football-patches,Embroidery,UPDATE,2.5 inch - 11-25,2.5 inch - 16-25,6.36,4.50,-29%
football-patches,Embroidery,UPDATE,3.0 inch - 11-25,3.0 inch - 16-25,6.36,5.00,-21%
football-patches,Embroidery,UPDATE,3.5 inch - 11-25,3.5 inch - 16-25,6.36,5.20,-18%
football-patches,Embroidery,UPDATE,4.0 inch - 11-25,4.0 inch - 16-25,6.36,5.80,-9%
football-patches,Embroidery,UPDATE,4.5 inch - 11-25,4.5 inch - 16-25,6.36,6.00,-6%
football-patches,Embroidery,UPDATE,5.0 inch - 11-25,5.0 inch - 16-25,7.20,7.20,+0%
football-patches,Embroidery,UPDATE,6.0 inch - 11-25,6.0 inch - 16-25,7.30,7.30,+0%
football-patches,Embroidery,UPDATE,7.0 inch - 11-25,7.0 inch - 16-25,9.00,9.00,+0%
football-patches,Embroidery,UPDATE,8.0 inch - 11-25,8.0 inch - 16-25,11.00,11.00,+0%
football-patches,Embroidery,UPDATE,9.0 inch - 11-25,9.0 inch - 16-25,13.00,13.00,+0%
football-patches,Embroidery,UPDATE,10.0 inch - 11-25,10.0 inch - 16-25,16.00,16.00,+0%
football-patches,Embroidery,UPDATE,11.0 inch - 11-25,11.0 inch - 16-25,18.00,18.00,+0%
football-patches,Embroidery,UPDATE,12.0 inch - 11-25,12.0 inch - 16-25,20.00,20.00,+0%
football-patches,Embroidery,UPDATE,13.0 inch - 11-25,13.0 inch - 16-25,21.00,21.00,+0%
football-patches,Embroidery,UPDATE,14.0 inch - 11-25,14.0 inch - 16-25,22.50,22.50,+0%
football-patches,Embroidery,UPDATE,15.0 inch - 11-25,15.0 inch - 16-25,23.70,23.70,+0%
football-patches,Embroidery,UPDATE,16.0 inch - 11-25,16.0 inch - 16-25,24.80,24.80,+0%
football-patches,Embroidery,UPDATE,1.0 inch - 26-50,1.0 inch - 26-50,3.75,3.75,+0%
football-patches,Embroidery,UPDATE,1.5 inch - 26-50,1.5 inch - 26-50,3.75,3.75,+0%
football-patches,Embroidery,UPDATE,2.0 inch - 26-50,2.0 inch - 26-50,3.75,3.75,+0%
football-patches,Embroidery,UPDATE,2.5 inch - 26-50,2.5 inch - 26-50,3.75,3.75,+0%
football-patches,Embroidery,UPDATE,3.0 inch - 26-50,3.0 inch - 26-50,3.75,3.75,+0%
football-patches,Embroidery,UPDATE,3.5 inch - 26-50,3.5 inch - 26-50,3.80,3.80,+0%
football-patches,Embroidery,UPDATE,4.0 inch - 26-50,4.0 inch - 26-50,3.80,3.80,+0%
football-patches,Embroidery,UPDATE,4.5 inch - 26-50,4.5 inch - 26-50,4.00,4.00,+0%
football-patches,Embroidery,UPDATE,5.0 inch - 26-50,5.0 inch - 26-50,4.50,4.50,+0%
football-patches,Embroidery,UPDATE,6.0 inch - 26-50,6.0 inch - 26-50,6.00,6.00,+0%
football-patches,Embroidery,UPDATE,7.0 inch - 26-50,7.0 inch - 26-50,8.00,8.00,+0%
football-patches,Embroidery,UPDATE,8.0 inch - 26-50,8.0 inch - 26-50,10.00,10.00,+0%
football-patches,Embroidery,UPDATE,9.0 inch - 26-50,9.0 inch - 26-50,12.00,12.00,+0%
football-patches,Embroidery,UPDATE,10.0 inch - 26-50,10.0 inch - 26-50,15.00,15.00,+0%
football-patches,Embroidery,UPDATE,11.0 inch - 26-50,11.0 inch - 26-50,16.00,16.00,+0%
football-patches,Embroidery,UPDATE,12.0 inch - 26-50,12.0 inch - 26-50,18.00,18.00,+0%
football-patches,Embroidery,UPDATE,13.0 inch - 26-50,13.0 inch - 26-50,19.00,19.00,+0%
football-patches,Embroidery,UPDATE,14.0 inch - 26-50,14.0 inch - 26-50,20.20,20.20,+0%
football-patches,Embroidery,UPDATE,15.0 inch - 26-50,15.0 inch - 26-50,21.40,21.40,+0%
football-patches,Embroidery,UPDATE,16.0 inch - 26-50,16.0 inch - 26-50,22.70,22.70,+0%
football-patches,Embroidery,UPDATE,1.0 inch - 51-100,1.0 inch - 51-100,2.40,2.40,+0%
football-patches,Embroidery,UPDATE,1.5 inch - 51-100,1.5 inch - 51-100,2.40,2.40,+0%
football-patches,Embroidery,UPDATE,2.0 inch - 51-100,2.0 inch - 51-100,2.40,2.40,+0%
football-patches,Embroidery,UPDATE,2.5 inch - 51-100,2.5 inch - 51-100,2.40,2.20,-8%
football-patches,Embroidery,UPDATE,3.0 inch - 51-100,3.0 inch - 51-100,2.40,2.14,-11%
football-patches,Embroidery,UPDATE,3.5 inch - 51-100,3.5 inch - 51-100,2.50,2.50,+0%
football-patches,Embroidery,UPDATE,4.0 inch - 51-100,4.0 inch - 51-100,2.86,2.86,+0%
football-patches,Embroidery,UPDATE,4.5 inch - 51-100,4.5 inch - 51-100,3.21,3.21,+0%
football-patches,Embroidery,UPDATE,5.0 inch - 51-100,5.0 inch - 51-100,3.58,3.58,+0%
football-patches,Embroidery,UPDATE,6.0 inch - 51-100,6.0 inch - 51-100,4.29,4.29,+0%
football-patches,Embroidery,UPDATE,7.0 inch - 51-100,7.0 inch - 51-100,5.01,5.01,+0%
football-patches,Embroidery,UPDATE,8.0 inch - 51-100,8.0 inch - 51-100,5.72,5.72,+0%
football-patches,Embroidery,UPDATE,9.0 inch - 51-100,9.0 inch - 51-100,6.43,6.43,+0%
football-patches,Embroidery,UPDATE,10.0 inch - 51-100,10.0 inch - 51-100,7.15,7.15,+0%
football-patches,Embroidery,UPDATE,11.0 inch - 51-100,11.0 inch - 51-100,7.87,7.87,+0%
football-patches,Embroidery,UPDATE,12.0 inch - 51-100,12.0 inch - 51-100,8.59,8.59,+0%
football-patches,Embroidery,UPDATE,13.0 inch - 51-100,13.0 inch - 51-100,10.20,10.20,+0%
football-patches,Embroidery,UPDATE,14.0 inch - 51-100,14.0 inch - 51-100,11.40,11.40,+0%
football-patches,Embroidery,UPDATE,15.0 inch - 51-100,15.0 inch - 51-100,12.80,12.80,+0%
football-patches,Embroidery,UPDATE,16.0 inch - 51-100,16.0 inch - 51-100,13.90,13.90,+0%
football-patches,Embroidery,UPDATE,1.0 inch - 101-199,1.0 inch - 101-200,0.70,2.20,+214%
football-patches,Embroidery,UPDATE,1.5 inch - 101-199,1.5 inch - 101-200,0.79,2.20,+178%
football-patches,Embroidery,UPDATE,2.0 inch - 101-199,2.0 inch - 101-200,1.06,2.20,+108%
football-patches,Embroidery,UPDATE,2.5 inch - 101-199,2.5 inch - 101-200,1.33,2.05,+54%
football-patches,Embroidery,UPDATE,3.0 inch - 101-199,3.0 inch - 101-200,1.59,1.98,+25%
football-patches,Embroidery,UPDATE,3.5 inch - 101-199,3.5 inch - 101-200,1.86,2.20,+18%
football-patches,Embroidery,UPDATE,4.0 inch - 101-199,4.0 inch - 101-200,2.11,2.50,+18%
football-patches,Embroidery,UPDATE,4.5 inch - 101-199,4.5 inch - 101-200,2.38,3.00,+26%
football-patches,Embroidery,UPDATE,5.0 inch - 101-199,5.0 inch - 101-200,2.64,3.30,+25%
football-patches,Embroidery,UPDATE,6.0 inch - 101-199,6.0 inch - 101-200,3.18,4.05,+27%
football-patches,Embroidery,UPDATE,7.0 inch - 101-199,7.0 inch - 101-200,3.71,4.80,+29%
football-patches,Embroidery,UPDATE,8.0 inch - 101-199,8.0 inch - 101-200,4.23,5.40,+28%
football-patches,Embroidery,UPDATE,9.0 inch - 101-199,9.0 inch - 101-200,4.76,6.10,+28%
football-patches,Embroidery,UPDATE,10.0 inch - 101-199,10.0 inch - 101-200,5.30,6.90,+30%
football-patches,Embroidery,UPDATE,11.0 inch - 101-199,11.0 inch - 101-200,5.82,7.40,+27%
football-patches,Embroidery,UPDATE,12.0 inch - 101-199,12.0 inch - 101-200,6.35,8.30,+31%
football-patches,Embroidery,UPDATE,13.0 inch - 101-199,13.0 inch - 101-200,7.50,9.90,+32%
football-patches,Embroidery,UPDATE,14.0 inch - 101-199,14.0 inch - 101-200,8.80,11.05,+26%
football-patches,Embroidery,UPDATE,15.0 inch - 101-199,15.0 inch - 101-200,9.95,12.20,+23%
football-patches,Embroidery,UPDATE,16.0 inch - 101-199,16.0 inch - 101-200,10.95,13.30,+21%
football-patches,Embroidery,UPDATE,1.0 inch - 200-499,1.0 inch - 201-300,0.38,1.80,+374%
football-patches,Embroidery,UPDATE,1.5 inch - 200-499,1.5 inch - 201-300,0.56,1.80,+221%
football-patches,Embroidery,UPDATE,2.0 inch - 200-499,2.0 inch - 201-300,0.71,1.80,+154%
football-patches,Embroidery,UPDATE,2.5 inch - 200-499,2.5 inch - 201-300,0.94,1.80,+91%
football-patches,Embroidery,UPDATE,3.0 inch - 200-499,3.0 inch - 201-300,1.11,1.50,+35%
football-patches,Embroidery,UPDATE,3.5 inch - 200-499,3.5 inch - 201-300,1.30,1.80,+38%
football-patches,Embroidery,UPDATE,4.0 inch - 200-499,4.0 inch - 201-300,1.49,2.00,+34%
football-patches,Embroidery,UPDATE,4.5 inch - 200-499,4.5 inch - 201-300,1.68,2.55,+52%
football-patches,Embroidery,UPDATE,5.0 inch - 200-499,5.0 inch - 201-300,1.86,3.00,+61%
football-patches,Embroidery,UPDATE,6.0 inch - 200-499,6.0 inch - 201-300,2.24,3.80,+70%
football-patches,Embroidery,UPDATE,7.0 inch - 200-499,7.0 inch - 201-300,2.60,4.50,+73%
football-patches,Embroidery,UPDATE,8.0 inch - 200-499,8.0 inch - 201-300,2.98,5.10,+71%
football-patches,Embroidery,UPDATE,9.0 inch - 200-499,9.0 inch - 201-300,3.34,5.90,+77%
football-patches,Embroidery,UPDATE,10.0 inch - 200-499,10.0 inch - 201-300,3.72,6.50,+75%
football-patches,Embroidery,UPDATE,11.0 inch - 200-499,11.0 inch - 201-300,4.09,7.10,+74%
football-patches,Embroidery,UPDATE,12.0 inch - 200-499,12.0 inch - 201-300,4.47,8.00,+79%
football-patches,Embroidery,UPDATE,13.0 inch - 200-499,13.0 inch - 201-300,5.60,9.60,+71%
football-patches,Embroidery,UPDATE,14.0 inch - 200-499,14.0 inch - 201-300,6.75,10.80,+60%
football-patches,Embroidery,UPDATE,15.0 inch - 200-499,15.0 inch - 201-300,7.80,12.00,+54%
football-patches,Embroidery,UPDATE,16.0 inch - 200-499,16.0 inch - 201-300,8.85,13.00,+47%
football-patches,Embroidery,UPDATE,1.0 inch - 500-999,1.0 inch - 301-400,0.27,1.60,+493%
football-patches,Embroidery,UPDATE,1.5 inch - 500-999,1.5 inch - 301-400,0.41,1.60,+290%
football-patches,Embroidery,UPDATE,2.0 inch - 500-999,2.0 inch - 301-400,0.54,1.60,+196%
football-patches,Embroidery,UPDATE,2.5 inch - 500-999,2.5 inch - 301-400,0.68,1.60,+135%
football-patches,Embroidery,UPDATE,3.0 inch - 500-999,3.0 inch - 301-400,0.81,1.20,+48%
football-patches,Embroidery,UPDATE,3.5 inch - 500-999,3.5 inch - 301-400,0.94,1.60,+70%
football-patches,Embroidery,UPDATE,4.0 inch - 500-999,4.0 inch - 301-400,1.09,1.80,+65%
football-patches,Embroidery,UPDATE,4.5 inch - 500-999,4.5 inch - 301-400,1.22,2.45,+101%
football-patches,Embroidery,UPDATE,5.0 inch - 500-999,5.0 inch - 301-400,1.36,2.80,+106%
football-patches,Embroidery,UPDATE,6.0 inch - 500-999,6.0 inch - 301-400,1.64,3.60,+120%
football-patches,Embroidery,UPDATE,7.0 inch - 500-999,7.0 inch - 301-400,1.90,4.30,+126%
football-patches,Embroidery,UPDATE,8.0 inch - 500-999,8.0 inch - 301-400,2.17,4.80,+121%
football-patches,Embroidery,UPDATE,9.0 inch - 500-999,9.0 inch - 301-400,2.45,5.70,+133%
football-patches,Embroidery,UPDATE,10.0 inch - 500-999,10.0 inch - 301-400,2.72,6.30,+132%
football-patches,Embroidery,UPDATE,11.0 inch - 500-999,11.0 inch - 301-400,2.99,6.80,+127%
football-patches,Embroidery,UPDATE,12.0 inch - 500-999,12.0 inch - 301-400,3.26,7.80,+139%
football-patches,Embroidery,UPDATE,13.0 inch - 500-999,13.0 inch - 301-400,4.30,9.30,+116%
football-patches,Embroidery,UPDATE,14.0 inch - 500-999,14.0 inch - 301-400,5.45,10.40,+91%
football-patches,Embroidery,UPDATE,15.0 inch - 500-999,15.0 inch - 301-400,6.80,11.80,+74%
football-patches,Embroidery,UPDATE,16.0 inch - 500-999,16.0 inch - 301-400,7.95,12.80,+61%
football-patches,Embroidery,UPDATE,1.0 inch - 1000+,1.0 inch - 401-500,0.25,1.40,+460%
football-patches,Embroidery,UPDATE,1.5 inch - 1000+,1.5 inch - 401-500,0.37,1.40,+278%
football-patches,Embroidery,UPDATE,2.0 inch - 1000+,2.0 inch - 401-500,0.49,1.40,+186%
football-patches,Embroidery,UPDATE,2.5 inch - 1000+,2.5 inch - 401-500,0.61,1.40,+130%
football-patches,Embroidery,UPDATE,3.0 inch - 1000+,3.0 inch - 401-500,0.73,1.00,+37%
football-patches,Embroidery,UPDATE,3.5 inch - 1000+,3.5 inch - 401-500,0.84,1.40,+67%
football-patches,Embroidery,UPDATE,4.0 inch - 1000+,4.0 inch - 401-500,0.98,1.60,+63%
football-patches,Embroidery,UPDATE,4.5 inch - 1000+,4.5 inch - 401-500,1.11,2.25,+103%
football-patches,Embroidery,UPDATE,5.0 inch - 1000+,5.0 inch - 401-500,1.21,2.60,+115%
football-patches,Embroidery,UPDATE,6.0 inch - 1000+,6.0 inch - 401-500,1.46,3.40,+133%
football-patches,Embroidery,UPDATE,7.0 inch - 1000+,7.0 inch - 401-500,1.70,4.10,+141%
football-patches,Embroidery,UPDATE,8.0 inch - 1000+,8.0 inch - 401-500,1.96,4.60,+135%
football-patches,Embroidery,UPDATE,9.0 inch - 1000+,9.0 inch - 401-500,2.19,5.50,+151%
football-patches,Embroidery,UPDATE,10.0 inch - 1000+,10.0 inch - 401-500,2.43,6.10,+151%
football-patches,Embroidery,UPDATE,11.0 inch - 1000+,11.0 inch - 401-500,2.67,6.50,+143%
football-patches,Embroidery,UPDATE,12.0 inch - 1000+,12.0 inch - 401-500,2.92,7.60,+160%
football-patches,Embroidery,UPDATE,13.0 inch - 1000+,13.0 inch - 401-500,3.98,9.10,+129%
football-patches,Embroidery,UPDATE,14.0 inch - 1000+,14.0 inch - 401-500,5.10,10.20,+100%
football-patches,Embroidery,UPDATE,15.0 inch - 1000+,15.0 inch - 401-500,6.40,11.50,+80%
football-patches,Embroidery,UPDATE,16.0 inch - 1000+,16.0 inch - 401-500,7.60,12.40,+63%
football-patches,Embroidery,CREATE,,1.0 inch - 501-700,,1.20,new
football-patches,Embroidery,CREATE,,1.5 inch - 501-700,,1.20,new
football-patches,Embroidery,CREATE,,2.0 inch - 501-700,,1.20,new
football-patches,Embroidery,CREATE,,2.5 inch - 501-700,,1.20,new
football-patches,Embroidery,CREATE,,3.0 inch - 501-700,,0.81,new
football-patches,Embroidery,CREATE,,3.5 inch - 501-700,,1.05,new
football-patches,Embroidery,CREATE,,4.0 inch - 501-700,,1.30,new
football-patches,Embroidery,CREATE,,4.5 inch - 501-700,,2.00,new
football-patches,Embroidery,CREATE,,5.0 inch - 501-700,,2.40,new
football-patches,Embroidery,CREATE,,6.0 inch - 501-700,,3.10,new
football-patches,Embroidery,CREATE,,7.0 inch - 501-700,,4.00,new
football-patches,Embroidery,CREATE,,8.0 inch - 501-700,,4.30,new
football-patches,Embroidery,CREATE,,9.0 inch - 501-700,,5.20,new
football-patches,Embroidery,CREATE,,10.0 inch - 501-700,,5.80,new
football-patches,Embroidery,CREATE,,11.0 inch - 501-700,,6.20,new
football-patches,Embroidery,CREATE,,12.0 inch - 501-700,,7.30,new
football-patches,Embroidery,CREATE,,13.0 inch - 501-700,,8.50,new
football-patches,Embroidery,CREATE,,14.0 inch - 501-700,,9.50,new
football-patches,Embroidery,CREATE,,15.0 inch - 501-700,,10.80,new
football-patches,Embroidery,CREATE,,16.0 inch - 501-700,,12.00,new
football-patches,Embroidery,CREATE,,1.0 inch - 701+,,0.95,new
football-patches,Embroidery,CREATE,,1.5 inch - 701+,,0.95,new
football-patches,Embroidery,CREATE,,2.0 inch - 701+,,0.95,new
football-patches,Embroidery,CREATE,,2.5 inch - 701+,,0.95,new
football-patches,Embroidery,CREATE,,3.0 inch - 701+,,0.75,new
football-patches,Embroidery,CREATE,,3.5 inch - 701+,,1.00,new
football-patches,Embroidery,CREATE,,4.0 inch - 701+,,1.10,new
football-patches,Embroidery,CREATE,,4.5 inch - 701+,,1.80,new
football-patches,Embroidery,CREATE,,5.0 inch - 701+,,2.20,new
football-patches,Embroidery,CREATE,,6.0 inch - 701+,,2.80,new
football-patches,Embroidery,CREATE,,7.0 inch - 701+,,3.80,new
football-patches,Embroidery,CREATE,,8.0 inch - 701+,,4.00,new
football-patches,Embroidery,CREATE,,9.0 inch - 701+,,5.00,new
football-patches,Embroidery,CREATE,,10.0 inch - 701+,,5.50,new
football-patches,Embroidery,CREATE,,11.0 inch - 701+,,6.00,new
football-patches,Embroidery,CREATE,,12.0 inch - 701+,,7.00,new
football-patches,Embroidery,CREATE,,13.0 inch - 701+,,8.20,new
football-patches,Embroidery,CREATE,,14.0 inch - 701+,,9.00,new
football-patches,Embroidery,CREATE,,15.0 inch - 701+,,10.00,new
football-patches,Embroidery,CREATE,,16.0 inch - 701+,,12.00,new
custom-uniform-patches,Embroidery,UPDATE,1.0 inch - 10,1.0 inch - 10-15,6.99,6.99,+0%
custom-uniform-patches,Embroidery,UPDATE,1.5 inch - 10,1.5 inch - 10-15,6.99,6.99,+0%
custom-uniform-patches,Embroidery,UPDATE,2.0 inch - 10,2.0 inch - 10-15,6.99,6.99,+0%
custom-uniform-patches,Embroidery,UPDATE,2.5 inch - 10,2.5 inch - 10-15,6.99,6.99,+0%
custom-uniform-patches,Embroidery,UPDATE,3.0 inch - 10,3.0 inch - 10-15,7.99,7.99,+0%
custom-uniform-patches,Embroidery,UPDATE,3.5 inch - 10,3.5 inch - 10-15,7.99,7.99,+0%
custom-uniform-patches,Embroidery,UPDATE,4.0 inch - 10,4.0 inch - 10-15,7.99,7.99,+0%
custom-uniform-patches,Embroidery,UPDATE,4.5 inch - 10,4.5 inch - 10-15,8.99,8.99,+0%
custom-uniform-patches,Embroidery,UPDATE,5.0 inch - 10,5.0 inch - 10-15,10.00,10.00,+0%
custom-uniform-patches,Embroidery,UPDATE,6.0 inch - 10,6.0 inch - 10-15,11.00,11.00,+0%
custom-uniform-patches,Embroidery,UPDATE,7.0 inch - 10,7.0 inch - 10-15,12.00,12.00,+0%
custom-uniform-patches,Embroidery,UPDATE,8.0 inch - 10,8.0 inch - 10-15,14.00,14.00,+0%
custom-uniform-patches,Embroidery,UPDATE,9.0 inch - 10,9.0 inch - 10-15,16.00,16.00,+0%
custom-uniform-patches,Embroidery,UPDATE,10.0 inch - 10,10.0 inch - 10-15,18.00,18.00,+0%
custom-uniform-patches,Embroidery,UPDATE,11.0 inch - 10,11.0 inch - 10-15,20.00,20.00,+0%
custom-uniform-patches,Embroidery,UPDATE,12.0 inch - 10,12.0 inch - 10-15,22.00,22.00,+0%
custom-uniform-patches,Embroidery,UPDATE,13.0 inch - 10,13.0 inch - 10-15,23.00,23.00,+0%
custom-uniform-patches,Embroidery,UPDATE,14.0 inch - 10,14.0 inch - 10-15,24.20,24.20,+0%
custom-uniform-patches,Embroidery,UPDATE,15.0 inch - 10,15.0 inch - 10-15,25.40,25.40,+0%
custom-uniform-patches,Embroidery,UPDATE,16.0 inch - 10,16.0 inch - 10-15,26.60,26.60,+0%
custom-uniform-patches,Embroidery,UPDATE,1.0 inch - 11-25,1.0 inch - 16-25,6.36,3.75,-41%
custom-uniform-patches,Embroidery,UPDATE,1.5 inch - 11-25,1.5 inch - 16-25,6.36,3.80,-40%
custom-uniform-patches,Embroidery,UPDATE,2.0 inch - 11-25,2.0 inch - 16-25,6.36,3.95,-38%
custom-uniform-patches,Embroidery,UPDATE,2.5 inch - 11-25,2.5 inch - 16-25,6.36,4.50,-29%
custom-uniform-patches,Embroidery,UPDATE,3.0 inch - 11-25,3.0 inch - 16-25,6.36,5.00,-21%
custom-uniform-patches,Embroidery,UPDATE,3.5 inch - 11-25,3.5 inch - 16-25,6.36,5.20,-18%
custom-uniform-patches,Embroidery,UPDATE,4.0 inch - 11-25,4.0 inch - 16-25,6.36,5.80,-9%
custom-uniform-patches,Embroidery,UPDATE,4.5 inch - 11-25,4.5 inch - 16-25,6.36,6.00,-6%
custom-uniform-patches,Embroidery,UPDATE,5.0 inch - 11-25,5.0 inch - 16-25,7.20,7.20,+0%
custom-uniform-patches,Embroidery,UPDATE,6.0 inch - 11-25,6.0 inch - 16-25,7.30,7.30,+0%
custom-uniform-patches,Embroidery,UPDATE,7.0 inch - 11-25,7.0 inch - 16-25,9.00,9.00,+0%
custom-uniform-patches,Embroidery,UPDATE,8.0 inch - 11-25,8.0 inch - 16-25,11.00,11.00,+0%
custom-uniform-patches,Embroidery,UPDATE,9.0 inch - 11-25,9.0 inch - 16-25,13.00,13.00,+0%
custom-uniform-patches,Embroidery,UPDATE,10.0 inch - 11-25,10.0 inch - 16-25,16.00,16.00,+0%
custom-uniform-patches,Embroidery,UPDATE,11.0 inch - 11-25,11.0 inch - 16-25,18.00,18.00,+0%
custom-uniform-patches,Embroidery,UPDATE,12.0 inch - 11-25,12.0 inch - 16-25,20.00,20.00,+0%
custom-uniform-patches,Embroidery,UPDATE,13.0 inch - 11-25,13.0 inch - 16-25,21.00,21.00,+0%
custom-uniform-patches,Embroidery,UPDATE,14.0 inch - 11-25,14.0 inch - 16-25,22.50,22.50,+0%
custom-uniform-patches,Embroidery,UPDATE,15.0 inch - 11-25,15.0 inch - 16-25,23.70,23.70,+0%
custom-uniform-patches,Embroidery,UPDATE,16.0 inch - 11-25,16.0 inch - 16-25,24.80,24.80,+0%
custom-uniform-patches,Embroidery,UPDATE,1.0 inch - 26-50,1.0 inch - 26-50,3.75,3.75,+0%
custom-uniform-patches,Embroidery,UPDATE,1.5 inch - 26-50,1.5 inch - 26-50,3.75,3.75,+0%
custom-uniform-patches,Embroidery,UPDATE,2.0 inch - 26-50,2.0 inch - 26-50,3.75,3.75,+0%
custom-uniform-patches,Embroidery,UPDATE,2.5 inch - 26-50,2.5 inch - 26-50,3.75,3.75,+0%
custom-uniform-patches,Embroidery,UPDATE,3.0 inch - 26-50,3.0 inch - 26-50,3.75,3.75,+0%
custom-uniform-patches,Embroidery,UPDATE,3.5 inch - 26-50,3.5 inch - 26-50,3.80,3.80,+0%
custom-uniform-patches,Embroidery,UPDATE,4.0 inch - 26-50,4.0 inch - 26-50,3.80,3.80,+0%
custom-uniform-patches,Embroidery,UPDATE,4.5 inch - 26-50,4.5 inch - 26-50,4.00,4.00,+0%
custom-uniform-patches,Embroidery,UPDATE,5.0 inch - 26-50,5.0 inch - 26-50,4.50,4.50,+0%
custom-uniform-patches,Embroidery,UPDATE,6.0 inch - 26-50,6.0 inch - 26-50,6.00,6.00,+0%
custom-uniform-patches,Embroidery,UPDATE,7.0 inch - 26-50,7.0 inch - 26-50,8.00,8.00,+0%
custom-uniform-patches,Embroidery,UPDATE,8.0 inch - 26-50,8.0 inch - 26-50,10.00,10.00,+0%
custom-uniform-patches,Embroidery,UPDATE,9.0 inch - 26-50,9.0 inch - 26-50,12.00,12.00,+0%
custom-uniform-patches,Embroidery,UPDATE,10.0 inch - 26-50,10.0 inch - 26-50,15.00,15.00,+0%
custom-uniform-patches,Embroidery,UPDATE,11.0 inch - 26-50,11.0 inch - 26-50,16.00,16.00,+0%
custom-uniform-patches,Embroidery,UPDATE,12.0 inch - 26-50,12.0 inch - 26-50,18.00,18.00,+0%
custom-uniform-patches,Embroidery,UPDATE,13.0 inch - 26-50,13.0 inch - 26-50,19.00,19.00,+0%
custom-uniform-patches,Embroidery,UPDATE,14.0 inch - 26-50,14.0 inch - 26-50,20.20,20.20,+0%
custom-uniform-patches,Embroidery,UPDATE,15.0 inch - 26-50,15.0 inch - 26-50,21.40,21.40,+0%
custom-uniform-patches,Embroidery,UPDATE,16.0 inch - 26-50,16.0 inch - 26-50,22.70,22.70,+0%
custom-uniform-patches,Embroidery,UPDATE,1.0 inch - 51-100,1.0 inch - 51-100,2.40,2.40,+0%
custom-uniform-patches,Embroidery,UPDATE,1.5 inch - 51-100,1.5 inch - 51-100,2.40,2.40,+0%
custom-uniform-patches,Embroidery,UPDATE,2.0 inch - 51-100,2.0 inch - 51-100,2.40,2.40,+0%
custom-uniform-patches,Embroidery,UPDATE,2.5 inch - 51-100,2.5 inch - 51-100,2.40,2.20,-8%
custom-uniform-patches,Embroidery,UPDATE,3.0 inch - 51-100,3.0 inch - 51-100,2.40,2.14,-11%
custom-uniform-patches,Embroidery,UPDATE,3.5 inch - 51-100,3.5 inch - 51-100,2.50,2.50,+0%
custom-uniform-patches,Embroidery,UPDATE,4.0 inch - 51-100,4.0 inch - 51-100,2.86,2.86,+0%
custom-uniform-patches,Embroidery,UPDATE,4.5 inch - 51-100,4.5 inch - 51-100,3.21,3.21,+0%
custom-uniform-patches,Embroidery,UPDATE,5.0 inch - 51-100,5.0 inch - 51-100,3.58,3.58,+0%
custom-uniform-patches,Embroidery,UPDATE,6.0 inch - 51-100,6.0 inch - 51-100,4.29,4.29,+0%
custom-uniform-patches,Embroidery,UPDATE,7.0 inch - 51-100,7.0 inch - 51-100,5.01,5.01,+0%
custom-uniform-patches,Embroidery,UPDATE,8.0 inch - 51-100,8.0 inch - 51-100,5.72,5.72,+0%
custom-uniform-patches,Embroidery,UPDATE,9.0 inch - 51-100,9.0 inch - 51-100,6.43,6.43,+0%
custom-uniform-patches,Embroidery,UPDATE,10.0 inch - 51-100,10.0 inch - 51-100,7.15,7.15,+0%
custom-uniform-patches,Embroidery,UPDATE,11.0 inch - 51-100,11.0 inch - 51-100,7.87,7.87,+0%
custom-uniform-patches,Embroidery,UPDATE,12.0 inch - 51-100,12.0 inch - 51-100,8.59,8.59,+0%
custom-uniform-patches,Embroidery,UPDATE,13.0 inch - 51-100,13.0 inch - 51-100,10.20,10.20,+0%
custom-uniform-patches,Embroidery,UPDATE,14.0 inch - 51-100,14.0 inch - 51-100,11.40,11.40,+0%
custom-uniform-patches,Embroidery,UPDATE,15.0 inch - 51-100,15.0 inch - 51-100,12.80,12.80,+0%
custom-uniform-patches,Embroidery,UPDATE,16.0 inch - 51-100,16.0 inch - 51-100,13.90,13.90,+0%
custom-uniform-patches,Embroidery,UPDATE,1.0 inch - 101-199,1.0 inch - 101-200,0.70,2.20,+214%
custom-uniform-patches,Embroidery,UPDATE,1.5 inch - 101-199,1.5 inch - 101-200,0.79,2.20,+178%
custom-uniform-patches,Embroidery,UPDATE,2.0 inch - 101-199,2.0 inch - 101-200,1.06,2.20,+108%
custom-uniform-patches,Embroidery,UPDATE,2.5 inch - 101-199,2.5 inch - 101-200,1.33,2.05,+54%
custom-uniform-patches,Embroidery,UPDATE,3.0 inch - 101-199,3.0 inch - 101-200,1.59,1.98,+25%
custom-uniform-patches,Embroidery,UPDATE,3.5 inch - 101-199,3.5 inch - 101-200,1.86,2.20,+18%
custom-uniform-patches,Embroidery,UPDATE,4.0 inch - 101-199,4.0 inch - 101-200,2.11,2.50,+18%
custom-uniform-patches,Embroidery,UPDATE,4.5 inch - 101-199,4.5 inch - 101-200,2.38,3.00,+26%
custom-uniform-patches,Embroidery,UPDATE,5.0 inch - 101-199,5.0 inch - 101-200,2.64,3.30,+25%
custom-uniform-patches,Embroidery,UPDATE,6.0 inch - 101-199,6.0 inch - 101-200,3.18,4.05,+27%
custom-uniform-patches,Embroidery,UPDATE,7.0 inch - 101-199,7.0 inch - 101-200,3.71,4.80,+29%
custom-uniform-patches,Embroidery,UPDATE,8.0 inch - 101-199,8.0 inch - 101-200,4.23,5.40,+28%
custom-uniform-patches,Embroidery,UPDATE,9.0 inch - 101-199,9.0 inch - 101-200,4.76,6.10,+28%
custom-uniform-patches,Embroidery,UPDATE,10.0 inch - 101-199,10.0 inch - 101-200,5.30,6.90,+30%
custom-uniform-patches,Embroidery,UPDATE,11.0 inch - 101-199,11.0 inch - 101-200,5.82,7.40,+27%
custom-uniform-patches,Embroidery,UPDATE,12.0 inch - 101-199,12.0 inch - 101-200,6.35,8.30,+31%
custom-uniform-patches,Embroidery,UPDATE,13.0 inch - 101-199,13.0 inch - 101-200,7.50,9.90,+32%
custom-uniform-patches,Embroidery,UPDATE,14.0 inch - 101-199,14.0 inch - 101-200,8.80,11.05,+26%
custom-uniform-patches,Embroidery,UPDATE,15.0 inch - 101-199,15.0 inch - 101-200,9.95,12.20,+23%
custom-uniform-patches,Embroidery,UPDATE,16.0 inch - 101-199,16.0 inch - 101-200,10.95,13.30,+21%
custom-uniform-patches,Embroidery,UPDATE,1.0 inch - 200-499,1.0 inch - 201-300,0.38,1.80,+374%
custom-uniform-patches,Embroidery,UPDATE,1.5 inch - 200-499,1.5 inch - 201-300,0.56,1.80,+221%
custom-uniform-patches,Embroidery,UPDATE,2.0 inch - 200-499,2.0 inch - 201-300,0.71,1.80,+154%
custom-uniform-patches,Embroidery,UPDATE,2.5 inch - 200-499,2.5 inch - 201-300,0.94,1.80,+91%
custom-uniform-patches,Embroidery,UPDATE,3.0 inch - 200-499,3.0 inch - 201-300,1.11,1.50,+35%
custom-uniform-patches,Embroidery,UPDATE,3.5 inch - 200-499,3.5 inch - 201-300,1.30,1.80,+38%
custom-uniform-patches,Embroidery,UPDATE,4.0 inch - 200-499,4.0 inch - 201-300,1.49,2.00,+34%
custom-uniform-patches,Embroidery,UPDATE,4.5 inch - 200-499,4.5 inch - 201-300,1.68,2.55,+52%
custom-uniform-patches,Embroidery,UPDATE,5.0 inch - 200-499,5.0 inch - 201-300,1.86,3.00,+61%
custom-uniform-patches,Embroidery,UPDATE,6.0 inch - 200-499,6.0 inch - 201-300,2.24,3.80,+70%
custom-uniform-patches,Embroidery,UPDATE,7.0 inch - 200-499,7.0 inch - 201-300,2.60,4.50,+73%
custom-uniform-patches,Embroidery,UPDATE,8.0 inch - 200-499,8.0 inch - 201-300,2.98,5.10,+71%
custom-uniform-patches,Embroidery,UPDATE,9.0 inch - 200-499,9.0 inch - 201-300,3.34,5.90,+77%
custom-uniform-patches,Embroidery,UPDATE,10.0 inch - 200-499,10.0 inch - 201-300,3.72,6.50,+75%
custom-uniform-patches,Embroidery,UPDATE,11.0 inch - 200-499,11.0 inch - 201-300,4.09,7.10,+74%
custom-uniform-patches,Embroidery,UPDATE,12.0 inch - 200-499,12.0 inch - 201-300,4.47,8.00,+79%
custom-uniform-patches,Embroidery,UPDATE,13.0 inch - 200-499,13.0 inch - 201-300,5.60,9.60,+71%
custom-uniform-patches,Embroidery,UPDATE,14.0 inch - 200-499,14.0 inch - 201-300,6.75,10.80,+60%
custom-uniform-patches,Embroidery,UPDATE,15.0 inch - 200-499,15.0 inch - 201-300,7.80,12.00,+54%
custom-uniform-patches,Embroidery,UPDATE,16.0 inch - 200-499,16.0 inch - 201-300,8.85,13.00,+47%
custom-uniform-patches,Embroidery,UPDATE,1.0 inch - 500-999,1.0 inch - 301-400,0.27,1.60,+493%
custom-uniform-patches,Embroidery,UPDATE,1.5 inch - 500-999,1.5 inch - 301-400,0.41,1.60,+290%
custom-uniform-patches,Embroidery,UPDATE,2.0 inch - 500-999,2.0 inch - 301-400,0.54,1.60,+196%
custom-uniform-patches,Embroidery,UPDATE,2.5 inch - 500-999,2.5 inch - 301-400,0.68,1.60,+135%
custom-uniform-patches,Embroidery,UPDATE,3.0 inch - 500-999,3.0 inch - 301-400,0.81,1.20,+48%
custom-uniform-patches,Embroidery,UPDATE,3.5 inch - 500-999,3.5 inch - 301-400,0.94,1.60,+70%
custom-uniform-patches,Embroidery,UPDATE,4.0 inch - 500-999,4.0 inch - 301-400,1.09,1.80,+65%
custom-uniform-patches,Embroidery,UPDATE,4.5 inch - 500-999,4.5 inch - 301-400,1.22,2.45,+101%
custom-uniform-patches,Embroidery,UPDATE,5.0 inch - 500-999,5.0 inch - 301-400,1.36,2.80,+106%
custom-uniform-patches,Embroidery,UPDATE,6.0 inch - 500-999,6.0 inch - 301-400,1.64,3.60,+120%
custom-uniform-patches,Embroidery,UPDATE,7.0 inch - 500-999,7.0 inch - 301-400,1.90,4.30,+126%
custom-uniform-patches,Embroidery,UPDATE,8.0 inch - 500-999,8.0 inch - 301-400,2.17,4.80,+121%
custom-uniform-patches,Embroidery,UPDATE,9.0 inch - 500-999,9.0 inch - 301-400,2.45,5.70,+133%
custom-uniform-patches,Embroidery,UPDATE,10.0 inch - 500-999,10.0 inch - 301-400,2.72,6.30,+132%
custom-uniform-patches,Embroidery,UPDATE,11.0 inch - 500-999,11.0 inch - 301-400,2.99,6.80,+127%
custom-uniform-patches,Embroidery,UPDATE,12.0 inch - 500-999,12.0 inch - 301-400,3.26,7.80,+139%
custom-uniform-patches,Embroidery,UPDATE,13.0 inch - 500-999,13.0 inch - 301-400,4.30,9.30,+116%
custom-uniform-patches,Embroidery,UPDATE,14.0 inch - 500-999,14.0 inch - 301-400,5.45,10.40,+91%
custom-uniform-patches,Embroidery,UPDATE,15.0 inch - 500-999,15.0 inch - 301-400,6.80,11.80,+74%
custom-uniform-patches,Embroidery,UPDATE,16.0 inch - 500-999,16.0 inch - 301-400,7.95,12.80,+61%
custom-uniform-patches,Embroidery,UPDATE,1.0 inch - 1000+,1.0 inch - 401-500,0.25,1.40,+460%
custom-uniform-patches,Embroidery,UPDATE,1.5 inch - 1000+,1.5 inch - 401-500,0.37,1.40,+278%
custom-uniform-patches,Embroidery,UPDATE,2.0 inch - 1000+,2.0 inch - 401-500,0.49,1.40,+186%
custom-uniform-patches,Embroidery,UPDATE,2.5 inch - 1000+,2.5 inch - 401-500,0.61,1.40,+130%
custom-uniform-patches,Embroidery,UPDATE,3.0 inch - 1000+,3.0 inch - 401-500,0.73,1.00,+37%
custom-uniform-patches,Embroidery,UPDATE,3.5 inch - 1000+,3.5 inch - 401-500,0.84,1.40,+67%
custom-uniform-patches,Embroidery,UPDATE,4.0 inch - 1000+,4.0 inch - 401-500,0.98,1.60,+63%
custom-uniform-patches,Embroidery,UPDATE,4.5 inch - 1000+,4.5 inch - 401-500,1.11,2.25,+103%
custom-uniform-patches,Embroidery,UPDATE,5.0 inch - 1000+,5.0 inch - 401-500,1.21,2.60,+115%
custom-uniform-patches,Embroidery,UPDATE,6.0 inch - 1000+,6.0 inch - 401-500,1.46,3.40,+133%
custom-uniform-patches,Embroidery,UPDATE,7.0 inch - 1000+,7.0 inch - 401-500,1.70,4.10,+141%
custom-uniform-patches,Embroidery,UPDATE,8.0 inch - 1000+,8.0 inch - 401-500,1.96,4.60,+135%
custom-uniform-patches,Embroidery,UPDATE,9.0 inch - 1000+,9.0 inch - 401-500,2.19,5.50,+151%
custom-uniform-patches,Embroidery,UPDATE,10.0 inch - 1000+,10.0 inch - 401-500,2.43,6.10,+151%
custom-uniform-patches,Embroidery,UPDATE,11.0 inch - 1000+,11.0 inch - 401-500,2.67,6.50,+143%
custom-uniform-patches,Embroidery,UPDATE,12.0 inch - 1000+,12.0 inch - 401-500,2.92,7.60,+160%
custom-uniform-patches,Embroidery,UPDATE,13.0 inch - 1000+,13.0 inch - 401-500,3.98,9.10,+129%
custom-uniform-patches,Embroidery,UPDATE,14.0 inch - 1000+,14.0 inch - 401-500,5.10,10.20,+100%
custom-uniform-patches,Embroidery,UPDATE,15.0 inch - 1000+,15.0 inch - 401-500,6.40,11.50,+80%
custom-uniform-patches,Embroidery,UPDATE,16.0 inch - 1000+,16.0 inch - 401-500,7.60,12.40,+63%
custom-uniform-patches,Embroidery,CREATE,,1.0 inch - 501-700,,1.20,new
custom-uniform-patches,Embroidery,CREATE,,1.5 inch - 501-700,,1.20,new
custom-uniform-patches,Embroidery,CREATE,,2.0 inch - 501-700,,1.20,new
custom-uniform-patches,Embroidery,CREATE,,2.5 inch - 501-700,,1.20,new
custom-uniform-patches,Embroidery,CREATE,,3.0 inch - 501-700,,0.81,new
custom-uniform-patches,Embroidery,CREATE,,3.5 inch - 501-700,,1.05,new
custom-uniform-patches,Embroidery,CREATE,,4.0 inch - 501-700,,1.30,new
custom-uniform-patches,Embroidery,CREATE,,4.5 inch - 501-700,,2.00,new
custom-uniform-patches,Embroidery,CREATE,,5.0 inch - 501-700,,2.40,new
custom-uniform-patches,Embroidery,CREATE,,6.0 inch - 501-700,,3.10,new
custom-uniform-patches,Embroidery,CREATE,,7.0 inch - 501-700,,4.00,new
custom-uniform-patches,Embroidery,CREATE,,8.0 inch - 501-700,,4.30,new
custom-uniform-patches,Embroidery,CREATE,,9.0 inch - 501-700,,5.20,new
custom-uniform-patches,Embroidery,CREATE,,10.0 inch - 501-700,,5.80,new
custom-uniform-patches,Embroidery,CREATE,,11.0 inch - 501-700,,6.20,new
custom-uniform-patches,Embroidery,CREATE,,12.0 inch - 501-700,,7.30,new
custom-uniform-patches,Embroidery,CREATE,,13.0 inch - 501-700,,8.50,new
custom-uniform-patches,Embroidery,CREATE,,14.0 inch - 501-700,,9.50,new
custom-uniform-patches,Embroidery,CREATE,,15.0 inch - 501-700,,10.80,new
custom-uniform-patches,Embroidery,CREATE,,16.0 inch - 501-700,,12.00,new
custom-uniform-patches,Embroidery,CREATE,,1.0 inch - 701+,,0.95,new
custom-uniform-patches,Embroidery,CREATE,,1.5 inch - 701+,,0.95,new
custom-uniform-patches,Embroidery,CREATE,,2.0 inch - 701+,,0.95,new
custom-uniform-patches,Embroidery,CREATE,,2.5 inch - 701+,,0.95,new
custom-uniform-patches,Embroidery,CREATE,,3.0 inch - 701+,,0.75,new
custom-uniform-patches,Embroidery,CREATE,,3.5 inch - 701+,,1.00,new
custom-uniform-patches,Embroidery,CREATE,,4.0 inch - 701+,,1.10,new
custom-uniform-patches,Embroidery,CREATE,,4.5 inch - 701+,,1.80,new
custom-uniform-patches,Embroidery,CREATE,,5.0 inch - 701+,,2.20,new
custom-uniform-patches,Embroidery,CREATE,,6.0 inch - 701+,,2.80,new
custom-uniform-patches,Embroidery,CREATE,,7.0 inch - 701+,,3.80,new
custom-uniform-patches,Embroidery,CREATE,,8.0 inch - 701+,,4.00,new
custom-uniform-patches,Embroidery,CREATE,,9.0 inch - 701+,,5.00,new
custom-uniform-patches,Embroidery,CREATE,,10.0 inch - 701+,,5.50,new
custom-uniform-patches,Embroidery,CREATE,,11.0 inch - 701+,,6.00,new
custom-uniform-patches,Embroidery,CREATE,,12.0 inch - 701+,,7.00,new
custom-uniform-patches,Embroidery,CREATE,,13.0 inch - 701+,,8.20,new
custom-uniform-patches,Embroidery,CREATE,,14.0 inch - 701+,,9.00,new
custom-uniform-patches,Embroidery,CREATE,,15.0 inch - 701+,,10.00,new
custom-uniform-patches,Embroidery,CREATE,,16.0 inch - 701+,,12.00,new
sports-patches,Embroidery,UPDATE,1.0 inch - 10,1.0 inch - 10-15,6.99,6.99,+0%
sports-patches,Embroidery,UPDATE,1.5 inch - 10,1.5 inch - 10-15,6.99,6.99,+0%
sports-patches,Embroidery,UPDATE,2.0 inch - 10,2.0 inch - 10-15,6.99,6.99,+0%
sports-patches,Embroidery,UPDATE,2.5 inch - 10,2.5 inch - 10-15,6.99,6.99,+0%
sports-patches,Embroidery,UPDATE,3.0 inch - 10,3.0 inch - 10-15,7.99,7.99,+0%
sports-patches,Embroidery,UPDATE,3.5 inch - 10,3.5 inch - 10-15,7.99,7.99,+0%
sports-patches,Embroidery,UPDATE,4.0 inch - 10,4.0 inch - 10-15,7.99,7.99,+0%
sports-patches,Embroidery,UPDATE,4.5 inch - 10,4.5 inch - 10-15,8.99,8.99,+0%
sports-patches,Embroidery,UPDATE,5.0 inch - 10,5.0 inch - 10-15,10.00,10.00,+0%
sports-patches,Embroidery,UPDATE,6.0 inch - 10,6.0 inch - 10-15,11.00,11.00,+0%
sports-patches,Embroidery,UPDATE,7.0 inch - 10,7.0 inch - 10-15,12.00,12.00,+0%
sports-patches,Embroidery,UPDATE,8.0 inch - 10,8.0 inch - 10-15,14.00,14.00,+0%
sports-patches,Embroidery,UPDATE,9.0 inch - 10,9.0 inch - 10-15,16.00,16.00,+0%
sports-patches,Embroidery,UPDATE,10.0 inch - 10,10.0 inch - 10-15,18.00,18.00,+0%
sports-patches,Embroidery,UPDATE,11.0 inch - 10,11.0 inch - 10-15,20.00,20.00,+0%
sports-patches,Embroidery,UPDATE,12.0 inch - 10,12.0 inch - 10-15,22.00,22.00,+0%
sports-patches,Embroidery,UPDATE,13.0 inch - 10,13.0 inch - 10-15,23.00,23.00,+0%
sports-patches,Embroidery,UPDATE,14.0 inch - 10,14.0 inch - 10-15,24.20,24.20,+0%
sports-patches,Embroidery,UPDATE,15.0 inch - 10,15.0 inch - 10-15,25.40,25.40,+0%
sports-patches,Embroidery,UPDATE,16.0 inch - 10,16.0 inch - 10-15,26.60,26.60,+0%
sports-patches,Embroidery,UPDATE,1.0 inch - 11-25,1.0 inch - 16-25,6.36,3.75,-41%
sports-patches,Embroidery,UPDATE,1.5 inch - 11-25,1.5 inch - 16-25,6.36,3.80,-40%
sports-patches,Embroidery,UPDATE,2.0 inch - 11-25,2.0 inch - 16-25,6.36,3.95,-38%
sports-patches,Embroidery,UPDATE,2.5 inch - 11-25,2.5 inch - 16-25,6.36,4.50,-29%
sports-patches,Embroidery,UPDATE,3.0 inch - 11-25,3.0 inch - 16-25,6.36,5.00,-21%
sports-patches,Embroidery,UPDATE,3.5 inch - 11-25,3.5 inch - 16-25,6.36,5.20,-18%
sports-patches,Embroidery,UPDATE,4.0 inch - 11-25,4.0 inch - 16-25,6.36,5.80,-9%
sports-patches,Embroidery,UPDATE,4.5 inch - 11-25,4.5 inch - 16-25,6.36,6.00,-6%
sports-patches,Embroidery,UPDATE,5.0 inch - 11-25,5.0 inch - 16-25,7.20,7.20,+0%
sports-patches,Embroidery,UPDATE,6.0 inch - 11-25,6.0 inch - 16-25,7.30,7.30,+0%
sports-patches,Embroidery,UPDATE,7.0 inch - 11-25,7.0 inch - 16-25,9.00,9.00,+0%
sports-patches,Embroidery,UPDATE,8.0 inch - 11-25,8.0 inch - 16-25,11.00,11.00,+0%
sports-patches,Embroidery,UPDATE,9.0 inch - 11-25,9.0 inch - 16-25,13.00,13.00,+0%
sports-patches,Embroidery,UPDATE,10.0 inch - 11-25,10.0 inch - 16-25,16.00,16.00,+0%
sports-patches,Embroidery,UPDATE,11.0 inch - 11-25,11.0 inch - 16-25,18.00,18.00,+0%
sports-patches,Embroidery,UPDATE,12.0 inch - 11-25,12.0 inch - 16-25,20.00,20.00,+0%
sports-patches,Embroidery,UPDATE,13.0 inch - 11-25,13.0 inch - 16-25,21.00,21.00,+0%
sports-patches,Embroidery,UPDATE,14.0 inch - 11-25,14.0 inch - 16-25,22.50,22.50,+0%
sports-patches,Embroidery,UPDATE,15.0 inch - 11-25,15.0 inch - 16-25,23.70,23.70,+0%
sports-patches,Embroidery,UPDATE,16.0 inch - 11-25,16.0 inch - 16-25,24.80,24.80,+0%
sports-patches,Embroidery,UPDATE,1.0 inch - 26-50,1.0 inch - 26-50,3.75,3.75,+0%
sports-patches,Embroidery,UPDATE,1.5 inch - 26-50,1.5 inch - 26-50,3.75,3.75,+0%
sports-patches,Embroidery,UPDATE,2.0 inch - 26-50,2.0 inch - 26-50,3.75,3.75,+0%
sports-patches,Embroidery,UPDATE,2.5 inch - 26-50,2.5 inch - 26-50,3.75,3.75,+0%
sports-patches,Embroidery,UPDATE,3.0 inch - 26-50,3.0 inch - 26-50,3.75,3.75,+0%
sports-patches,Embroidery,UPDATE,3.5 inch - 26-50,3.5 inch - 26-50,3.80,3.80,+0%
sports-patches,Embroidery,UPDATE,4.0 inch - 26-50,4.0 inch - 26-50,3.80,3.80,+0%
sports-patches,Embroidery,UPDATE,4.5 inch - 26-50,4.5 inch - 26-50,4.00,4.00,+0%
sports-patches,Embroidery,UPDATE,5.0 inch - 26-50,5.0 inch - 26-50,4.50,4.50,+0%
sports-patches,Embroidery,UPDATE,6.0 inch - 26-50,6.0 inch - 26-50,6.00,6.00,+0%
sports-patches,Embroidery,UPDATE,7.0 inch - 26-50,7.0 inch - 26-50,8.00,8.00,+0%
sports-patches,Embroidery,UPDATE,8.0 inch - 26-50,8.0 inch - 26-50,10.00,10.00,+0%
sports-patches,Embroidery,UPDATE,9.0 inch - 26-50,9.0 inch - 26-50,12.00,12.00,+0%
sports-patches,Embroidery,UPDATE,10.0 inch - 26-50,10.0 inch - 26-50,15.00,15.00,+0%
sports-patches,Embroidery,UPDATE,11.0 inch - 26-50,11.0 inch - 26-50,16.00,16.00,+0%
sports-patches,Embroidery,UPDATE,12.0 inch - 26-50,12.0 inch - 26-50,18.00,18.00,+0%
sports-patches,Embroidery,UPDATE,13.0 inch - 26-50,13.0 inch - 26-50,19.00,19.00,+0%
sports-patches,Embroidery,UPDATE,14.0 inch - 26-50,14.0 inch - 26-50,20.20,20.20,+0%
sports-patches,Embroidery,UPDATE,15.0 inch - 26-50,15.0 inch - 26-50,21.40,21.40,+0%
sports-patches,Embroidery,UPDATE,16.0 inch - 26-50,16.0 inch - 26-50,22.70,22.70,+0%
sports-patches,Embroidery,UPDATE,1.0 inch - 51-100,1.0 inch - 51-100,2.40,2.40,+0%
sports-patches,Embroidery,UPDATE,1.5 inch - 51-100,1.5 inch - 51-100,2.40,2.40,+0%
sports-patches,Embroidery,UPDATE,2.0 inch - 51-100,2.0 inch - 51-100,2.40,2.40,+0%
sports-patches,Embroidery,UPDATE,2.5 inch - 51-100,2.5 inch - 51-100,2.40,2.20,-8%
sports-patches,Embroidery,UPDATE,3.0 inch - 51-100,3.0 inch - 51-100,2.40,2.14,-11%
sports-patches,Embroidery,UPDATE,3.5 inch - 51-100,3.5 inch - 51-100,2.50,2.50,+0%
sports-patches,Embroidery,UPDATE,4.0 inch - 51-100,4.0 inch - 51-100,2.86,2.86,+0%
sports-patches,Embroidery,UPDATE,4.5 inch - 51-100,4.5 inch - 51-100,3.21,3.21,+0%
sports-patches,Embroidery,UPDATE,5.0 inch - 51-100,5.0 inch - 51-100,3.58,3.58,+0%
sports-patches,Embroidery,UPDATE,6.0 inch - 51-100,6.0 inch - 51-100,4.29,4.29,+0%
sports-patches,Embroidery,UPDATE,7.0 inch - 51-100,7.0 inch - 51-100,5.01,5.01,+0%
sports-patches,Embroidery,UPDATE,8.0 inch - 51-100,8.0 inch - 51-100,5.72,5.72,+0%
sports-patches,Embroidery,UPDATE,9.0 inch - 51-100,9.0 inch - 51-100,6.43,6.43,+0%
sports-patches,Embroidery,UPDATE,10.0 inch - 51-100,10.0 inch - 51-100,7.15,7.15,+0%
sports-patches,Embroidery,UPDATE,11.0 inch - 51-100,11.0 inch - 51-100,7.87,7.87,+0%
sports-patches,Embroidery,UPDATE,12.0 inch - 51-100,12.0 inch - 51-100,8.59,8.59,+0%
sports-patches,Embroidery,UPDATE,13.0 inch - 51-100,13.0 inch - 51-100,10.20,10.20,+0%
sports-patches,Embroidery,UPDATE,14.0 inch - 51-100,14.0 inch - 51-100,11.40,11.40,+0%
sports-patches,Embroidery,UPDATE,15.0 inch - 51-100,15.0 inch - 51-100,12.80,12.80,+0%
sports-patches,Embroidery,UPDATE,16.0 inch - 51-100,16.0 inch - 51-100,13.90,13.90,+0%
sports-patches,Embroidery,UPDATE,1.0 inch - 101-199,1.0 inch - 101-200,0.70,2.20,+214%
sports-patches,Embroidery,UPDATE,1.5 inch - 101-199,1.5 inch - 101-200,0.79,2.20,+178%
sports-patches,Embroidery,UPDATE,2.0 inch - 101-199,2.0 inch - 101-200,1.06,2.20,+108%
sports-patches,Embroidery,UPDATE,2.5 inch - 101-199,2.5 inch - 101-200,1.33,2.05,+54%
sports-patches,Embroidery,UPDATE,3.0 inch - 101-199,3.0 inch - 101-200,1.59,1.98,+25%
sports-patches,Embroidery,UPDATE,3.5 inch - 101-199,3.5 inch - 101-200,1.86,2.20,+18%
sports-patches,Embroidery,UPDATE,4.0 inch - 101-199,4.0 inch - 101-200,2.11,2.50,+18%
sports-patches,Embroidery,UPDATE,4.5 inch - 101-199,4.5 inch - 101-200,2.38,3.00,+26%
sports-patches,Embroidery,UPDATE,5.0 inch - 101-199,5.0 inch - 101-200,2.64,3.30,+25%
sports-patches,Embroidery,UPDATE,6.0 inch - 101-199,6.0 inch - 101-200,3.18,4.05,+27%
sports-patches,Embroidery,UPDATE,7.0 inch - 101-199,7.0 inch - 101-200,3.71,4.80,+29%
sports-patches,Embroidery,UPDATE,8.0 inch - 101-199,8.0 inch - 101-200,4.23,5.40,+28%
sports-patches,Embroidery,UPDATE,9.0 inch - 101-199,9.0 inch - 101-200,4.76,6.10,+28%
sports-patches,Embroidery,UPDATE,10.0 inch - 101-199,10.0 inch - 101-200,5.30,6.90,+30%
sports-patches,Embroidery,UPDATE,11.0 inch - 101-199,11.0 inch - 101-200,5.82,7.40,+27%
sports-patches,Embroidery,UPDATE,12.0 inch - 101-199,12.0 inch - 101-200,6.35,8.30,+31%
sports-patches,Embroidery,UPDATE,13.0 inch - 101-199,13.0 inch - 101-200,7.50,9.90,+32%
sports-patches,Embroidery,UPDATE,14.0 inch - 101-199,14.0 inch - 101-200,8.80,11.05,+26%
sports-patches,Embroidery,UPDATE,15.0 inch - 101-199,15.0 inch - 101-200,9.95,12.20,+23%
sports-patches,Embroidery,UPDATE,16.0 inch - 101-199,16.0 inch - 101-200,10.95,13.30,+21%
sports-patches,Embroidery,UPDATE,1.0 inch - 200-499,1.0 inch - 201-300,0.38,1.80,+374%
sports-patches,Embroidery,UPDATE,1.5 inch - 200-499,1.5 inch - 201-300,0.56,1.80,+221%
sports-patches,Embroidery,UPDATE,2.0 inch - 200-499,2.0 inch - 201-300,0.71,1.80,+154%
sports-patches,Embroidery,UPDATE,2.5 inch - 200-499,2.5 inch - 201-300,0.94,1.80,+91%
sports-patches,Embroidery,UPDATE,3.0 inch - 200-499,3.0 inch - 201-300,1.11,1.50,+35%
sports-patches,Embroidery,UPDATE,3.5 inch - 200-499,3.5 inch - 201-300,1.30,1.80,+38%
sports-patches,Embroidery,UPDATE,4.0 inch - 200-499,4.0 inch - 201-300,1.49,2.00,+34%
sports-patches,Embroidery,UPDATE,4.5 inch - 200-499,4.5 inch - 201-300,1.68,2.55,+52%
sports-patches,Embroidery,UPDATE,5.0 inch - 200-499,5.0 inch - 201-300,1.86,3.00,+61%
sports-patches,Embroidery,UPDATE,6.0 inch - 200-499,6.0 inch - 201-300,2.24,3.80,+70%
sports-patches,Embroidery,UPDATE,7.0 inch - 200-499,7.0 inch - 201-300,2.60,4.50,+73%
sports-patches,Embroidery,UPDATE,8.0 inch - 200-499,8.0 inch - 201-300,2.98,5.10,+71%
sports-patches,Embroidery,UPDATE,9.0 inch - 200-499,9.0 inch - 201-300,3.34,5.90,+77%
sports-patches,Embroidery,UPDATE,10.0 inch - 200-499,10.0 inch - 201-300,3.72,6.50,+75%
sports-patches,Embroidery,UPDATE,11.0 inch - 200-499,11.0 inch - 201-300,4.09,7.10,+74%
sports-patches,Embroidery,UPDATE,12.0 inch - 200-499,12.0 inch - 201-300,4.47,8.00,+79%
sports-patches,Embroidery,UPDATE,13.0 inch - 200-499,13.0 inch - 201-300,5.60,9.60,+71%
sports-patches,Embroidery,UPDATE,14.0 inch - 200-499,14.0 inch - 201-300,6.75,10.80,+60%
sports-patches,Embroidery,UPDATE,15.0 inch - 200-499,15.0 inch - 201-300,7.80,12.00,+54%
sports-patches,Embroidery,UPDATE,16.0 inch - 200-499,16.0 inch - 201-300,8.85,13.00,+47%
sports-patches,Embroidery,UPDATE,1.0 inch - 500-999,1.0 inch - 301-400,0.27,1.60,+493%
sports-patches,Embroidery,UPDATE,1.5 inch - 500-999,1.5 inch - 301-400,0.41,1.60,+290%
sports-patches,Embroidery,UPDATE,2.0 inch - 500-999,2.0 inch - 301-400,0.54,1.60,+196%
sports-patches,Embroidery,UPDATE,2.5 inch - 500-999,2.5 inch - 301-400,0.68,1.60,+135%
sports-patches,Embroidery,UPDATE,3.0 inch - 500-999,3.0 inch - 301-400,0.81,1.20,+48%
sports-patches,Embroidery,UPDATE,3.5 inch - 500-999,3.5 inch - 301-400,0.94,1.60,+70%
sports-patches,Embroidery,UPDATE,4.0 inch - 500-999,4.0 inch - 301-400,1.09,1.80,+65%
sports-patches,Embroidery,UPDATE,4.5 inch - 500-999,4.5 inch - 301-400,1.22,2.45,+101%
sports-patches,Embroidery,UPDATE,5.0 inch - 500-999,5.0 inch - 301-400,1.36,2.80,+106%
sports-patches,Embroidery,UPDATE,6.0 inch - 500-999,6.0 inch - 301-400,1.64,3.60,+120%
sports-patches,Embroidery,UPDATE,7.0 inch - 500-999,7.0 inch - 301-400,1.90,4.30,+126%
sports-patches,Embroidery,UPDATE,8.0 inch - 500-999,8.0 inch - 301-400,2.17,4.80,+121%
sports-patches,Embroidery,UPDATE,9.0 inch - 500-999,9.0 inch - 301-400,2.45,5.70,+133%
sports-patches,Embroidery,UPDATE,10.0 inch - 500-999,10.0 inch - 301-400,2.72,6.30,+132%
sports-patches,Embroidery,UPDATE,11.0 inch - 500-999,11.0 inch - 301-400,2.99,6.80,+127%
sports-patches,Embroidery,UPDATE,12.0 inch - 500-999,12.0 inch - 301-400,3.26,7.80,+139%
sports-patches,Embroidery,UPDATE,13.0 inch - 500-999,13.0 inch - 301-400,4.30,9.30,+116%
sports-patches,Embroidery,UPDATE,14.0 inch - 500-999,14.0 inch - 301-400,5.45,10.40,+91%
sports-patches,Embroidery,UPDATE,15.0 inch - 500-999,15.0 inch - 301-400,6.80,11.80,+74%
sports-patches,Embroidery,UPDATE,16.0 inch - 500-999,16.0 inch - 301-400,7.95,12.80,+61%
sports-patches,Embroidery,UPDATE,1.0 inch - 1000+,1.0 inch - 401-500,0.25,1.40,+460%
sports-patches,Embroidery,UPDATE,1.5 inch - 1000+,1.5 inch - 401-500,0.37,1.40,+278%
sports-patches,Embroidery,UPDATE,2.0 inch - 1000+,2.0 inch - 401-500,0.49,1.40,+186%
sports-patches,Embroidery,UPDATE,2.5 inch - 1000+,2.5 inch - 401-500,0.61,1.40,+130%
sports-patches,Embroidery,UPDATE,3.0 inch - 1000+,3.0 inch - 401-500,0.73,1.00,+37%
sports-patches,Embroidery,UPDATE,3.5 inch - 1000+,3.5 inch - 401-500,0.84,1.40,+67%
sports-patches,Embroidery,UPDATE,4.0 inch - 1000+,4.0 inch - 401-500,0.98,1.60,+63%
sports-patches,Embroidery,UPDATE,4.5 inch - 1000+,4.5 inch - 401-500,1.11,2.25,+103%
sports-patches,Embroidery,UPDATE,5.0 inch - 1000+,5.0 inch - 401-500,1.21,2.60,+115%
sports-patches,Embroidery,UPDATE,6.0 inch - 1000+,6.0 inch - 401-500,1.46,3.40,+133%
sports-patches,Embroidery,UPDATE,7.0 inch - 1000+,7.0 inch - 401-500,1.70,4.10,+141%
sports-patches,Embroidery,UPDATE,8.0 inch - 1000+,8.0 inch - 401-500,1.96,4.60,+135%
sports-patches,Embroidery,UPDATE,9.0 inch - 1000+,9.0 inch - 401-500,2.19,5.50,+151%
sports-patches,Embroidery,UPDATE,10.0 inch - 1000+,10.0 inch - 401-500,2.43,6.10,+151%
sports-patches,Embroidery,UPDATE,11.0 inch - 1000+,11.0 inch - 401-500,2.67,6.50,+143%
sports-patches,Embroidery,UPDATE,12.0 inch - 1000+,12.0 inch - 401-500,2.92,7.60,+160%
sports-patches,Embroidery,UPDATE,13.0 inch - 1000+,13.0 inch - 401-500,3.98,9.10,+129%
sports-patches,Embroidery,UPDATE,14.0 inch - 1000+,14.0 inch - 401-500,5.10,10.20,+100%
sports-patches,Embroidery,UPDATE,15.0 inch - 1000+,15.0 inch - 401-500,6.40,11.50,+80%
sports-patches,Embroidery,UPDATE,16.0 inch - 1000+,16.0 inch - 401-500,7.60,12.40,+63%
sports-patches,Embroidery,CREATE,,1.0 inch - 501-700,,1.20,new
sports-patches,Embroidery,CREATE,,1.5 inch - 501-700,,1.20,new
sports-patches,Embroidery,CREATE,,2.0 inch - 501-700,,1.20,new
sports-patches,Embroidery,CREATE,,2.5 inch - 501-700,,1.20,new
sports-patches,Embroidery,CREATE,,3.0 inch - 501-700,,0.81,new
sports-patches,Embroidery,CREATE,,3.5 inch - 501-700,,1.05,new
sports-patches,Embroidery,CREATE,,4.0 inch - 501-700,,1.30,new
sports-patches,Embroidery,CREATE,,4.5 inch - 501-700,,2.00,new
sports-patches,Embroidery,CREATE,,5.0 inch - 501-700,,2.40,new
sports-patches,Embroidery,CREATE,,6.0 inch - 501-700,,3.10,new
sports-patches,Embroidery,CREATE,,7.0 inch - 501-700,,4.00,new
sports-patches,Embroidery,CREATE,,8.0 inch - 501-700,,4.30,new
sports-patches,Embroidery,CREATE,,9.0 inch - 501-700,,5.20,new
sports-patches,Embroidery,CREATE,,10.0 inch - 501-700,,5.80,new
sports-patches,Embroidery,CREATE,,11.0 inch - 501-700,,6.20,new
sports-patches,Embroidery,CREATE,,12.0 inch - 501-700,,7.30,new
sports-patches,Embroidery,CREATE,,13.0 inch - 501-700,,8.50,new
sports-patches,Embroidery,CREATE,,14.0 inch - 501-700,,9.50,new
sports-patches,Embroidery,CREATE,,15.0 inch - 501-700,,10.80,new
sports-patches,Embroidery,CREATE,,16.0 inch - 501-700,,12.00,new
sports-patches,Embroidery,CREATE,,1.0 inch - 701+,,0.95,new
sports-patches,Embroidery,CREATE,,1.5 inch - 701+,,0.95,new
sports-patches,Embroidery,CREATE,,2.0 inch - 701+,,0.95,new
sports-patches,Embroidery,CREATE,,2.5 inch - 701+,,0.95,new
sports-patches,Embroidery,CREATE,,3.0 inch - 701+,,0.75,new
sports-patches,Embroidery,CREATE,,3.5 inch - 701+,,1.00,new
sports-patches,Embroidery,CREATE,,4.0 inch - 701+,,1.10,new
sports-patches,Embroidery,CREATE,,4.5 inch - 701+,,1.80,new
sports-patches,Embroidery,CREATE,,5.0 inch - 701+,,2.20,new
sports-patches,Embroidery,CREATE,,6.0 inch - 701+,,2.80,new
sports-patches,Embroidery,CREATE,,7.0 inch - 701+,,3.80,new
sports-patches,Embroidery,CREATE,,8.0 inch - 701+,,4.00,new
sports-patches,Embroidery,CREATE,,9.0 inch - 701+,,5.00,new
sports-patches,Embroidery,CREATE,,10.0 inch - 701+,,5.50,new
sports-patches,Embroidery,CREATE,,11.0 inch - 701+,,6.00,new
sports-patches,Embroidery,CREATE,,12.0 inch - 701+,,7.00,new
sports-patches,Embroidery,CREATE,,13.0 inch - 701+,,8.20,new
sports-patches,Embroidery,CREATE,,14.0 inch - 701+,,9.00,new
sports-patches,Embroidery,CREATE,,15.0 inch - 701+,,10.00,new
sports-patches,Embroidery,CREATE,,16.0 inch - 701+,,12.00,new
name-patches,Embroidery,UPDATE,1.0 inch - 10,1.0 inch - 10-15,6.99,6.99,+0%
name-patches,Embroidery,UPDATE,1.5 inch - 10,1.5 inch - 10-15,6.99,6.99,+0%
name-patches,Embroidery,UPDATE,2.0 inch - 10,2.0 inch - 10-15,6.99,6.99,+0%
name-patches,Embroidery,UPDATE,2.5 inch - 10,2.5 inch - 10-15,6.99,6.99,+0%
name-patches,Embroidery,UPDATE,3.0 inch - 10,3.0 inch - 10-15,7.99,7.99,+0%
name-patches,Embroidery,UPDATE,3.5 inch - 10,3.5 inch - 10-15,7.99,7.99,+0%
name-patches,Embroidery,UPDATE,4.0 inch - 10,4.0 inch - 10-15,7.99,7.99,+0%
name-patches,Embroidery,UPDATE,4.5 inch - 10,4.5 inch - 10-15,8.99,8.99,+0%
name-patches,Embroidery,UPDATE,5.0 inch - 10,5.0 inch - 10-15,10.00,10.00,+0%
name-patches,Embroidery,UPDATE,6.0 inch - 10,6.0 inch - 10-15,11.00,11.00,+0%
name-patches,Embroidery,UPDATE,7.0 inch - 10,7.0 inch - 10-15,12.00,12.00,+0%
name-patches,Embroidery,UPDATE,8.0 inch - 10,8.0 inch - 10-15,14.00,14.00,+0%
name-patches,Embroidery,UPDATE,9.0 inch - 10,9.0 inch - 10-15,16.00,16.00,+0%
name-patches,Embroidery,UPDATE,10.0 inch - 10,10.0 inch - 10-15,18.00,18.00,+0%
name-patches,Embroidery,UPDATE,11.0 inch - 10,11.0 inch - 10-15,20.00,20.00,+0%
name-patches,Embroidery,UPDATE,12.0 inch - 10,12.0 inch - 10-15,22.00,22.00,+0%
name-patches,Embroidery,UPDATE,13.0 inch - 10,13.0 inch - 10-15,23.00,23.00,+0%
name-patches,Embroidery,UPDATE,14.0 inch - 10,14.0 inch - 10-15,24.20,24.20,+0%
name-patches,Embroidery,UPDATE,15.0 inch - 10,15.0 inch - 10-15,25.40,25.40,+0%
name-patches,Embroidery,UPDATE,16.0 inch - 10,16.0 inch - 10-15,26.60,26.60,+0%
name-patches,Embroidery,UPDATE,1.0 inch - 11-25,1.0 inch - 16-25,6.36,3.75,-41%
name-patches,Embroidery,UPDATE,1.5 inch - 11-25,1.5 inch - 16-25,6.36,3.80,-40%
name-patches,Embroidery,UPDATE,2.0 inch - 11-25,2.0 inch - 16-25,6.36,3.95,-38%
name-patches,Embroidery,UPDATE,2.5 inch - 11-25,2.5 inch - 16-25,6.36,4.50,-29%
name-patches,Embroidery,UPDATE,3.0 inch - 11-25,3.0 inch - 16-25,6.36,5.00,-21%
name-patches,Embroidery,UPDATE,3.5 inch - 11-25,3.5 inch - 16-25,6.36,5.20,-18%
name-patches,Embroidery,UPDATE,4.0 inch - 11-25,4.0 inch - 16-25,6.36,5.80,-9%
name-patches,Embroidery,UPDATE,4.5 inch - 11-25,4.5 inch - 16-25,6.36,6.00,-6%
name-patches,Embroidery,UPDATE,5.0 inch - 11-25,5.0 inch - 16-25,7.20,7.20,+0%
name-patches,Embroidery,UPDATE,6.0 inch - 11-25,6.0 inch - 16-25,7.30,7.30,+0%
name-patches,Embroidery,UPDATE,7.0 inch - 11-25,7.0 inch - 16-25,9.00,9.00,+0%
name-patches,Embroidery,UPDATE,8.0 inch - 11-25,8.0 inch - 16-25,11.00,11.00,+0%
name-patches,Embroidery,UPDATE,9.0 inch - 11-25,9.0 inch - 16-25,13.00,13.00,+0%
name-patches,Embroidery,UPDATE,10.0 inch - 11-25,10.0 inch - 16-25,16.00,16.00,+0%
name-patches,Embroidery,UPDATE,11.0 inch - 11-25,11.0 inch - 16-25,18.00,18.00,+0%
name-patches,Embroidery,UPDATE,12.0 inch - 11-25,12.0 inch - 16-25,20.00,20.00,+0%
name-patches,Embroidery,UPDATE,13.0 inch - 11-25,13.0 inch - 16-25,21.00,21.00,+0%
name-patches,Embroidery,UPDATE,14.0 inch - 11-25,14.0 inch - 16-25,22.50,22.50,+0%
name-patches,Embroidery,UPDATE,15.0 inch - 11-25,15.0 inch - 16-25,23.70,23.70,+0%
name-patches,Embroidery,UPDATE,16.0 inch - 11-25,16.0 inch - 16-25,24.80,24.80,+0%
name-patches,Embroidery,UPDATE,1.0 inch - 26-50,1.0 inch - 26-50,3.75,3.75,+0%
name-patches,Embroidery,UPDATE,1.5 inch - 26-50,1.5 inch - 26-50,3.75,3.75,+0%
name-patches,Embroidery,UPDATE,2.0 inch - 26-50,2.0 inch - 26-50,3.75,3.75,+0%
name-patches,Embroidery,UPDATE,2.5 inch - 26-50,2.5 inch - 26-50,3.75,3.75,+0%
name-patches,Embroidery,UPDATE,3.0 inch - 26-50,3.0 inch - 26-50,3.75,3.75,+0%
name-patches,Embroidery,UPDATE,3.5 inch - 26-50,3.5 inch - 26-50,3.80,3.80,+0%
name-patches,Embroidery,UPDATE,4.0 inch - 26-50,4.0 inch - 26-50,3.80,3.80,+0%
name-patches,Embroidery,UPDATE,4.5 inch - 26-50,4.5 inch - 26-50,4.00,4.00,+0%
name-patches,Embroidery,UPDATE,5.0 inch - 26-50,5.0 inch - 26-50,4.50,4.50,+0%
name-patches,Embroidery,UPDATE,6.0 inch - 26-50,6.0 inch - 26-50,6.00,6.00,+0%
name-patches,Embroidery,UPDATE,7.0 inch - 26-50,7.0 inch - 26-50,8.00,8.00,+0%
name-patches,Embroidery,UPDATE,8.0 inch - 26-50,8.0 inch - 26-50,10.00,10.00,+0%
name-patches,Embroidery,UPDATE,9.0 inch - 26-50,9.0 inch - 26-50,12.00,12.00,+0%
name-patches,Embroidery,UPDATE,10.0 inch - 26-50,10.0 inch - 26-50,15.00,15.00,+0%
name-patches,Embroidery,UPDATE,11.0 inch - 26-50,11.0 inch - 26-50,16.00,16.00,+0%
name-patches,Embroidery,UPDATE,12.0 inch - 26-50,12.0 inch - 26-50,18.00,18.00,+0%
name-patches,Embroidery,UPDATE,13.0 inch - 26-50,13.0 inch - 26-50,19.00,19.00,+0%
name-patches,Embroidery,UPDATE,14.0 inch - 26-50,14.0 inch - 26-50,20.20,20.20,+0%
name-patches,Embroidery,UPDATE,15.0 inch - 26-50,15.0 inch - 26-50,21.40,21.40,+0%
name-patches,Embroidery,UPDATE,16.0 inch - 26-50,16.0 inch - 26-50,22.70,22.70,+0%
name-patches,Embroidery,UPDATE,1.0 inch - 51-100,1.0 inch - 51-100,2.40,2.40,+0%
name-patches,Embroidery,UPDATE,1.5 inch - 51-100,1.5 inch - 51-100,2.40,2.40,+0%
name-patches,Embroidery,UPDATE,2.0 inch - 51-100,2.0 inch - 51-100,2.40,2.40,+0%
name-patches,Embroidery,UPDATE,2.5 inch - 51-100,2.5 inch - 51-100,2.40,2.20,-8%
name-patches,Embroidery,UPDATE,3.0 inch - 51-100,3.0 inch - 51-100,2.40,2.14,-11%
name-patches,Embroidery,UPDATE,3.5 inch - 51-100,3.5 inch - 51-100,2.50,2.50,+0%
name-patches,Embroidery,UPDATE,4.0 inch - 51-100,4.0 inch - 51-100,2.86,2.86,+0%
name-patches,Embroidery,UPDATE,4.5 inch - 51-100,4.5 inch - 51-100,3.21,3.21,+0%
name-patches,Embroidery,UPDATE,5.0 inch - 51-100,5.0 inch - 51-100,3.58,3.58,+0%
name-patches,Embroidery,UPDATE,6.0 inch - 51-100,6.0 inch - 51-100,4.29,4.29,+0%
name-patches,Embroidery,UPDATE,7.0 inch - 51-100,7.0 inch - 51-100,5.01,5.01,+0%
name-patches,Embroidery,UPDATE,8.0 inch - 51-100,8.0 inch - 51-100,5.72,5.72,+0%
name-patches,Embroidery,UPDATE,9.0 inch - 51-100,9.0 inch - 51-100,6.43,6.43,+0%
name-patches,Embroidery,UPDATE,10.0 inch - 51-100,10.0 inch - 51-100,7.15,7.15,+0%
name-patches,Embroidery,UPDATE,11.0 inch - 51-100,11.0 inch - 51-100,7.87,7.87,+0%
name-patches,Embroidery,UPDATE,12.0 inch - 51-100,12.0 inch - 51-100,8.59,8.59,+0%
name-patches,Embroidery,UPDATE,13.0 inch - 51-100,13.0 inch - 51-100,10.20,10.20,+0%
name-patches,Embroidery,UPDATE,14.0 inch - 51-100,14.0 inch - 51-100,11.40,11.40,+0%
name-patches,Embroidery,UPDATE,15.0 inch - 51-100,15.0 inch - 51-100,12.80,12.80,+0%
name-patches,Embroidery,UPDATE,16.0 inch - 51-100,16.0 inch - 51-100,13.90,13.90,+0%
name-patches,Embroidery,UPDATE,1.0 inch - 101-199,1.0 inch - 101-200,0.70,2.20,+214%
name-patches,Embroidery,UPDATE,1.5 inch - 101-199,1.5 inch - 101-200,0.79,2.20,+178%
name-patches,Embroidery,UPDATE,2.0 inch - 101-199,2.0 inch - 101-200,1.06,2.20,+108%
name-patches,Embroidery,UPDATE,2.5 inch - 101-199,2.5 inch - 101-200,1.33,2.05,+54%
name-patches,Embroidery,UPDATE,3.0 inch - 101-199,3.0 inch - 101-200,1.59,1.98,+25%
name-patches,Embroidery,UPDATE,3.5 inch - 101-199,3.5 inch - 101-200,1.86,2.20,+18%
name-patches,Embroidery,UPDATE,4.0 inch - 101-199,4.0 inch - 101-200,2.11,2.50,+18%
name-patches,Embroidery,UPDATE,4.5 inch - 101-199,4.5 inch - 101-200,2.38,3.00,+26%
name-patches,Embroidery,UPDATE,5.0 inch - 101-199,5.0 inch - 101-200,2.64,3.30,+25%
name-patches,Embroidery,UPDATE,6.0 inch - 101-199,6.0 inch - 101-200,3.18,4.05,+27%
name-patches,Embroidery,UPDATE,7.0 inch - 101-199,7.0 inch - 101-200,3.71,4.80,+29%
name-patches,Embroidery,UPDATE,8.0 inch - 101-199,8.0 inch - 101-200,4.23,5.40,+28%
name-patches,Embroidery,UPDATE,9.0 inch - 101-199,9.0 inch - 101-200,4.76,6.10,+28%
name-patches,Embroidery,UPDATE,10.0 inch - 101-199,10.0 inch - 101-200,5.30,6.90,+30%
name-patches,Embroidery,UPDATE,11.0 inch - 101-199,11.0 inch - 101-200,5.82,7.40,+27%
name-patches,Embroidery,UPDATE,12.0 inch - 101-199,12.0 inch - 101-200,6.35,8.30,+31%
name-patches,Embroidery,UPDATE,13.0 inch - 101-199,13.0 inch - 101-200,7.50,9.90,+32%
name-patches,Embroidery,UPDATE,14.0 inch - 101-199,14.0 inch - 101-200,8.80,11.05,+26%
name-patches,Embroidery,UPDATE,15.0 inch - 101-199,15.0 inch - 101-200,9.95,12.20,+23%
name-patches,Embroidery,UPDATE,16.0 inch - 101-199,16.0 inch - 101-200,10.95,13.30,+21%
name-patches,Embroidery,UPDATE,1.0 inch - 200-499,1.0 inch - 201-300,0.38,1.80,+374%
name-patches,Embroidery,UPDATE,1.5 inch - 200-499,1.5 inch - 201-300,0.56,1.80,+221%
name-patches,Embroidery,UPDATE,2.0 inch - 200-499,2.0 inch - 201-300,0.71,1.80,+154%
name-patches,Embroidery,UPDATE,2.5 inch - 200-499,2.5 inch - 201-300,0.94,1.80,+91%
name-patches,Embroidery,UPDATE,3.0 inch - 200-499,3.0 inch - 201-300,1.11,1.50,+35%
name-patches,Embroidery,UPDATE,3.5 inch - 200-499,3.5 inch - 201-300,1.30,1.80,+38%
name-patches,Embroidery,UPDATE,4.0 inch - 200-499,4.0 inch - 201-300,1.49,2.00,+34%
name-patches,Embroidery,UPDATE,4.5 inch - 200-499,4.5 inch - 201-300,1.68,2.55,+52%
name-patches,Embroidery,UPDATE,5.0 inch - 200-499,5.0 inch - 201-300,1.86,3.00,+61%
name-patches,Embroidery,UPDATE,6.0 inch - 200-499,6.0 inch - 201-300,2.24,3.80,+70%
name-patches,Embroidery,UPDATE,7.0 inch - 200-499,7.0 inch - 201-300,2.60,4.50,+73%
name-patches,Embroidery,UPDATE,8.0 inch - 200-499,8.0 inch - 201-300,2.98,5.10,+71%
name-patches,Embroidery,UPDATE,9.0 inch - 200-499,9.0 inch - 201-300,3.34,5.90,+77%
name-patches,Embroidery,UPDATE,10.0 inch - 200-499,10.0 inch - 201-300,3.72,6.50,+75%
name-patches,Embroidery,UPDATE,11.0 inch - 200-499,11.0 inch - 201-300,4.09,7.10,+74%
name-patches,Embroidery,UPDATE,12.0 inch - 200-499,12.0 inch - 201-300,4.47,8.00,+79%
name-patches,Embroidery,UPDATE,13.0 inch - 200-499,13.0 inch - 201-300,5.60,9.60,+71%
name-patches,Embroidery,UPDATE,14.0 inch - 200-499,14.0 inch - 201-300,6.75,10.80,+60%
name-patches,Embroidery,UPDATE,15.0 inch - 200-499,15.0 inch - 201-300,7.80,12.00,+54%
name-patches,Embroidery,UPDATE,16.0 inch - 200-499,16.0 inch - 201-300,8.85,13.00,+47%
name-patches,Embroidery,UPDATE,1.0 inch - 500-999,1.0 inch - 301-400,0.27,1.60,+493%
name-patches,Embroidery,UPDATE,1.5 inch - 500-999,1.5 inch - 301-400,0.41,1.60,+290%
name-patches,Embroidery,UPDATE,2.0 inch - 500-999,2.0 inch - 301-400,0.54,1.60,+196%
name-patches,Embroidery,UPDATE,2.5 inch - 500-999,2.5 inch - 301-400,0.68,1.60,+135%
name-patches,Embroidery,UPDATE,3.0 inch - 500-999,3.0 inch - 301-400,0.81,1.20,+48%
name-patches,Embroidery,UPDATE,3.5 inch - 500-999,3.5 inch - 301-400,0.94,1.60,+70%
name-patches,Embroidery,UPDATE,4.0 inch - 500-999,4.0 inch - 301-400,1.09,1.80,+65%
name-patches,Embroidery,UPDATE,4.5 inch - 500-999,4.5 inch - 301-400,1.22,2.45,+101%
name-patches,Embroidery,UPDATE,5.0 inch - 500-999,5.0 inch - 301-400,1.36,2.80,+106%
name-patches,Embroidery,UPDATE,6.0 inch - 500-999,6.0 inch - 301-400,1.64,3.60,+120%
name-patches,Embroidery,UPDATE,7.0 inch - 500-999,7.0 inch - 301-400,1.90,4.30,+126%
name-patches,Embroidery,UPDATE,8.0 inch - 500-999,8.0 inch - 301-400,2.17,4.80,+121%
name-patches,Embroidery,UPDATE,9.0 inch - 500-999,9.0 inch - 301-400,2.45,5.70,+133%
name-patches,Embroidery,UPDATE,10.0 inch - 500-999,10.0 inch - 301-400,2.72,6.30,+132%
name-patches,Embroidery,UPDATE,11.0 inch - 500-999,11.0 inch - 301-400,2.99,6.80,+127%
name-patches,Embroidery,UPDATE,12.0 inch - 500-999,12.0 inch - 301-400,3.26,7.80,+139%
name-patches,Embroidery,UPDATE,13.0 inch - 500-999,13.0 inch - 301-400,4.30,9.30,+116%
name-patches,Embroidery,UPDATE,14.0 inch - 500-999,14.0 inch - 301-400,5.45,10.40,+91%
name-patches,Embroidery,UPDATE,15.0 inch - 500-999,15.0 inch - 301-400,6.80,11.80,+74%
name-patches,Embroidery,UPDATE,16.0 inch - 500-999,16.0 inch - 301-400,7.95,12.80,+61%
name-patches,Embroidery,UPDATE,1.0 inch - 1000+,1.0 inch - 401-500,0.25,1.40,+460%
name-patches,Embroidery,UPDATE,1.5 inch - 1000+,1.5 inch - 401-500,0.37,1.40,+278%
name-patches,Embroidery,UPDATE,2.0 inch - 1000+,2.0 inch - 401-500,0.49,1.40,+186%
name-patches,Embroidery,UPDATE,2.5 inch - 1000+,2.5 inch - 401-500,0.61,1.40,+130%
name-patches,Embroidery,UPDATE,3.0 inch - 1000+,3.0 inch - 401-500,0.73,1.00,+37%
name-patches,Embroidery,UPDATE,3.5 inch - 1000+,3.5 inch - 401-500,0.84,1.40,+67%
name-patches,Embroidery,UPDATE,4.0 inch - 1000+,4.0 inch - 401-500,0.98,1.60,+63%
name-patches,Embroidery,UPDATE,4.5 inch - 1000+,4.5 inch - 401-500,1.11,2.25,+103%
name-patches,Embroidery,UPDATE,5.0 inch - 1000+,5.0 inch - 401-500,1.21,2.60,+115%
name-patches,Embroidery,UPDATE,6.0 inch - 1000+,6.0 inch - 401-500,1.46,3.40,+133%
name-patches,Embroidery,UPDATE,7.0 inch - 1000+,7.0 inch - 401-500,1.70,4.10,+141%
name-patches,Embroidery,UPDATE,8.0 inch - 1000+,8.0 inch - 401-500,1.96,4.60,+135%
name-patches,Embroidery,UPDATE,9.0 inch - 1000+,9.0 inch - 401-500,2.19,5.50,+151%
name-patches,Embroidery,UPDATE,10.0 inch - 1000+,10.0 inch - 401-500,2.43,6.10,+151%
name-patches,Embroidery,UPDATE,11.0 inch - 1000+,11.0 inch - 401-500,2.67,6.50,+143%
name-patches,Embroidery,UPDATE,12.0 inch - 1000+,12.0 inch - 401-500,2.92,7.60,+160%
name-patches,Embroidery,UPDATE,13.0 inch - 1000+,13.0 inch - 401-500,3.98,9.10,+129%
name-patches,Embroidery,UPDATE,14.0 inch - 1000+,14.0 inch - 401-500,5.10,10.20,+100%
name-patches,Embroidery,UPDATE,15.0 inch - 1000+,15.0 inch - 401-500,6.40,11.50,+80%
name-patches,Embroidery,UPDATE,16.0 inch - 1000+,16.0 inch - 401-500,7.60,12.40,+63%
name-patches,Embroidery,CREATE,,1.0 inch - 501-700,,1.20,new
name-patches,Embroidery,CREATE,,1.5 inch - 501-700,,1.20,new
name-patches,Embroidery,CREATE,,2.0 inch - 501-700,,1.20,new
name-patches,Embroidery,CREATE,,2.5 inch - 501-700,,1.20,new
name-patches,Embroidery,CREATE,,3.0 inch - 501-700,,0.81,new
name-patches,Embroidery,CREATE,,3.5 inch - 501-700,,1.05,new
name-patches,Embroidery,CREATE,,4.0 inch - 501-700,,1.30,new
name-patches,Embroidery,CREATE,,4.5 inch - 501-700,,2.00,new
name-patches,Embroidery,CREATE,,5.0 inch - 501-700,,2.40,new
name-patches,Embroidery,CREATE,,6.0 inch - 501-700,,3.10,new
name-patches,Embroidery,CREATE,,7.0 inch - 501-700,,4.00,new
name-patches,Embroidery,CREATE,,8.0 inch - 501-700,,4.30,new
name-patches,Embroidery,CREATE,,9.0 inch - 501-700,,5.20,new
name-patches,Embroidery,CREATE,,10.0 inch - 501-700,,5.80,new
name-patches,Embroidery,CREATE,,11.0 inch - 501-700,,6.20,new
name-patches,Embroidery,CREATE,,12.0 inch - 501-700,,7.30,new
name-patches,Embroidery,CREATE,,13.0 inch - 501-700,,8.50,new
name-patches,Embroidery,CREATE,,14.0 inch - 501-700,,9.50,new
name-patches,Embroidery,CREATE,,15.0 inch - 501-700,,10.80,new
name-patches,Embroidery,CREATE,,16.0 inch - 501-700,,12.00,new
name-patches,Embroidery,CREATE,,1.0 inch - 701+,,0.95,new
name-patches,Embroidery,CREATE,,1.5 inch - 701+,,0.95,new
name-patches,Embroidery,CREATE,,2.0 inch - 701+,,0.95,new
name-patches,Embroidery,CREATE,,2.5 inch - 701+,,0.95,new
name-patches,Embroidery,CREATE,,3.0 inch - 701+,,0.75,new
name-patches,Embroidery,CREATE,,3.5 inch - 701+,,1.00,new
name-patches,Embroidery,CREATE,,4.0 inch - 701+,,1.10,new
name-patches,Embroidery,CREATE,,4.5 inch - 701+,,1.80,new
name-patches,Embroidery,CREATE,,5.0 inch - 701+,,2.20,new
name-patches,Embroidery,CREATE,,6.0 inch - 701+,,2.80,new
name-patches,Embroidery,CREATE,,7.0 inch - 701+,,3.80,new
name-patches,Embroidery,CREATE,,8.0 inch - 701+,,4.00,new
name-patches,Embroidery,CREATE,,9.0 inch - 701+,,5.00,new
name-patches,Embroidery,CREATE,,10.0 inch - 701+,,5.50,new
name-patches,Embroidery,CREATE,,11.0 inch - 701+,,6.00,new
name-patches,Embroidery,CREATE,,12.0 inch - 701+,,7.00,new
name-patches,Embroidery,CREATE,,13.0 inch - 701+,,8.20,new
name-patches,Embroidery,CREATE,,14.0 inch - 701+,,9.00,new
name-patches,Embroidery,CREATE,,15.0 inch - 701+,,10.00,new
name-patches,Embroidery,CREATE,,16.0 inch - 701+,,12.00,new
police-patches,Embroidery,UPDATE,1.0 inch - 10,1.0 inch - 10-15,6.99,6.99,+0%
police-patches,Embroidery,UPDATE,1.5 inch - 10,1.5 inch - 10-15,6.99,6.99,+0%
police-patches,Embroidery,UPDATE,2.0 inch - 10,2.0 inch - 10-15,6.99,6.99,+0%
police-patches,Embroidery,UPDATE,2.5 inch - 10,2.5 inch - 10-15,6.99,6.99,+0%
police-patches,Embroidery,UPDATE,3.0 inch - 10,3.0 inch - 10-15,7.99,7.99,+0%
police-patches,Embroidery,UPDATE,3.5 inch - 10,3.5 inch - 10-15,7.99,7.99,+0%
police-patches,Embroidery,UPDATE,4.0 inch - 10,4.0 inch - 10-15,7.99,7.99,+0%
police-patches,Embroidery,UPDATE,4.5 inch - 10,4.5 inch - 10-15,8.99,8.99,+0%
police-patches,Embroidery,UPDATE,5.0 inch - 10,5.0 inch - 10-15,10.00,10.00,+0%
police-patches,Embroidery,UPDATE,6.0 inch - 10,6.0 inch - 10-15,11.00,11.00,+0%
police-patches,Embroidery,UPDATE,7.0 inch - 10,7.0 inch - 10-15,12.00,12.00,+0%
police-patches,Embroidery,UPDATE,8.0 inch - 10,8.0 inch - 10-15,14.00,14.00,+0%
police-patches,Embroidery,UPDATE,9.0 inch - 10,9.0 inch - 10-15,16.00,16.00,+0%
police-patches,Embroidery,UPDATE,10.0 inch - 10,10.0 inch - 10-15,18.00,18.00,+0%
police-patches,Embroidery,UPDATE,11.0 inch - 10,11.0 inch - 10-15,20.00,20.00,+0%
police-patches,Embroidery,UPDATE,12.0 inch - 10,12.0 inch - 10-15,22.00,22.00,+0%
police-patches,Embroidery,UPDATE,13.0 inch - 10,13.0 inch - 10-15,23.00,23.00,+0%
police-patches,Embroidery,UPDATE,14.0 inch - 10,14.0 inch - 10-15,24.20,24.20,+0%
police-patches,Embroidery,UPDATE,15.0 inch - 10,15.0 inch - 10-15,25.40,25.40,+0%
police-patches,Embroidery,UPDATE,16.0 inch - 10,16.0 inch - 10-15,26.60,26.60,+0%
police-patches,Embroidery,UPDATE,1.0 inch - 11-25,1.0 inch - 16-25,6.36,3.75,-41%
police-patches,Embroidery,UPDATE,1.5 inch - 11-25,1.5 inch - 16-25,6.36,3.80,-40%
police-patches,Embroidery,UPDATE,2.0 inch - 11-25,2.0 inch - 16-25,6.36,3.95,-38%
police-patches,Embroidery,UPDATE,2.5 inch - 11-25,2.5 inch - 16-25,6.36,4.50,-29%
police-patches,Embroidery,UPDATE,3.0 inch - 11-25,3.0 inch - 16-25,6.36,5.00,-21%
police-patches,Embroidery,UPDATE,3.5 inch - 11-25,3.5 inch - 16-25,6.36,5.20,-18%
police-patches,Embroidery,UPDATE,4.0 inch - 11-25,4.0 inch - 16-25,6.36,5.80,-9%
police-patches,Embroidery,UPDATE,4.5 inch - 11-25,4.5 inch - 16-25,6.36,6.00,-6%
police-patches,Embroidery,UPDATE,5.0 inch - 11-25,5.0 inch - 16-25,7.20,7.20,+0%
police-patches,Embroidery,UPDATE,6.0 inch - 11-25,6.0 inch - 16-25,7.30,7.30,+0%
police-patches,Embroidery,UPDATE,7.0 inch - 11-25,7.0 inch - 16-25,9.00,9.00,+0%
police-patches,Embroidery,UPDATE,8.0 inch - 11-25,8.0 inch - 16-25,11.00,11.00,+0%
police-patches,Embroidery,UPDATE,9.0 inch - 11-25,9.0 inch - 16-25,13.00,13.00,+0%
police-patches,Embroidery,UPDATE,10.0 inch - 11-25,10.0 inch - 16-25,16.00,16.00,+0%
police-patches,Embroidery,UPDATE,11.0 inch - 11-25,11.0 inch - 16-25,18.00,18.00,+0%
police-patches,Embroidery,UPDATE,12.0 inch - 11-25,12.0 inch - 16-25,20.00,20.00,+0%
police-patches,Embroidery,UPDATE,13.0 inch - 11-25,13.0 inch - 16-25,21.00,21.00,+0%
police-patches,Embroidery,UPDATE,14.0 inch - 11-25,14.0 inch - 16-25,22.50,22.50,+0%
police-patches,Embroidery,UPDATE,15.0 inch - 11-25,15.0 inch - 16-25,23.70,23.70,+0%
police-patches,Embroidery,UPDATE,16.0 inch - 11-25,16.0 inch - 16-25,24.80,24.80,+0%
police-patches,Embroidery,UPDATE,1.0 inch - 26-50,1.0 inch - 26-50,3.75,3.75,+0%
police-patches,Embroidery,UPDATE,1.5 inch - 26-50,1.5 inch - 26-50,3.75,3.75,+0%
police-patches,Embroidery,UPDATE,2.0 inch - 26-50,2.0 inch - 26-50,3.75,3.75,+0%
police-patches,Embroidery,UPDATE,2.5 inch - 26-50,2.5 inch - 26-50,3.75,3.75,+0%
police-patches,Embroidery,UPDATE,3.0 inch - 26-50,3.0 inch - 26-50,3.75,3.75,+0%
police-patches,Embroidery,UPDATE,3.5 inch - 26-50,3.5 inch - 26-50,3.80,3.80,+0%
police-patches,Embroidery,UPDATE,4.0 inch - 26-50,4.0 inch - 26-50,3.80,3.80,+0%
police-patches,Embroidery,UPDATE,4.5 inch - 26-50,4.5 inch - 26-50,4.00,4.00,+0%
police-patches,Embroidery,UPDATE,5.0 inch - 26-50,5.0 inch - 26-50,4.50,4.50,+0%
police-patches,Embroidery,UPDATE,6.0 inch - 26-50,6.0 inch - 26-50,6.00,6.00,+0%
police-patches,Embroidery,UPDATE,7.0 inch - 26-50,7.0 inch - 26-50,8.00,8.00,+0%
police-patches,Embroidery,UPDATE,8.0 inch - 26-50,8.0 inch - 26-50,10.00,10.00,+0%
police-patches,Embroidery,UPDATE,9.0 inch - 26-50,9.0 inch - 26-50,12.00,12.00,+0%
police-patches,Embroidery,UPDATE,10.0 inch - 26-50,10.0 inch - 26-50,15.00,15.00,+0%
police-patches,Embroidery,UPDATE,11.0 inch - 26-50,11.0 inch - 26-50,16.00,16.00,+0%
police-patches,Embroidery,UPDATE,12.0 inch - 26-50,12.0 inch - 26-50,18.00,18.00,+0%
police-patches,Embroidery,UPDATE,13.0 inch - 26-50,13.0 inch - 26-50,19.00,19.00,+0%
police-patches,Embroidery,UPDATE,14.0 inch - 26-50,14.0 inch - 26-50,20.20,20.20,+0%
police-patches,Embroidery,UPDATE,15.0 inch - 26-50,15.0 inch - 26-50,21.40,21.40,+0%
police-patches,Embroidery,UPDATE,16.0 inch - 26-50,16.0 inch - 26-50,22.70,22.70,+0%
police-patches,Embroidery,UPDATE,1.0 inch - 51-100,1.0 inch - 51-100,2.40,2.40,+0%
police-patches,Embroidery,UPDATE,1.5 inch - 51-100,1.5 inch - 51-100,2.40,2.40,+0%
police-patches,Embroidery,UPDATE,2.0 inch - 51-100,2.0 inch - 51-100,2.40,2.40,+0%
police-patches,Embroidery,UPDATE,2.5 inch - 51-100,2.5 inch - 51-100,2.40,2.20,-8%
police-patches,Embroidery,UPDATE,3.0 inch - 51-100,3.0 inch - 51-100,2.40,2.14,-11%
police-patches,Embroidery,UPDATE,3.5 inch - 51-100,3.5 inch - 51-100,2.50,2.50,+0%
police-patches,Embroidery,UPDATE,4.0 inch - 51-100,4.0 inch - 51-100,2.86,2.86,+0%
police-patches,Embroidery,UPDATE,4.5 inch - 51-100,4.5 inch - 51-100,3.21,3.21,+0%
police-patches,Embroidery,UPDATE,5.0 inch - 51-100,5.0 inch - 51-100,3.58,3.58,+0%
police-patches,Embroidery,UPDATE,6.0 inch - 51-100,6.0 inch - 51-100,4.29,4.29,+0%
police-patches,Embroidery,UPDATE,7.0 inch - 51-100,7.0 inch - 51-100,5.01,5.01,+0%
police-patches,Embroidery,UPDATE,8.0 inch - 51-100,8.0 inch - 51-100,5.72,5.72,+0%
police-patches,Embroidery,UPDATE,9.0 inch - 51-100,9.0 inch - 51-100,6.43,6.43,+0%
police-patches,Embroidery,UPDATE,10.0 inch - 51-100,10.0 inch - 51-100,7.15,7.15,+0%
police-patches,Embroidery,UPDATE,11.0 inch - 51-100,11.0 inch - 51-100,7.87,7.87,+0%
police-patches,Embroidery,UPDATE,12.0 inch - 51-100,12.0 inch - 51-100,8.59,8.59,+0%
police-patches,Embroidery,UPDATE,13.0 inch - 51-100,13.0 inch - 51-100,10.20,10.20,+0%
police-patches,Embroidery,UPDATE,14.0 inch - 51-100,14.0 inch - 51-100,11.40,11.40,+0%
police-patches,Embroidery,UPDATE,15.0 inch - 51-100,15.0 inch - 51-100,12.80,12.80,+0%
police-patches,Embroidery,UPDATE,16.0 inch - 51-100,16.0 inch - 51-100,13.90,13.90,+0%
police-patches,Embroidery,UPDATE,1.0 inch - 101-199,1.0 inch - 101-200,0.70,2.20,+214%
police-patches,Embroidery,UPDATE,1.5 inch - 101-199,1.5 inch - 101-200,0.79,2.20,+178%
police-patches,Embroidery,UPDATE,2.0 inch - 101-199,2.0 inch - 101-200,1.06,2.20,+108%
police-patches,Embroidery,UPDATE,2.5 inch - 101-199,2.5 inch - 101-200,1.33,2.05,+54%
police-patches,Embroidery,UPDATE,3.0 inch - 101-199,3.0 inch - 101-200,1.59,1.98,+25%
police-patches,Embroidery,UPDATE,3.5 inch - 101-199,3.5 inch - 101-200,1.86,2.20,+18%
police-patches,Embroidery,UPDATE,4.0 inch - 101-199,4.0 inch - 101-200,2.11,2.50,+18%
police-patches,Embroidery,UPDATE,4.5 inch - 101-199,4.5 inch - 101-200,2.38,3.00,+26%
police-patches,Embroidery,UPDATE,5.0 inch - 101-199,5.0 inch - 101-200,2.64,3.30,+25%
police-patches,Embroidery,UPDATE,6.0 inch - 101-199,6.0 inch - 101-200,3.18,4.05,+27%
police-patches,Embroidery,UPDATE,7.0 inch - 101-199,7.0 inch - 101-200,3.71,4.80,+29%
police-patches,Embroidery,UPDATE,8.0 inch - 101-199,8.0 inch - 101-200,4.23,5.40,+28%
police-patches,Embroidery,UPDATE,9.0 inch - 101-199,9.0 inch - 101-200,4.76,6.10,+28%
police-patches,Embroidery,UPDATE,10.0 inch - 101-199,10.0 inch - 101-200,5.30,6.90,+30%
police-patches,Embroidery,UPDATE,11.0 inch - 101-199,11.0 inch - 101-200,5.82,7.40,+27%
police-patches,Embroidery,UPDATE,12.0 inch - 101-199,12.0 inch - 101-200,6.35,8.30,+31%
police-patches,Embroidery,UPDATE,13.0 inch - 101-199,13.0 inch - 101-200,7.50,9.90,+32%
police-patches,Embroidery,UPDATE,14.0 inch - 101-199,14.0 inch - 101-200,8.80,11.05,+26%
police-patches,Embroidery,UPDATE,15.0 inch - 101-199,15.0 inch - 101-200,9.95,12.20,+23%
police-patches,Embroidery,UPDATE,16.0 inch - 101-199,16.0 inch - 101-200,10.95,13.30,+21%
police-patches,Embroidery,UPDATE,1.0 inch - 200-499,1.0 inch - 201-300,0.38,1.80,+374%
police-patches,Embroidery,UPDATE,1.5 inch - 200-499,1.5 inch - 201-300,0.56,1.80,+221%
police-patches,Embroidery,UPDATE,2.0 inch - 200-499,2.0 inch - 201-300,0.71,1.80,+154%
police-patches,Embroidery,UPDATE,2.5 inch - 200-499,2.5 inch - 201-300,0.94,1.80,+91%
police-patches,Embroidery,UPDATE,3.0 inch - 200-499,3.0 inch - 201-300,1.11,1.50,+35%
police-patches,Embroidery,UPDATE,3.5 inch - 200-499,3.5 inch - 201-300,1.30,1.80,+38%
police-patches,Embroidery,UPDATE,4.0 inch - 200-499,4.0 inch - 201-300,1.49,2.00,+34%
police-patches,Embroidery,UPDATE,4.5 inch - 200-499,4.5 inch - 201-300,1.68,2.55,+52%
police-patches,Embroidery,UPDATE,5.0 inch - 200-499,5.0 inch - 201-300,1.86,3.00,+61%
police-patches,Embroidery,UPDATE,6.0 inch - 200-499,6.0 inch - 201-300,2.24,3.80,+70%
police-patches,Embroidery,UPDATE,7.0 inch - 200-499,7.0 inch - 201-300,2.60,4.50,+73%
police-patches,Embroidery,UPDATE,8.0 inch - 200-499,8.0 inch - 201-300,2.98,5.10,+71%
police-patches,Embroidery,UPDATE,9.0 inch - 200-499,9.0 inch - 201-300,3.34,5.90,+77%
police-patches,Embroidery,UPDATE,10.0 inch - 200-499,10.0 inch - 201-300,3.72,6.50,+75%
police-patches,Embroidery,UPDATE,11.0 inch - 200-499,11.0 inch - 201-300,4.09,7.10,+74%
police-patches,Embroidery,UPDATE,12.0 inch - 200-499,12.0 inch - 201-300,4.47,8.00,+79%
police-patches,Embroidery,UPDATE,13.0 inch - 200-499,13.0 inch - 201-300,5.60,9.60,+71%
police-patches,Embroidery,UPDATE,14.0 inch - 200-499,14.0 inch - 201-300,6.75,10.80,+60%
police-patches,Embroidery,UPDATE,15.0 inch - 200-499,15.0 inch - 201-300,7.80,12.00,+54%
police-patches,Embroidery,UPDATE,16.0 inch - 200-499,16.0 inch - 201-300,8.85,13.00,+47%
police-patches,Embroidery,UPDATE,1.0 inch - 500-999,1.0 inch - 301-400,0.27,1.60,+493%
police-patches,Embroidery,UPDATE,1.5 inch - 500-999,1.5 inch - 301-400,0.41,1.60,+290%
police-patches,Embroidery,UPDATE,2.0 inch - 500-999,2.0 inch - 301-400,0.54,1.60,+196%
police-patches,Embroidery,UPDATE,2.5 inch - 500-999,2.5 inch - 301-400,0.68,1.60,+135%
police-patches,Embroidery,UPDATE,3.0 inch - 500-999,3.0 inch - 301-400,0.81,1.20,+48%
police-patches,Embroidery,UPDATE,3.5 inch - 500-999,3.5 inch - 301-400,0.94,1.60,+70%
police-patches,Embroidery,UPDATE,4.0 inch - 500-999,4.0 inch - 301-400,1.09,1.80,+65%
police-patches,Embroidery,UPDATE,4.5 inch - 500-999,4.5 inch - 301-400,1.22,2.45,+101%
police-patches,Embroidery,UPDATE,5.0 inch - 500-999,5.0 inch - 301-400,1.36,2.80,+106%
police-patches,Embroidery,UPDATE,6.0 inch - 500-999,6.0 inch - 301-400,1.64,3.60,+120%
police-patches,Embroidery,UPDATE,7.0 inch - 500-999,7.0 inch - 301-400,1.90,4.30,+126%
police-patches,Embroidery,UPDATE,8.0 inch - 500-999,8.0 inch - 301-400,2.17,4.80,+121%
police-patches,Embroidery,UPDATE,9.0 inch - 500-999,9.0 inch - 301-400,2.45,5.70,+133%
police-patches,Embroidery,UPDATE,10.0 inch - 500-999,10.0 inch - 301-400,2.72,6.30,+132%
police-patches,Embroidery,UPDATE,11.0 inch - 500-999,11.0 inch - 301-400,2.99,6.80,+127%
police-patches,Embroidery,UPDATE,12.0 inch - 500-999,12.0 inch - 301-400,3.26,7.80,+139%
police-patches,Embroidery,UPDATE,13.0 inch - 500-999,13.0 inch - 301-400,4.30,9.30,+116%
police-patches,Embroidery,UPDATE,14.0 inch - 500-999,14.0 inch - 301-400,5.45,10.40,+91%
police-patches,Embroidery,UPDATE,15.0 inch - 500-999,15.0 inch - 301-400,6.80,11.80,+74%
police-patches,Embroidery,UPDATE,16.0 inch - 500-999,16.0 inch - 301-400,7.95,12.80,+61%
police-patches,Embroidery,UPDATE,1.0 inch - 1000+,1.0 inch - 401-500,0.25,1.40,+460%
police-patches,Embroidery,UPDATE,1.5 inch - 1000+,1.5 inch - 401-500,0.37,1.40,+278%
police-patches,Embroidery,UPDATE,2.0 inch - 1000+,2.0 inch - 401-500,0.49,1.40,+186%
police-patches,Embroidery,UPDATE,2.5 inch - 1000+,2.5 inch - 401-500,0.61,1.40,+130%
police-patches,Embroidery,UPDATE,3.0 inch - 1000+,3.0 inch - 401-500,0.73,1.00,+37%
police-patches,Embroidery,UPDATE,3.5 inch - 1000+,3.5 inch - 401-500,0.84,1.40,+67%
police-patches,Embroidery,UPDATE,4.0 inch - 1000+,4.0 inch - 401-500,0.98,1.60,+63%
police-patches,Embroidery,UPDATE,4.5 inch - 1000+,4.5 inch - 401-500,1.11,2.25,+103%
police-patches,Embroidery,UPDATE,5.0 inch - 1000+,5.0 inch - 401-500,1.21,2.60,+115%
police-patches,Embroidery,UPDATE,6.0 inch - 1000+,6.0 inch - 401-500,1.46,3.40,+133%
police-patches,Embroidery,UPDATE,7.0 inch - 1000+,7.0 inch - 401-500,1.70,4.10,+141%
police-patches,Embroidery,UPDATE,8.0 inch - 1000+,8.0 inch - 401-500,1.96,4.60,+135%
police-patches,Embroidery,UPDATE,9.0 inch - 1000+,9.0 inch - 401-500,2.19,5.50,+151%
police-patches,Embroidery,UPDATE,10.0 inch - 1000+,10.0 inch - 401-500,2.43,6.10,+151%
police-patches,Embroidery,UPDATE,11.0 inch - 1000+,11.0 inch - 401-500,2.67,6.50,+143%
police-patches,Embroidery,UPDATE,12.0 inch - 1000+,12.0 inch - 401-500,2.92,7.60,+160%
police-patches,Embroidery,UPDATE,13.0 inch - 1000+,13.0 inch - 401-500,3.98,9.10,+129%
police-patches,Embroidery,UPDATE,14.0 inch - 1000+,14.0 inch - 401-500,5.10,10.20,+100%
police-patches,Embroidery,UPDATE,15.0 inch - 1000+,15.0 inch - 401-500,6.40,11.50,+80%
police-patches,Embroidery,UPDATE,16.0 inch - 1000+,16.0 inch - 401-500,7.60,12.40,+63%
police-patches,Embroidery,CREATE,,1.0 inch - 501-700,,1.20,new
police-patches,Embroidery,CREATE,,1.5 inch - 501-700,,1.20,new
police-patches,Embroidery,CREATE,,2.0 inch - 501-700,,1.20,new
police-patches,Embroidery,CREATE,,2.5 inch - 501-700,,1.20,new
police-patches,Embroidery,CREATE,,3.0 inch - 501-700,,0.81,new
police-patches,Embroidery,CREATE,,3.5 inch - 501-700,,1.05,new
police-patches,Embroidery,CREATE,,4.0 inch - 501-700,,1.30,new
police-patches,Embroidery,CREATE,,4.5 inch - 501-700,,2.00,new
police-patches,Embroidery,CREATE,,5.0 inch - 501-700,,2.40,new
police-patches,Embroidery,CREATE,,6.0 inch - 501-700,,3.10,new
police-patches,Embroidery,CREATE,,7.0 inch - 501-700,,4.00,new
police-patches,Embroidery,CREATE,,8.0 inch - 501-700,,4.30,new
police-patches,Embroidery,CREATE,,9.0 inch - 501-700,,5.20,new
police-patches,Embroidery,CREATE,,10.0 inch - 501-700,,5.80,new
police-patches,Embroidery,CREATE,,11.0 inch - 501-700,,6.20,new
police-patches,Embroidery,CREATE,,12.0 inch - 501-700,,7.30,new
police-patches,Embroidery,CREATE,,13.0 inch - 501-700,,8.50,new
police-patches,Embroidery,CREATE,,14.0 inch - 501-700,,9.50,new
police-patches,Embroidery,CREATE,,15.0 inch - 501-700,,10.80,new
police-patches,Embroidery,CREATE,,16.0 inch - 501-700,,12.00,new
police-patches,Embroidery,CREATE,,1.0 inch - 701+,,0.95,new
police-patches,Embroidery,CREATE,,1.5 inch - 701+,,0.95,new
police-patches,Embroidery,CREATE,,2.0 inch - 701+,,0.95,new
police-patches,Embroidery,CREATE,,2.5 inch - 701+,,0.95,new
police-patches,Embroidery,CREATE,,3.0 inch - 701+,,0.75,new
police-patches,Embroidery,CREATE,,3.5 inch - 701+,,1.00,new
police-patches,Embroidery,CREATE,,4.0 inch - 701+,,1.10,new
police-patches,Embroidery,CREATE,,4.5 inch - 701+,,1.80,new
police-patches,Embroidery,CREATE,,5.0 inch - 701+,,2.20,new
police-patches,Embroidery,CREATE,,6.0 inch - 701+,,2.80,new
police-patches,Embroidery,CREATE,,7.0 inch - 701+,,3.80,new
police-patches,Embroidery,CREATE,,8.0 inch - 701+,,4.00,new
police-patches,Embroidery,CREATE,,9.0 inch - 701+,,5.00,new
police-patches,Embroidery,CREATE,,10.0 inch - 701+,,5.50,new
police-patches,Embroidery,CREATE,,11.0 inch - 701+,,6.00,new
police-patches,Embroidery,CREATE,,12.0 inch - 701+,,7.00,new
police-patches,Embroidery,CREATE,,13.0 inch - 701+,,8.20,new
police-patches,Embroidery,CREATE,,14.0 inch - 701+,,9.00,new
police-patches,Embroidery,CREATE,,15.0 inch - 701+,,10.00,new
police-patches,Embroidery,CREATE,,16.0 inch - 701+,,12.00,new
navy-patches,Embroidery,UPDATE,1.0 inch - 10,1.0 inch - 10-15,6.99,6.99,+0%
navy-patches,Embroidery,UPDATE,1.5 inch - 10,1.5 inch - 10-15,6.99,6.99,+0%
navy-patches,Embroidery,UPDATE,2.0 inch - 10,2.0 inch - 10-15,6.99,6.99,+0%
navy-patches,Embroidery,UPDATE,2.5 inch - 10,2.5 inch - 10-15,6.99,6.99,+0%
navy-patches,Embroidery,UPDATE,3.0 inch - 10,3.0 inch - 10-15,7.99,7.99,+0%
navy-patches,Embroidery,UPDATE,3.5 inch - 10,3.5 inch - 10-15,7.99,7.99,+0%
navy-patches,Embroidery,UPDATE,4.0 inch - 10,4.0 inch - 10-15,7.99,7.99,+0%
navy-patches,Embroidery,UPDATE,4.5 inch - 10,4.5 inch - 10-15,8.99,8.99,+0%
navy-patches,Embroidery,UPDATE,5.0 inch - 10,5.0 inch - 10-15,10.00,10.00,+0%
navy-patches,Embroidery,UPDATE,6.0 inch - 10,6.0 inch - 10-15,11.00,11.00,+0%
navy-patches,Embroidery,UPDATE,7.0 inch - 10,7.0 inch - 10-15,12.00,12.00,+0%
navy-patches,Embroidery,UPDATE,8.0 inch - 10,8.0 inch - 10-15,14.00,14.00,+0%
navy-patches,Embroidery,UPDATE,9.0 inch - 10,9.0 inch - 10-15,16.00,16.00,+0%
navy-patches,Embroidery,UPDATE,10.0 inch - 10,10.0 inch - 10-15,18.00,18.00,+0%
navy-patches,Embroidery,UPDATE,11.0 inch - 10,11.0 inch - 10-15,20.00,20.00,+0%
navy-patches,Embroidery,UPDATE,12.0 inch - 10,12.0 inch - 10-15,22.00,22.00,+0%
navy-patches,Embroidery,UPDATE,13.0 inch - 10,13.0 inch - 10-15,23.00,23.00,+0%
navy-patches,Embroidery,UPDATE,14.0 inch - 10,14.0 inch - 10-15,24.20,24.20,+0%
navy-patches,Embroidery,UPDATE,15.0 inch - 10,15.0 inch - 10-15,25.40,25.40,+0%
navy-patches,Embroidery,UPDATE,16.0 inch - 10,16.0 inch - 10-15,26.60,26.60,+0%
navy-patches,Embroidery,UPDATE,1.0 inch - 11-25,1.0 inch - 16-25,6.36,3.75,-41%
navy-patches,Embroidery,UPDATE,1.5 inch - 11-25,1.5 inch - 16-25,6.36,3.80,-40%
navy-patches,Embroidery,UPDATE,2.0 inch - 11-25,2.0 inch - 16-25,6.36,3.95,-38%
navy-patches,Embroidery,UPDATE,2.5 inch - 11-25,2.5 inch - 16-25,6.36,4.50,-29%
navy-patches,Embroidery,UPDATE,3.0 inch - 11-25,3.0 inch - 16-25,6.36,5.00,-21%
navy-patches,Embroidery,UPDATE,3.5 inch - 11-25,3.5 inch - 16-25,6.36,5.20,-18%
navy-patches,Embroidery,UPDATE,4.0 inch - 11-25,4.0 inch - 16-25,6.36,5.80,-9%
navy-patches,Embroidery,UPDATE,4.5 inch - 11-25,4.5 inch - 16-25,6.36,6.00,-6%
navy-patches,Embroidery,UPDATE,5.0 inch - 11-25,5.0 inch - 16-25,7.20,7.20,+0%
navy-patches,Embroidery,UPDATE,6.0 inch - 11-25,6.0 inch - 16-25,7.30,7.30,+0%
navy-patches,Embroidery,UPDATE,7.0 inch - 11-25,7.0 inch - 16-25,9.00,9.00,+0%
navy-patches,Embroidery,UPDATE,8.0 inch - 11-25,8.0 inch - 16-25,11.00,11.00,+0%
navy-patches,Embroidery,UPDATE,9.0 inch - 11-25,9.0 inch - 16-25,13.00,13.00,+0%
navy-patches,Embroidery,UPDATE,10.0 inch - 11-25,10.0 inch - 16-25,16.00,16.00,+0%
navy-patches,Embroidery,UPDATE,11.0 inch - 11-25,11.0 inch - 16-25,18.00,18.00,+0%
navy-patches,Embroidery,UPDATE,12.0 inch - 11-25,12.0 inch - 16-25,20.00,20.00,+0%
navy-patches,Embroidery,UPDATE,13.0 inch - 11-25,13.0 inch - 16-25,21.00,21.00,+0%
navy-patches,Embroidery,UPDATE,14.0 inch - 11-25,14.0 inch - 16-25,22.50,22.50,+0%
navy-patches,Embroidery,UPDATE,15.0 inch - 11-25,15.0 inch - 16-25,23.70,23.70,+0%
navy-patches,Embroidery,UPDATE,16.0 inch - 11-25,16.0 inch - 16-25,24.80,24.80,+0%
navy-patches,Embroidery,UPDATE,1.0 inch - 26-50,1.0 inch - 26-50,3.75,3.75,+0%
navy-patches,Embroidery,UPDATE,1.5 inch - 26-50,1.5 inch - 26-50,3.75,3.75,+0%
navy-patches,Embroidery,UPDATE,2.0 inch - 26-50,2.0 inch - 26-50,3.75,3.75,+0%
navy-patches,Embroidery,UPDATE,2.5 inch - 26-50,2.5 inch - 26-50,3.75,3.75,+0%
navy-patches,Embroidery,UPDATE,3.0 inch - 26-50,3.0 inch - 26-50,3.75,3.75,+0%
navy-patches,Embroidery,UPDATE,3.5 inch - 26-50,3.5 inch - 26-50,3.80,3.80,+0%
navy-patches,Embroidery,UPDATE,4.0 inch - 26-50,4.0 inch - 26-50,3.80,3.80,+0%
navy-patches,Embroidery,UPDATE,4.5 inch - 26-50,4.5 inch - 26-50,4.00,4.00,+0%
navy-patches,Embroidery,UPDATE,5.0 inch - 26-50,5.0 inch - 26-50,4.50,4.50,+0%
navy-patches,Embroidery,UPDATE,6.0 inch - 26-50,6.0 inch - 26-50,6.00,6.00,+0%
navy-patches,Embroidery,UPDATE,7.0 inch - 26-50,7.0 inch - 26-50,8.00,8.00,+0%
navy-patches,Embroidery,UPDATE,8.0 inch - 26-50,8.0 inch - 26-50,10.00,10.00,+0%
navy-patches,Embroidery,UPDATE,9.0 inch - 26-50,9.0 inch - 26-50,12.00,12.00,+0%
navy-patches,Embroidery,UPDATE,10.0 inch - 26-50,10.0 inch - 26-50,15.00,15.00,+0%
navy-patches,Embroidery,UPDATE,11.0 inch - 26-50,11.0 inch - 26-50,16.00,16.00,+0%
navy-patches,Embroidery,UPDATE,12.0 inch - 26-50,12.0 inch - 26-50,18.00,18.00,+0%
navy-patches,Embroidery,UPDATE,13.0 inch - 26-50,13.0 inch - 26-50,19.00,19.00,+0%
navy-patches,Embroidery,UPDATE,14.0 inch - 26-50,14.0 inch - 26-50,20.20,20.20,+0%
navy-patches,Embroidery,UPDATE,15.0 inch - 26-50,15.0 inch - 26-50,21.40,21.40,+0%
navy-patches,Embroidery,UPDATE,16.0 inch - 26-50,16.0 inch - 26-50,22.70,22.70,+0%
navy-patches,Embroidery,UPDATE,1.0 inch - 51-100,1.0 inch - 51-100,2.40,2.40,+0%
navy-patches,Embroidery,UPDATE,1.5 inch - 51-100,1.5 inch - 51-100,2.40,2.40,+0%
navy-patches,Embroidery,UPDATE,2.0 inch - 51-100,2.0 inch - 51-100,2.40,2.40,+0%
navy-patches,Embroidery,UPDATE,2.5 inch - 51-100,2.5 inch - 51-100,2.40,2.20,-8%
navy-patches,Embroidery,UPDATE,3.0 inch - 51-100,3.0 inch - 51-100,2.40,2.14,-11%
navy-patches,Embroidery,UPDATE,3.5 inch - 51-100,3.5 inch - 51-100,2.50,2.50,+0%
navy-patches,Embroidery,UPDATE,4.0 inch - 51-100,4.0 inch - 51-100,2.86,2.86,+0%
navy-patches,Embroidery,UPDATE,4.5 inch - 51-100,4.5 inch - 51-100,3.21,3.21,+0%
navy-patches,Embroidery,UPDATE,5.0 inch - 51-100,5.0 inch - 51-100,3.58,3.58,+0%
navy-patches,Embroidery,UPDATE,6.0 inch - 51-100,6.0 inch - 51-100,4.29,4.29,+0%
navy-patches,Embroidery,UPDATE,7.0 inch - 51-100,7.0 inch - 51-100,5.01,5.01,+0%
navy-patches,Embroidery,UPDATE,8.0 inch - 51-100,8.0 inch - 51-100,5.72,5.72,+0%
navy-patches,Embroidery,UPDATE,9.0 inch - 51-100,9.0 inch - 51-100,6.43,6.43,+0%
navy-patches,Embroidery,UPDATE,10.0 inch - 51-100,10.0 inch - 51-100,7.15,7.15,+0%
navy-patches,Embroidery,UPDATE,11.0 inch - 51-100,11.0 inch - 51-100,7.87,7.87,+0%
navy-patches,Embroidery,UPDATE,12.0 inch - 51-100,12.0 inch - 51-100,8.59,8.59,+0%
navy-patches,Embroidery,UPDATE,13.0 inch - 51-100,13.0 inch - 51-100,10.20,10.20,+0%
navy-patches,Embroidery,UPDATE,14.0 inch - 51-100,14.0 inch - 51-100,11.40,11.40,+0%
navy-patches,Embroidery,UPDATE,15.0 inch - 51-100,15.0 inch - 51-100,12.80,12.80,+0%
navy-patches,Embroidery,UPDATE,16.0 inch - 51-100,16.0 inch - 51-100,13.90,13.90,+0%
navy-patches,Embroidery,UPDATE,1.0 inch - 101-199,1.0 inch - 101-200,0.70,2.20,+214%
navy-patches,Embroidery,UPDATE,1.5 inch - 101-199,1.5 inch - 101-200,0.79,2.20,+178%
navy-patches,Embroidery,UPDATE,2.0 inch - 101-199,2.0 inch - 101-200,1.06,2.20,+108%
navy-patches,Embroidery,UPDATE,2.5 inch - 101-199,2.5 inch - 101-200,1.33,2.05,+54%
navy-patches,Embroidery,UPDATE,3.0 inch - 101-199,3.0 inch - 101-200,1.59,1.98,+25%
navy-patches,Embroidery,UPDATE,3.5 inch - 101-199,3.5 inch - 101-200,1.86,2.20,+18%
navy-patches,Embroidery,UPDATE,4.0 inch - 101-199,4.0 inch - 101-200,2.11,2.50,+18%
navy-patches,Embroidery,UPDATE,4.5 inch - 101-199,4.5 inch - 101-200,2.38,3.00,+26%
navy-patches,Embroidery,UPDATE,5.0 inch - 101-199,5.0 inch - 101-200,2.64,3.30,+25%
navy-patches,Embroidery,UPDATE,6.0 inch - 101-199,6.0 inch - 101-200,3.18,4.05,+27%
navy-patches,Embroidery,UPDATE,7.0 inch - 101-199,7.0 inch - 101-200,3.71,4.80,+29%
navy-patches,Embroidery,UPDATE,8.0 inch - 101-199,8.0 inch - 101-200,4.23,5.40,+28%
navy-patches,Embroidery,UPDATE,9.0 inch - 101-199,9.0 inch - 101-200,4.76,6.10,+28%
navy-patches,Embroidery,UPDATE,10.0 inch - 101-199,10.0 inch - 101-200,5.30,6.90,+30%
navy-patches,Embroidery,UPDATE,11.0 inch - 101-199,11.0 inch - 101-200,5.82,7.40,+27%
navy-patches,Embroidery,UPDATE,12.0 inch - 101-199,12.0 inch - 101-200,6.35,8.30,+31%
navy-patches,Embroidery,UPDATE,13.0 inch - 101-199,13.0 inch - 101-200,7.50,9.90,+32%
navy-patches,Embroidery,UPDATE,14.0 inch - 101-199,14.0 inch - 101-200,8.80,11.05,+26%
navy-patches,Embroidery,UPDATE,15.0 inch - 101-199,15.0 inch - 101-200,9.95,12.20,+23%
navy-patches,Embroidery,UPDATE,16.0 inch - 101-199,16.0 inch - 101-200,10.95,13.30,+21%
navy-patches,Embroidery,UPDATE,1.0 inch - 200-499,1.0 inch - 201-300,0.38,1.80,+374%
navy-patches,Embroidery,UPDATE,1.5 inch - 200-499,1.5 inch - 201-300,0.56,1.80,+221%
navy-patches,Embroidery,UPDATE,2.0 inch - 200-499,2.0 inch - 201-300,0.71,1.80,+154%
navy-patches,Embroidery,UPDATE,2.5 inch - 200-499,2.5 inch - 201-300,0.94,1.80,+91%
navy-patches,Embroidery,UPDATE,3.0 inch - 200-499,3.0 inch - 201-300,1.11,1.50,+35%
navy-patches,Embroidery,UPDATE,3.5 inch - 200-499,3.5 inch - 201-300,1.30,1.80,+38%
navy-patches,Embroidery,UPDATE,4.0 inch - 200-499,4.0 inch - 201-300,1.49,2.00,+34%
navy-patches,Embroidery,UPDATE,4.5 inch - 200-499,4.5 inch - 201-300,1.68,2.55,+52%
navy-patches,Embroidery,UPDATE,5.0 inch - 200-499,5.0 inch - 201-300,1.86,3.00,+61%
navy-patches,Embroidery,UPDATE,6.0 inch - 200-499,6.0 inch - 201-300,2.24,3.80,+70%
navy-patches,Embroidery,UPDATE,7.0 inch - 200-499,7.0 inch - 201-300,2.60,4.50,+73%
navy-patches,Embroidery,UPDATE,8.0 inch - 200-499,8.0 inch - 201-300,2.98,5.10,+71%
navy-patches,Embroidery,UPDATE,9.0 inch - 200-499,9.0 inch - 201-300,3.34,5.90,+77%
navy-patches,Embroidery,UPDATE,10.0 inch - 200-499,10.0 inch - 201-300,3.72,6.50,+75%
navy-patches,Embroidery,UPDATE,11.0 inch - 200-499,11.0 inch - 201-300,4.09,7.10,+74%
navy-patches,Embroidery,UPDATE,12.0 inch - 200-499,12.0 inch - 201-300,4.47,8.00,+79%
navy-patches,Embroidery,UPDATE,13.0 inch - 200-499,13.0 inch - 201-300,5.60,9.60,+71%
navy-patches,Embroidery,UPDATE,14.0 inch - 200-499,14.0 inch - 201-300,6.75,10.80,+60%
navy-patches,Embroidery,UPDATE,15.0 inch - 200-499,15.0 inch - 201-300,7.80,12.00,+54%
navy-patches,Embroidery,UPDATE,16.0 inch - 200-499,16.0 inch - 201-300,8.85,13.00,+47%
navy-patches,Embroidery,UPDATE,1.0 inch - 500-999,1.0 inch - 301-400,0.27,1.60,+493%
navy-patches,Embroidery,UPDATE,1.5 inch - 500-999,1.5 inch - 301-400,0.41,1.60,+290%
navy-patches,Embroidery,UPDATE,2.0 inch - 500-999,2.0 inch - 301-400,0.54,1.60,+196%
navy-patches,Embroidery,UPDATE,2.5 inch - 500-999,2.5 inch - 301-400,0.68,1.60,+135%
navy-patches,Embroidery,UPDATE,3.0 inch - 500-999,3.0 inch - 301-400,0.81,1.20,+48%
navy-patches,Embroidery,UPDATE,3.5 inch - 500-999,3.5 inch - 301-400,0.94,1.60,+70%
navy-patches,Embroidery,UPDATE,4.0 inch - 500-999,4.0 inch - 301-400,1.09,1.80,+65%
navy-patches,Embroidery,UPDATE,4.5 inch - 500-999,4.5 inch - 301-400,1.22,2.45,+101%
navy-patches,Embroidery,UPDATE,5.0 inch - 500-999,5.0 inch - 301-400,1.36,2.80,+106%
navy-patches,Embroidery,UPDATE,6.0 inch - 500-999,6.0 inch - 301-400,1.64,3.60,+120%
navy-patches,Embroidery,UPDATE,7.0 inch - 500-999,7.0 inch - 301-400,1.90,4.30,+126%
navy-patches,Embroidery,UPDATE,8.0 inch - 500-999,8.0 inch - 301-400,2.17,4.80,+121%
navy-patches,Embroidery,UPDATE,9.0 inch - 500-999,9.0 inch - 301-400,2.45,5.70,+133%
navy-patches,Embroidery,UPDATE,10.0 inch - 500-999,10.0 inch - 301-400,2.72,6.30,+132%
navy-patches,Embroidery,UPDATE,11.0 inch - 500-999,11.0 inch - 301-400,2.99,6.80,+127%
navy-patches,Embroidery,UPDATE,12.0 inch - 500-999,12.0 inch - 301-400,3.26,7.80,+139%
navy-patches,Embroidery,UPDATE,13.0 inch - 500-999,13.0 inch - 301-400,4.30,9.30,+116%
navy-patches,Embroidery,UPDATE,14.0 inch - 500-999,14.0 inch - 301-400,5.45,10.40,+91%
navy-patches,Embroidery,UPDATE,15.0 inch - 500-999,15.0 inch - 301-400,6.80,11.80,+74%
navy-patches,Embroidery,UPDATE,16.0 inch - 500-999,16.0 inch - 301-400,7.95,12.80,+61%
navy-patches,Embroidery,UPDATE,1.0 inch - 1000+,1.0 inch - 401-500,0.25,1.40,+460%
navy-patches,Embroidery,UPDATE,1.5 inch - 1000+,1.5 inch - 401-500,0.37,1.40,+278%
navy-patches,Embroidery,UPDATE,2.0 inch - 1000+,2.0 inch - 401-500,0.49,1.40,+186%
navy-patches,Embroidery,UPDATE,2.5 inch - 1000+,2.5 inch - 401-500,0.61,1.40,+130%
navy-patches,Embroidery,UPDATE,3.0 inch - 1000+,3.0 inch - 401-500,0.73,1.00,+37%
navy-patches,Embroidery,UPDATE,3.5 inch - 1000+,3.5 inch - 401-500,0.84,1.40,+67%
navy-patches,Embroidery,UPDATE,4.0 inch - 1000+,4.0 inch - 401-500,0.98,1.60,+63%
navy-patches,Embroidery,UPDATE,4.5 inch - 1000+,4.5 inch - 401-500,1.11,2.25,+103%
navy-patches,Embroidery,UPDATE,5.0 inch - 1000+,5.0 inch - 401-500,1.21,2.60,+115%
navy-patches,Embroidery,UPDATE,6.0 inch - 1000+,6.0 inch - 401-500,1.46,3.40,+133%
navy-patches,Embroidery,UPDATE,7.0 inch - 1000+,7.0 inch - 401-500,1.70,4.10,+141%
navy-patches,Embroidery,UPDATE,8.0 inch - 1000+,8.0 inch - 401-500,1.96,4.60,+135%
navy-patches,Embroidery,UPDATE,9.0 inch - 1000+,9.0 inch - 401-500,2.19,5.50,+151%
navy-patches,Embroidery,UPDATE,10.0 inch - 1000+,10.0 inch - 401-500,2.43,6.10,+151%
navy-patches,Embroidery,UPDATE,11.0 inch - 1000+,11.0 inch - 401-500,2.67,6.50,+143%
navy-patches,Embroidery,UPDATE,12.0 inch - 1000+,12.0 inch - 401-500,2.92,7.60,+160%
navy-patches,Embroidery,UPDATE,13.0 inch - 1000+,13.0 inch - 401-500,3.98,9.10,+129%
navy-patches,Embroidery,UPDATE,14.0 inch - 1000+,14.0 inch - 401-500,5.10,10.20,+100%
navy-patches,Embroidery,UPDATE,15.0 inch - 1000+,15.0 inch - 401-500,6.40,11.50,+80%
navy-patches,Embroidery,UPDATE,16.0 inch - 1000+,16.0 inch - 401-500,7.60,12.40,+63%
navy-patches,Embroidery,CREATE,,1.0 inch - 501-700,,1.20,new
navy-patches,Embroidery,CREATE,,1.5 inch - 501-700,,1.20,new
navy-patches,Embroidery,CREATE,,2.0 inch - 501-700,,1.20,new
navy-patches,Embroidery,CREATE,,2.5 inch - 501-700,,1.20,new
navy-patches,Embroidery,CREATE,,3.0 inch - 501-700,,0.81,new
navy-patches,Embroidery,CREATE,,3.5 inch - 501-700,,1.05,new
navy-patches,Embroidery,CREATE,,4.0 inch - 501-700,,1.30,new
navy-patches,Embroidery,CREATE,,4.5 inch - 501-700,,2.00,new
navy-patches,Embroidery,CREATE,,5.0 inch - 501-700,,2.40,new
navy-patches,Embroidery,CREATE,,6.0 inch - 501-700,,3.10,new
navy-patches,Embroidery,CREATE,,7.0 inch - 501-700,,4.00,new
navy-patches,Embroidery,CREATE,,8.0 inch - 501-700,,4.30,new
navy-patches,Embroidery,CREATE,,9.0 inch - 501-700,,5.20,new
navy-patches,Embroidery,CREATE,,10.0 inch - 501-700,,5.80,new
navy-patches,Embroidery,CREATE,,11.0 inch - 501-700,,6.20,new
navy-patches,Embroidery,CREATE,,12.0 inch - 501-700,,7.30,new
navy-patches,Embroidery,CREATE,,13.0 inch - 501-700,,8.50,new
navy-patches,Embroidery,CREATE,,14.0 inch - 501-700,,9.50,new
navy-patches,Embroidery,CREATE,,15.0 inch - 501-700,,10.80,new
navy-patches,Embroidery,CREATE,,16.0 inch - 501-700,,12.00,new
navy-patches,Embroidery,CREATE,,1.0 inch - 701+,,0.95,new
navy-patches,Embroidery,CREATE,,1.5 inch - 701+,,0.95,new
navy-patches,Embroidery,CREATE,,2.0 inch - 701+,,0.95,new
navy-patches,Embroidery,CREATE,,2.5 inch - 701+,,0.95,new
navy-patches,Embroidery,CREATE,,3.0 inch - 701+,,0.75,new
navy-patches,Embroidery,CREATE,,3.5 inch - 701+,,1.00,new
navy-patches,Embroidery,CREATE,,4.0 inch - 701+,,1.10,new
navy-patches,Embroidery,CREATE,,4.5 inch - 701+,,1.80,new
navy-patches,Embroidery,CREATE,,5.0 inch - 701+,,2.20,new
navy-patches,Embroidery,CREATE,,6.0 inch - 701+,,2.80,new
navy-patches,Embroidery,CREATE,,7.0 inch - 701+,,3.80,new
navy-patches,Embroidery,CREATE,,8.0 inch - 701+,,4.00,new
navy-patches,Embroidery,CREATE,,9.0 inch - 701+,,5.00,new
navy-patches,Embroidery,CREATE,,10.0 inch - 701+,,5.50,new
navy-patches,Embroidery,CREATE,,11.0 inch - 701+,,6.00,new
navy-patches,Embroidery,CREATE,,12.0 inch - 701+,,7.00,new
navy-patches,Embroidery,CREATE,,13.0 inch - 701+,,8.20,new
navy-patches,Embroidery,CREATE,,14.0 inch - 701+,,9.00,new
navy-patches,Embroidery,CREATE,,15.0 inch - 701+,,10.00,new
navy-patches,Embroidery,CREATE,,16.0 inch - 701+,,12.00,new
morale-patches,Embroidery,UPDATE,1.0 inch - 10,1.0 inch - 10-15,6.99,6.99,+0%
morale-patches,Embroidery,UPDATE,1.5 inch - 10,1.5 inch - 10-15,6.99,6.99,+0%
morale-patches,Embroidery,UPDATE,2.0 inch - 10,2.0 inch - 10-15,6.99,6.99,+0%
morale-patches,Embroidery,UPDATE,2.5 inch - 10,2.5 inch - 10-15,6.99,6.99,+0%
morale-patches,Embroidery,UPDATE,3.0 inch - 10,3.0 inch - 10-15,7.99,7.99,+0%
morale-patches,Embroidery,UPDATE,3.5 inch - 10,3.5 inch - 10-15,7.99,7.99,+0%
morale-patches,Embroidery,UPDATE,4.0 inch - 10,4.0 inch - 10-15,7.99,7.99,+0%
morale-patches,Embroidery,UPDATE,4.5 inch - 10,4.5 inch - 10-15,8.99,8.99,+0%
morale-patches,Embroidery,UPDATE,5.0 inch - 10,5.0 inch - 10-15,10.00,10.00,+0%
morale-patches,Embroidery,UPDATE,6.0 inch - 10,6.0 inch - 10-15,11.00,11.00,+0%
morale-patches,Embroidery,UPDATE,7.0 inch - 10,7.0 inch - 10-15,12.00,12.00,+0%
morale-patches,Embroidery,UPDATE,8.0 inch - 10,8.0 inch - 10-15,14.00,14.00,+0%
morale-patches,Embroidery,UPDATE,9.0 inch - 10,9.0 inch - 10-15,16.00,16.00,+0%
morale-patches,Embroidery,UPDATE,10.0 inch - 10,10.0 inch - 10-15,18.00,18.00,+0%
morale-patches,Embroidery,UPDATE,11.0 inch - 10,11.0 inch - 10-15,20.00,20.00,+0%
morale-patches,Embroidery,UPDATE,12.0 inch - 10,12.0 inch - 10-15,22.00,22.00,+0%
morale-patches,Embroidery,UPDATE,13.0 inch - 10,13.0 inch - 10-15,23.00,23.00,+0%
morale-patches,Embroidery,UPDATE,14.0 inch - 10,14.0 inch - 10-15,24.20,24.20,+0%
morale-patches,Embroidery,UPDATE,15.0 inch - 10,15.0 inch - 10-15,25.40,25.40,+0%
morale-patches,Embroidery,UPDATE,16.0 inch - 10,16.0 inch - 10-15,26.60,26.60,+0%
morale-patches,Embroidery,UPDATE,1.0 inch - 11-25,1.0 inch - 16-25,6.36,3.75,-41%
morale-patches,Embroidery,UPDATE,1.5 inch - 11-25,1.5 inch - 16-25,6.36,3.80,-40%
morale-patches,Embroidery,UPDATE,2.0 inch - 11-25,2.0 inch - 16-25,6.36,3.95,-38%
morale-patches,Embroidery,UPDATE,2.5 inch - 11-25,2.5 inch - 16-25,6.36,4.50,-29%
morale-patches,Embroidery,UPDATE,3.0 inch - 11-25,3.0 inch - 16-25,6.36,5.00,-21%
morale-patches,Embroidery,UPDATE,3.5 inch - 11-25,3.5 inch - 16-25,6.36,5.20,-18%
morale-patches,Embroidery,UPDATE,4.0 inch - 11-25,4.0 inch - 16-25,6.36,5.80,-9%
morale-patches,Embroidery,UPDATE,4.5 inch - 11-25,4.5 inch - 16-25,6.36,6.00,-6%
morale-patches,Embroidery,UPDATE,5.0 inch - 11-25,5.0 inch - 16-25,7.20,7.20,+0%
morale-patches,Embroidery,UPDATE,6.0 inch - 11-25,6.0 inch - 16-25,7.30,7.30,+0%
morale-patches,Embroidery,UPDATE,7.0 inch - 11-25,7.0 inch - 16-25,9.00,9.00,+0%
morale-patches,Embroidery,UPDATE,8.0 inch - 11-25,8.0 inch - 16-25,11.00,11.00,+0%
morale-patches,Embroidery,UPDATE,9.0 inch - 11-25,9.0 inch - 16-25,13.00,13.00,+0%
morale-patches,Embroidery,UPDATE,10.0 inch - 11-25,10.0 inch - 16-25,16.00,16.00,+0%
morale-patches,Embroidery,UPDATE,11.0 inch - 11-25,11.0 inch - 16-25,18.00,18.00,+0%
morale-patches,Embroidery,UPDATE,12.0 inch - 11-25,12.0 inch - 16-25,20.00,20.00,+0%
morale-patches,Embroidery,UPDATE,13.0 inch - 11-25,13.0 inch - 16-25,21.00,21.00,+0%
morale-patches,Embroidery,UPDATE,14.0 inch - 11-25,14.0 inch - 16-25,22.50,22.50,+0%
morale-patches,Embroidery,UPDATE,15.0 inch - 11-25,15.0 inch - 16-25,23.70,23.70,+0%
morale-patches,Embroidery,UPDATE,16.0 inch - 11-25,16.0 inch - 16-25,24.80,24.80,+0%
morale-patches,Embroidery,UPDATE,1.0 inch - 26-50,1.0 inch - 26-50,3.75,3.75,+0%
morale-patches,Embroidery,UPDATE,1.5 inch - 26-50,1.5 inch - 26-50,3.75,3.75,+0%
morale-patches,Embroidery,UPDATE,2.0 inch - 26-50,2.0 inch - 26-50,3.75,3.75,+0%
morale-patches,Embroidery,UPDATE,2.5 inch - 26-50,2.5 inch - 26-50,3.75,3.75,+0%
morale-patches,Embroidery,UPDATE,3.0 inch - 26-50,3.0 inch - 26-50,3.75,3.75,+0%
morale-patches,Embroidery,UPDATE,3.5 inch - 26-50,3.5 inch - 26-50,3.80,3.80,+0%
morale-patches,Embroidery,UPDATE,4.0 inch - 26-50,4.0 inch - 26-50,3.80,3.80,+0%
morale-patches,Embroidery,UPDATE,4.5 inch - 26-50,4.5 inch - 26-50,4.00,4.00,+0%
morale-patches,Embroidery,UPDATE,5.0 inch - 26-50,5.0 inch - 26-50,4.50,4.50,+0%
morale-patches,Embroidery,UPDATE,6.0 inch - 26-50,6.0 inch - 26-50,6.00,6.00,+0%
morale-patches,Embroidery,UPDATE,7.0 inch - 26-50,7.0 inch - 26-50,8.00,8.00,+0%
morale-patches,Embroidery,UPDATE,8.0 inch - 26-50,8.0 inch - 26-50,10.00,10.00,+0%
morale-patches,Embroidery,UPDATE,9.0 inch - 26-50,9.0 inch - 26-50,12.00,12.00,+0%
morale-patches,Embroidery,UPDATE,10.0 inch - 26-50,10.0 inch - 26-50,15.00,15.00,+0%
morale-patches,Embroidery,UPDATE,11.0 inch - 26-50,11.0 inch - 26-50,16.00,16.00,+0%
morale-patches,Embroidery,UPDATE,12.0 inch - 26-50,12.0 inch - 26-50,18.00,18.00,+0%
morale-patches,Embroidery,UPDATE,13.0 inch - 26-50,13.0 inch - 26-50,19.00,19.00,+0%
morale-patches,Embroidery,UPDATE,14.0 inch - 26-50,14.0 inch - 26-50,20.20,20.20,+0%
morale-patches,Embroidery,UPDATE,15.0 inch - 26-50,15.0 inch - 26-50,21.40,21.40,+0%
morale-patches,Embroidery,UPDATE,16.0 inch - 26-50,16.0 inch - 26-50,22.70,22.70,+0%
morale-patches,Embroidery,UPDATE,1.0 inch - 51-100,1.0 inch - 51-100,2.40,2.40,+0%
morale-patches,Embroidery,UPDATE,1.5 inch - 51-100,1.5 inch - 51-100,2.40,2.40,+0%
morale-patches,Embroidery,UPDATE,2.0 inch - 51-100,2.0 inch - 51-100,2.40,2.40,+0%
morale-patches,Embroidery,UPDATE,2.5 inch - 51-100,2.5 inch - 51-100,2.40,2.20,-8%
morale-patches,Embroidery,UPDATE,3.0 inch - 51-100,3.0 inch - 51-100,2.40,2.14,-11%
morale-patches,Embroidery,UPDATE,3.5 inch - 51-100,3.5 inch - 51-100,2.50,2.50,+0%
morale-patches,Embroidery,UPDATE,4.0 inch - 51-100,4.0 inch - 51-100,2.86,2.86,+0%
morale-patches,Embroidery,UPDATE,4.5 inch - 51-100,4.5 inch - 51-100,3.21,3.21,+0%
morale-patches,Embroidery,UPDATE,5.0 inch - 51-100,5.0 inch - 51-100,3.58,3.58,+0%
morale-patches,Embroidery,UPDATE,6.0 inch - 51-100,6.0 inch - 51-100,4.29,4.29,+0%
morale-patches,Embroidery,UPDATE,7.0 inch - 51-100,7.0 inch - 51-100,5.01,5.01,+0%
morale-patches,Embroidery,UPDATE,8.0 inch - 51-100,8.0 inch - 51-100,5.72,5.72,+0%
morale-patches,Embroidery,UPDATE,9.0 inch - 51-100,9.0 inch - 51-100,6.43,6.43,+0%
morale-patches,Embroidery,UPDATE,10.0 inch - 51-100,10.0 inch - 51-100,7.15,7.15,+0%
morale-patches,Embroidery,UPDATE,11.0 inch - 51-100,11.0 inch - 51-100,7.87,7.87,+0%
morale-patches,Embroidery,UPDATE,12.0 inch - 51-100,12.0 inch - 51-100,8.59,8.59,+0%
morale-patches,Embroidery,UPDATE,13.0 inch - 51-100,13.0 inch - 51-100,10.20,10.20,+0%
morale-patches,Embroidery,UPDATE,14.0 inch - 51-100,14.0 inch - 51-100,11.40,11.40,+0%
morale-patches,Embroidery,UPDATE,15.0 inch - 51-100,15.0 inch - 51-100,12.80,12.80,+0%
morale-patches,Embroidery,UPDATE,16.0 inch - 51-100,16.0 inch - 51-100,13.90,13.90,+0%
morale-patches,Embroidery,UPDATE,1.0 inch - 101-199,1.0 inch - 101-200,0.70,2.20,+214%
morale-patches,Embroidery,UPDATE,1.5 inch - 101-199,1.5 inch - 101-200,0.79,2.20,+178%
morale-patches,Embroidery,UPDATE,2.0 inch - 101-199,2.0 inch - 101-200,1.06,2.20,+108%
morale-patches,Embroidery,UPDATE,2.5 inch - 101-199,2.5 inch - 101-200,1.33,2.05,+54%
morale-patches,Embroidery,UPDATE,3.0 inch - 101-199,3.0 inch - 101-200,1.59,1.98,+25%
morale-patches,Embroidery,UPDATE,3.5 inch - 101-199,3.5 inch - 101-200,1.86,2.20,+18%
morale-patches,Embroidery,UPDATE,4.0 inch - 101-199,4.0 inch - 101-200,2.11,2.50,+18%
morale-patches,Embroidery,UPDATE,4.5 inch - 101-199,4.5 inch - 101-200,2.38,3.00,+26%
morale-patches,Embroidery,UPDATE,5.0 inch - 101-199,5.0 inch - 101-200,2.64,3.30,+25%
morale-patches,Embroidery,UPDATE,6.0 inch - 101-199,6.0 inch - 101-200,3.18,4.05,+27%
morale-patches,Embroidery,UPDATE,7.0 inch - 101-199,7.0 inch - 101-200,3.71,4.80,+29%
morale-patches,Embroidery,UPDATE,8.0 inch - 101-199,8.0 inch - 101-200,4.23,5.40,+28%
morale-patches,Embroidery,UPDATE,9.0 inch - 101-199,9.0 inch - 101-200,4.76,6.10,+28%
morale-patches,Embroidery,UPDATE,10.0 inch - 101-199,10.0 inch - 101-200,5.30,6.90,+30%
morale-patches,Embroidery,UPDATE,11.0 inch - 101-199,11.0 inch - 101-200,5.82,7.40,+27%
morale-patches,Embroidery,UPDATE,12.0 inch - 101-199,12.0 inch - 101-200,6.35,8.30,+31%
morale-patches,Embroidery,UPDATE,13.0 inch - 101-199,13.0 inch - 101-200,7.50,9.90,+32%
morale-patches,Embroidery,UPDATE,14.0 inch - 101-199,14.0 inch - 101-200,8.80,11.05,+26%
morale-patches,Embroidery,UPDATE,15.0 inch - 101-199,15.0 inch - 101-200,9.95,12.20,+23%
morale-patches,Embroidery,UPDATE,16.0 inch - 101-199,16.0 inch - 101-200,10.95,13.30,+21%
morale-patches,Embroidery,UPDATE,1.0 inch - 200-499,1.0 inch - 201-300,0.38,1.80,+374%
morale-patches,Embroidery,UPDATE,1.5 inch - 200-499,1.5 inch - 201-300,0.56,1.80,+221%
morale-patches,Embroidery,UPDATE,2.0 inch - 200-499,2.0 inch - 201-300,0.71,1.80,+154%
morale-patches,Embroidery,UPDATE,2.5 inch - 200-499,2.5 inch - 201-300,0.94,1.80,+91%
morale-patches,Embroidery,UPDATE,3.0 inch - 200-499,3.0 inch - 201-300,1.11,1.50,+35%
morale-patches,Embroidery,UPDATE,3.5 inch - 200-499,3.5 inch - 201-300,1.30,1.80,+38%
morale-patches,Embroidery,UPDATE,4.0 inch - 200-499,4.0 inch - 201-300,1.49,2.00,+34%
morale-patches,Embroidery,UPDATE,4.5 inch - 200-499,4.5 inch - 201-300,1.68,2.55,+52%
morale-patches,Embroidery,UPDATE,5.0 inch - 200-499,5.0 inch - 201-300,1.86,3.00,+61%
morale-patches,Embroidery,UPDATE,6.0 inch - 200-499,6.0 inch - 201-300,2.24,3.80,+70%
morale-patches,Embroidery,UPDATE,7.0 inch - 200-499,7.0 inch - 201-300,2.60,4.50,+73%
morale-patches,Embroidery,UPDATE,8.0 inch - 200-499,8.0 inch - 201-300,2.98,5.10,+71%
morale-patches,Embroidery,UPDATE,9.0 inch - 200-499,9.0 inch - 201-300,3.34,5.90,+77%
morale-patches,Embroidery,UPDATE,10.0 inch - 200-499,10.0 inch - 201-300,3.72,6.50,+75%
morale-patches,Embroidery,UPDATE,11.0 inch - 200-499,11.0 inch - 201-300,4.09,7.10,+74%
morale-patches,Embroidery,UPDATE,12.0 inch - 200-499,12.0 inch - 201-300,4.47,8.00,+79%
morale-patches,Embroidery,UPDATE,13.0 inch - 200-499,13.0 inch - 201-300,5.60,9.60,+71%
morale-patches,Embroidery,UPDATE,14.0 inch - 200-499,14.0 inch - 201-300,6.75,10.80,+60%
morale-patches,Embroidery,UPDATE,15.0 inch - 200-499,15.0 inch - 201-300,7.80,12.00,+54%
morale-patches,Embroidery,UPDATE,16.0 inch - 200-499,16.0 inch - 201-300,8.85,13.00,+47%
morale-patches,Embroidery,UPDATE,1.0 inch - 500-999,1.0 inch - 301-400,0.27,1.60,+493%
morale-patches,Embroidery,UPDATE,1.5 inch - 500-999,1.5 inch - 301-400,0.41,1.60,+290%
morale-patches,Embroidery,UPDATE,2.0 inch - 500-999,2.0 inch - 301-400,0.54,1.60,+196%
morale-patches,Embroidery,UPDATE,2.5 inch - 500-999,2.5 inch - 301-400,0.68,1.60,+135%
morale-patches,Embroidery,UPDATE,3.0 inch - 500-999,3.0 inch - 301-400,0.81,1.20,+48%
morale-patches,Embroidery,UPDATE,3.5 inch - 500-999,3.5 inch - 301-400,0.94,1.60,+70%
morale-patches,Embroidery,UPDATE,4.0 inch - 500-999,4.0 inch - 301-400,1.09,1.80,+65%
morale-patches,Embroidery,UPDATE,4.5 inch - 500-999,4.5 inch - 301-400,1.22,2.45,+101%
morale-patches,Embroidery,UPDATE,5.0 inch - 500-999,5.0 inch - 301-400,1.36,2.80,+106%
morale-patches,Embroidery,UPDATE,6.0 inch - 500-999,6.0 inch - 301-400,1.64,3.60,+120%
morale-patches,Embroidery,UPDATE,7.0 inch - 500-999,7.0 inch - 301-400,1.90,4.30,+126%
morale-patches,Embroidery,UPDATE,8.0 inch - 500-999,8.0 inch - 301-400,2.17,4.80,+121%
morale-patches,Embroidery,UPDATE,9.0 inch - 500-999,9.0 inch - 301-400,2.45,5.70,+133%
morale-patches,Embroidery,UPDATE,10.0 inch - 500-999,10.0 inch - 301-400,2.72,6.30,+132%
morale-patches,Embroidery,UPDATE,11.0 inch - 500-999,11.0 inch - 301-400,2.99,6.80,+127%
morale-patches,Embroidery,UPDATE,12.0 inch - 500-999,12.0 inch - 301-400,3.26,7.80,+139%
morale-patches,Embroidery,UPDATE,13.0 inch - 500-999,13.0 inch - 301-400,4.30,9.30,+116%
morale-patches,Embroidery,UPDATE,14.0 inch - 500-999,14.0 inch - 301-400,5.45,10.40,+91%
morale-patches,Embroidery,UPDATE,15.0 inch - 500-999,15.0 inch - 301-400,6.80,11.80,+74%
morale-patches,Embroidery,UPDATE,16.0 inch - 500-999,16.0 inch - 301-400,7.95,12.80,+61%
morale-patches,Embroidery,UPDATE,1.0 inch - 1000+,1.0 inch - 401-500,0.25,1.40,+460%
morale-patches,Embroidery,UPDATE,1.5 inch - 1000+,1.5 inch - 401-500,0.37,1.40,+278%
morale-patches,Embroidery,UPDATE,2.0 inch - 1000+,2.0 inch - 401-500,0.49,1.40,+186%
morale-patches,Embroidery,UPDATE,2.5 inch - 1000+,2.5 inch - 401-500,0.61,1.40,+130%
morale-patches,Embroidery,UPDATE,3.0 inch - 1000+,3.0 inch - 401-500,0.73,1.00,+37%
morale-patches,Embroidery,UPDATE,3.5 inch - 1000+,3.5 inch - 401-500,0.84,1.40,+67%
morale-patches,Embroidery,UPDATE,4.0 inch - 1000+,4.0 inch - 401-500,0.98,1.60,+63%
morale-patches,Embroidery,UPDATE,4.5 inch - 1000+,4.5 inch - 401-500,1.11,2.25,+103%
morale-patches,Embroidery,UPDATE,5.0 inch - 1000+,5.0 inch - 401-500,1.21,2.60,+115%
morale-patches,Embroidery,UPDATE,6.0 inch - 1000+,6.0 inch - 401-500,1.46,3.40,+133%
morale-patches,Embroidery,UPDATE,7.0 inch - 1000+,7.0 inch - 401-500,1.70,4.10,+141%
morale-patches,Embroidery,UPDATE,8.0 inch - 1000+,8.0 inch - 401-500,1.96,4.60,+135%
morale-patches,Embroidery,UPDATE,9.0 inch - 1000+,9.0 inch - 401-500,2.19,5.50,+151%
morale-patches,Embroidery,UPDATE,10.0 inch - 1000+,10.0 inch - 401-500,2.43,6.10,+151%
morale-patches,Embroidery,UPDATE,11.0 inch - 1000+,11.0 inch - 401-500,2.67,6.50,+143%
morale-patches,Embroidery,UPDATE,12.0 inch - 1000+,12.0 inch - 401-500,2.92,7.60,+160%
morale-patches,Embroidery,UPDATE,13.0 inch - 1000+,13.0 inch - 401-500,3.98,9.10,+129%
morale-patches,Embroidery,UPDATE,14.0 inch - 1000+,14.0 inch - 401-500,5.10,10.20,+100%
morale-patches,Embroidery,UPDATE,15.0 inch - 1000+,15.0 inch - 401-500,6.40,11.50,+80%
morale-patches,Embroidery,UPDATE,16.0 inch - 1000+,16.0 inch - 401-500,7.60,12.40,+63%
morale-patches,Embroidery,CREATE,,1.0 inch - 501-700,,1.20,new
morale-patches,Embroidery,CREATE,,1.5 inch - 501-700,,1.20,new
morale-patches,Embroidery,CREATE,,2.0 inch - 501-700,,1.20,new
morale-patches,Embroidery,CREATE,,2.5 inch - 501-700,,1.20,new
morale-patches,Embroidery,CREATE,,3.0 inch - 501-700,,0.81,new
morale-patches,Embroidery,CREATE,,3.5 inch - 501-700,,1.05,new
morale-patches,Embroidery,CREATE,,4.0 inch - 501-700,,1.30,new
morale-patches,Embroidery,CREATE,,4.5 inch - 501-700,,2.00,new
morale-patches,Embroidery,CREATE,,5.0 inch - 501-700,,2.40,new
morale-patches,Embroidery,CREATE,,6.0 inch - 501-700,,3.10,new
morale-patches,Embroidery,CREATE,,7.0 inch - 501-700,,4.00,new
morale-patches,Embroidery,CREATE,,8.0 inch - 501-700,,4.30,new
morale-patches,Embroidery,CREATE,,9.0 inch - 501-700,,5.20,new
morale-patches,Embroidery,CREATE,,10.0 inch - 501-700,,5.80,new
morale-patches,Embroidery,CREATE,,11.0 inch - 501-700,,6.20,new
morale-patches,Embroidery,CREATE,,12.0 inch - 501-700,,7.30,new
morale-patches,Embroidery,CREATE,,13.0 inch - 501-700,,8.50,new
morale-patches,Embroidery,CREATE,,14.0 inch - 501-700,,9.50,new
morale-patches,Embroidery,CREATE,,15.0 inch - 501-700,,10.80,new
morale-patches,Embroidery,CREATE,,16.0 inch - 501-700,,12.00,new
morale-patches,Embroidery,CREATE,,1.0 inch - 701+,,0.95,new
morale-patches,Embroidery,CREATE,,1.5 inch - 701+,,0.95,new
morale-patches,Embroidery,CREATE,,2.0 inch - 701+,,0.95,new
morale-patches,Embroidery,CREATE,,2.5 inch - 701+,,0.95,new
morale-patches,Embroidery,CREATE,,3.0 inch - 701+,,0.75,new
morale-patches,Embroidery,CREATE,,3.5 inch - 701+,,1.00,new
morale-patches,Embroidery,CREATE,,4.0 inch - 701+,,1.10,new
morale-patches,Embroidery,CREATE,,4.5 inch - 701+,,1.80,new
morale-patches,Embroidery,CREATE,,5.0 inch - 701+,,2.20,new
morale-patches,Embroidery,CREATE,,6.0 inch - 701+,,2.80,new
morale-patches,Embroidery,CREATE,,7.0 inch - 701+,,3.80,new
morale-patches,Embroidery,CREATE,,8.0 inch - 701+,,4.00,new
morale-patches,Embroidery,CREATE,,9.0 inch - 701+,,5.00,new
morale-patches,Embroidery,CREATE,,10.0 inch - 701+,,5.50,new
morale-patches,Embroidery,CREATE,,11.0 inch - 701+,,6.00,new
morale-patches,Embroidery,CREATE,,12.0 inch - 701+,,7.00,new
morale-patches,Embroidery,CREATE,,13.0 inch - 701+,,8.20,new
morale-patches,Embroidery,CREATE,,14.0 inch - 701+,,9.00,new
morale-patches,Embroidery,CREATE,,15.0 inch - 701+,,10.00,new
morale-patches,Embroidery,CREATE,,16.0 inch - 701+,,12.00,new
funny-patches,Embroidery,UPDATE,1.0 inch - 10,1.0 inch - 10-15,6.99,6.99,+0%
funny-patches,Embroidery,UPDATE,1.5 inch - 10,1.5 inch - 10-15,6.99,6.99,+0%
funny-patches,Embroidery,UPDATE,2.0 inch - 10,2.0 inch - 10-15,6.99,6.99,+0%
funny-patches,Embroidery,UPDATE,2.5 inch - 10,2.5 inch - 10-15,6.99,6.99,+0%
funny-patches,Embroidery,UPDATE,3.0 inch - 10,3.0 inch - 10-15,7.99,7.99,+0%
funny-patches,Embroidery,UPDATE,3.5 inch - 10,3.5 inch - 10-15,7.99,7.99,+0%
funny-patches,Embroidery,UPDATE,4.0 inch - 10,4.0 inch - 10-15,7.99,7.99,+0%
funny-patches,Embroidery,UPDATE,4.5 inch - 10,4.5 inch - 10-15,8.99,8.99,+0%
funny-patches,Embroidery,UPDATE,5.0 inch - 10,5.0 inch - 10-15,10.00,10.00,+0%
funny-patches,Embroidery,UPDATE,6.0 inch - 10,6.0 inch - 10-15,11.00,11.00,+0%
funny-patches,Embroidery,UPDATE,7.0 inch - 10,7.0 inch - 10-15,12.00,12.00,+0%
funny-patches,Embroidery,UPDATE,8.0 inch - 10,8.0 inch - 10-15,14.00,14.00,+0%
funny-patches,Embroidery,UPDATE,9.0 inch - 10,9.0 inch - 10-15,16.00,16.00,+0%
funny-patches,Embroidery,UPDATE,10.0 inch - 10,10.0 inch - 10-15,18.00,18.00,+0%
funny-patches,Embroidery,UPDATE,11.0 inch - 10,11.0 inch - 10-15,20.00,20.00,+0%
funny-patches,Embroidery,UPDATE,12.0 inch - 10,12.0 inch - 10-15,22.00,22.00,+0%
funny-patches,Embroidery,UPDATE,13.0 inch - 10,13.0 inch - 10-15,23.00,23.00,+0%
funny-patches,Embroidery,UPDATE,14.0 inch - 10,14.0 inch - 10-15,24.20,24.20,+0%
funny-patches,Embroidery,UPDATE,15.0 inch - 10,15.0 inch - 10-15,25.40,25.40,+0%
funny-patches,Embroidery,UPDATE,16.0 inch - 10,16.0 inch - 10-15,26.60,26.60,+0%
funny-patches,Embroidery,UPDATE,1.0 inch - 11-25,1.0 inch - 16-25,6.36,3.75,-41%
funny-patches,Embroidery,UPDATE,1.5 inch - 11-25,1.5 inch - 16-25,6.36,3.80,-40%
funny-patches,Embroidery,UPDATE,2.0 inch - 11-25,2.0 inch - 16-25,6.36,3.95,-38%
funny-patches,Embroidery,UPDATE,2.5 inch - 11-25,2.5 inch - 16-25,6.36,4.50,-29%
funny-patches,Embroidery,UPDATE,3.0 inch - 11-25,3.0 inch - 16-25,6.36,5.00,-21%
funny-patches,Embroidery,UPDATE,3.5 inch - 11-25,3.5 inch - 16-25,6.36,5.20,-18%
funny-patches,Embroidery,UPDATE,4.0 inch - 11-25,4.0 inch - 16-25,6.36,5.80,-9%
funny-patches,Embroidery,UPDATE,4.5 inch - 11-25,4.5 inch - 16-25,6.36,6.00,-6%
funny-patches,Embroidery,UPDATE,5.0 inch - 11-25,5.0 inch - 16-25,7.20,7.20,+0%
funny-patches,Embroidery,UPDATE,6.0 inch - 11-25,6.0 inch - 16-25,7.30,7.30,+0%
funny-patches,Embroidery,UPDATE,7.0 inch - 11-25,7.0 inch - 16-25,9.00,9.00,+0%
funny-patches,Embroidery,UPDATE,8.0 inch - 11-25,8.0 inch - 16-25,11.00,11.00,+0%
funny-patches,Embroidery,UPDATE,9.0 inch - 11-25,9.0 inch - 16-25,13.00,13.00,+0%
funny-patches,Embroidery,UPDATE,10.0 inch - 11-25,10.0 inch - 16-25,16.00,16.00,+0%
funny-patches,Embroidery,UPDATE,11.0 inch - 11-25,11.0 inch - 16-25,18.00,18.00,+0%
funny-patches,Embroidery,UPDATE,12.0 inch - 11-25,12.0 inch - 16-25,20.00,20.00,+0%
funny-patches,Embroidery,UPDATE,13.0 inch - 11-25,13.0 inch - 16-25,21.00,21.00,+0%
funny-patches,Embroidery,UPDATE,14.0 inch - 11-25,14.0 inch - 16-25,22.50,22.50,+0%
funny-patches,Embroidery,UPDATE,15.0 inch - 11-25,15.0 inch - 16-25,23.70,23.70,+0%
funny-patches,Embroidery,UPDATE,16.0 inch - 11-25,16.0 inch - 16-25,24.80,24.80,+0%
funny-patches,Embroidery,UPDATE,1.0 inch - 26-50,1.0 inch - 26-50,3.75,3.75,+0%
funny-patches,Embroidery,UPDATE,1.5 inch - 26-50,1.5 inch - 26-50,3.75,3.75,+0%
funny-patches,Embroidery,UPDATE,2.0 inch - 26-50,2.0 inch - 26-50,3.75,3.75,+0%
funny-patches,Embroidery,UPDATE,2.5 inch - 26-50,2.5 inch - 26-50,3.75,3.75,+0%
funny-patches,Embroidery,UPDATE,3.0 inch - 26-50,3.0 inch - 26-50,3.75,3.75,+0%
funny-patches,Embroidery,UPDATE,3.5 inch - 26-50,3.5 inch - 26-50,3.80,3.80,+0%
funny-patches,Embroidery,UPDATE,4.0 inch - 26-50,4.0 inch - 26-50,3.80,3.80,+0%
funny-patches,Embroidery,UPDATE,4.5 inch - 26-50,4.5 inch - 26-50,4.00,4.00,+0%
funny-patches,Embroidery,UPDATE,5.0 inch - 26-50,5.0 inch - 26-50,4.50,4.50,+0%
funny-patches,Embroidery,UPDATE,6.0 inch - 26-50,6.0 inch - 26-50,6.00,6.00,+0%
funny-patches,Embroidery,UPDATE,7.0 inch - 26-50,7.0 inch - 26-50,8.00,8.00,+0%
funny-patches,Embroidery,UPDATE,8.0 inch - 26-50,8.0 inch - 26-50,10.00,10.00,+0%
funny-patches,Embroidery,UPDATE,9.0 inch - 26-50,9.0 inch - 26-50,12.00,12.00,+0%
funny-patches,Embroidery,UPDATE,10.0 inch - 26-50,10.0 inch - 26-50,15.00,15.00,+0%
funny-patches,Embroidery,UPDATE,11.0 inch - 26-50,11.0 inch - 26-50,16.00,16.00,+0%
funny-patches,Embroidery,UPDATE,12.0 inch - 26-50,12.0 inch - 26-50,18.00,18.00,+0%
funny-patches,Embroidery,UPDATE,13.0 inch - 26-50,13.0 inch - 26-50,19.00,19.00,+0%
funny-patches,Embroidery,UPDATE,14.0 inch - 26-50,14.0 inch - 26-50,20.20,20.20,+0%
funny-patches,Embroidery,UPDATE,15.0 inch - 26-50,15.0 inch - 26-50,21.40,21.40,+0%
funny-patches,Embroidery,UPDATE,16.0 inch - 26-50,16.0 inch - 26-50,22.70,22.70,+0%
funny-patches,Embroidery,UPDATE,1.0 inch - 51-100,1.0 inch - 51-100,2.40,2.40,+0%
funny-patches,Embroidery,UPDATE,1.5 inch - 51-100,1.5 inch - 51-100,2.40,2.40,+0%
funny-patches,Embroidery,UPDATE,2.0 inch - 51-100,2.0 inch - 51-100,2.40,2.40,+0%
funny-patches,Embroidery,UPDATE,2.5 inch - 51-100,2.5 inch - 51-100,2.40,2.20,-8%
funny-patches,Embroidery,UPDATE,3.0 inch - 51-100,3.0 inch - 51-100,2.40,2.14,-11%
funny-patches,Embroidery,UPDATE,3.5 inch - 51-100,3.5 inch - 51-100,2.50,2.50,+0%
funny-patches,Embroidery,UPDATE,4.0 inch - 51-100,4.0 inch - 51-100,2.86,2.86,+0%
funny-patches,Embroidery,UPDATE,4.5 inch - 51-100,4.5 inch - 51-100,3.21,3.21,+0%
funny-patches,Embroidery,UPDATE,5.0 inch - 51-100,5.0 inch - 51-100,3.58,3.58,+0%
funny-patches,Embroidery,UPDATE,6.0 inch - 51-100,6.0 inch - 51-100,4.29,4.29,+0%
funny-patches,Embroidery,UPDATE,7.0 inch - 51-100,7.0 inch - 51-100,5.01,5.01,+0%
funny-patches,Embroidery,UPDATE,8.0 inch - 51-100,8.0 inch - 51-100,5.72,5.72,+0%
funny-patches,Embroidery,UPDATE,9.0 inch - 51-100,9.0 inch - 51-100,6.43,6.43,+0%
funny-patches,Embroidery,UPDATE,10.0 inch - 51-100,10.0 inch - 51-100,7.15,7.15,+0%
funny-patches,Embroidery,UPDATE,11.0 inch - 51-100,11.0 inch - 51-100,7.87,7.87,+0%
funny-patches,Embroidery,UPDATE,12.0 inch - 51-100,12.0 inch - 51-100,8.59,8.59,+0%
funny-patches,Embroidery,UPDATE,13.0 inch - 51-100,13.0 inch - 51-100,10.20,10.20,+0%
funny-patches,Embroidery,UPDATE,14.0 inch - 51-100,14.0 inch - 51-100,11.40,11.40,+0%
funny-patches,Embroidery,UPDATE,15.0 inch - 51-100,15.0 inch - 51-100,12.80,12.80,+0%
funny-patches,Embroidery,UPDATE,16.0 inch - 51-100,16.0 inch - 51-100,13.90,13.90,+0%
funny-patches,Embroidery,UPDATE,1.0 inch - 101-199,1.0 inch - 101-200,0.70,2.20,+214%
funny-patches,Embroidery,UPDATE,1.5 inch - 101-199,1.5 inch - 101-200,0.79,2.20,+178%
funny-patches,Embroidery,UPDATE,2.0 inch - 101-199,2.0 inch - 101-200,1.06,2.20,+108%
funny-patches,Embroidery,UPDATE,2.5 inch - 101-199,2.5 inch - 101-200,1.33,2.05,+54%
funny-patches,Embroidery,UPDATE,3.0 inch - 101-199,3.0 inch - 101-200,1.59,1.98,+25%
funny-patches,Embroidery,UPDATE,3.5 inch - 101-199,3.5 inch - 101-200,1.86,2.20,+18%
funny-patches,Embroidery,UPDATE,4.0 inch - 101-199,4.0 inch - 101-200,2.11,2.50,+18%
funny-patches,Embroidery,UPDATE,4.5 inch - 101-199,4.5 inch - 101-200,2.38,3.00,+26%
funny-patches,Embroidery,UPDATE,5.0 inch - 101-199,5.0 inch - 101-200,2.64,3.30,+25%
funny-patches,Embroidery,UPDATE,6.0 inch - 101-199,6.0 inch - 101-200,3.18,4.05,+27%
funny-patches,Embroidery,UPDATE,7.0 inch - 101-199,7.0 inch - 101-200,3.71,4.80,+29%
funny-patches,Embroidery,UPDATE,8.0 inch - 101-199,8.0 inch - 101-200,4.23,5.40,+28%
funny-patches,Embroidery,UPDATE,9.0 inch - 101-199,9.0 inch - 101-200,4.76,6.10,+28%
funny-patches,Embroidery,UPDATE,10.0 inch - 101-199,10.0 inch - 101-200,5.30,6.90,+30%
funny-patches,Embroidery,UPDATE,11.0 inch - 101-199,11.0 inch - 101-200,5.82,7.40,+27%
funny-patches,Embroidery,UPDATE,12.0 inch - 101-199,12.0 inch - 101-200,6.35,8.30,+31%
funny-patches,Embroidery,UPDATE,13.0 inch - 101-199,13.0 inch - 101-200,7.50,9.90,+32%
funny-patches,Embroidery,UPDATE,14.0 inch - 101-199,14.0 inch - 101-200,8.80,11.05,+26%
funny-patches,Embroidery,UPDATE,15.0 inch - 101-199,15.0 inch - 101-200,9.95,12.20,+23%
funny-patches,Embroidery,UPDATE,16.0 inch - 101-199,16.0 inch - 101-200,10.95,13.30,+21%
funny-patches,Embroidery,UPDATE,1.0 inch - 200-499,1.0 inch - 201-300,0.38,1.80,+374%
funny-patches,Embroidery,UPDATE,1.5 inch - 200-499,1.5 inch - 201-300,0.56,1.80,+221%
funny-patches,Embroidery,UPDATE,2.0 inch - 200-499,2.0 inch - 201-300,0.71,1.80,+154%
funny-patches,Embroidery,UPDATE,2.5 inch - 200-499,2.5 inch - 201-300,0.94,1.80,+91%
funny-patches,Embroidery,UPDATE,3.0 inch - 200-499,3.0 inch - 201-300,1.11,1.50,+35%
funny-patches,Embroidery,UPDATE,3.5 inch - 200-499,3.5 inch - 201-300,1.30,1.80,+38%
funny-patches,Embroidery,UPDATE,4.0 inch - 200-499,4.0 inch - 201-300,1.49,2.00,+34%
funny-patches,Embroidery,UPDATE,4.5 inch - 200-499,4.5 inch - 201-300,1.68,2.55,+52%
funny-patches,Embroidery,UPDATE,5.0 inch - 200-499,5.0 inch - 201-300,1.86,3.00,+61%
funny-patches,Embroidery,UPDATE,6.0 inch - 200-499,6.0 inch - 201-300,2.24,3.80,+70%
funny-patches,Embroidery,UPDATE,7.0 inch - 200-499,7.0 inch - 201-300,2.60,4.50,+73%
funny-patches,Embroidery,UPDATE,8.0 inch - 200-499,8.0 inch - 201-300,2.98,5.10,+71%
funny-patches,Embroidery,UPDATE,9.0 inch - 200-499,9.0 inch - 201-300,3.34,5.90,+77%
funny-patches,Embroidery,UPDATE,10.0 inch - 200-499,10.0 inch - 201-300,3.72,6.50,+75%
funny-patches,Embroidery,UPDATE,11.0 inch - 200-499,11.0 inch - 201-300,4.09,7.10,+74%
funny-patches,Embroidery,UPDATE,12.0 inch - 200-499,12.0 inch - 201-300,4.47,8.00,+79%
funny-patches,Embroidery,UPDATE,13.0 inch - 200-499,13.0 inch - 201-300,5.60,9.60,+71%
funny-patches,Embroidery,UPDATE,14.0 inch - 200-499,14.0 inch - 201-300,6.75,10.80,+60%
funny-patches,Embroidery,UPDATE,15.0 inch - 200-499,15.0 inch - 201-300,7.80,12.00,+54%
funny-patches,Embroidery,UPDATE,16.0 inch - 200-499,16.0 inch - 201-300,8.85,13.00,+47%
funny-patches,Embroidery,UPDATE,1.0 inch - 500-999,1.0 inch - 301-400,0.27,1.60,+493%
funny-patches,Embroidery,UPDATE,1.5 inch - 500-999,1.5 inch - 301-400,0.41,1.60,+290%
funny-patches,Embroidery,UPDATE,2.0 inch - 500-999,2.0 inch - 301-400,0.54,1.60,+196%
funny-patches,Embroidery,UPDATE,2.5 inch - 500-999,2.5 inch - 301-400,0.68,1.60,+135%
funny-patches,Embroidery,UPDATE,3.0 inch - 500-999,3.0 inch - 301-400,0.81,1.20,+48%
funny-patches,Embroidery,UPDATE,3.5 inch - 500-999,3.5 inch - 301-400,0.94,1.60,+70%
funny-patches,Embroidery,UPDATE,4.0 inch - 500-999,4.0 inch - 301-400,1.09,1.80,+65%
funny-patches,Embroidery,UPDATE,4.5 inch - 500-999,4.5 inch - 301-400,1.22,2.45,+101%
funny-patches,Embroidery,UPDATE,5.0 inch - 500-999,5.0 inch - 301-400,1.36,2.80,+106%
funny-patches,Embroidery,UPDATE,6.0 inch - 500-999,6.0 inch - 301-400,1.64,3.60,+120%
funny-patches,Embroidery,UPDATE,7.0 inch - 500-999,7.0 inch - 301-400,1.90,4.30,+126%
funny-patches,Embroidery,UPDATE,8.0 inch - 500-999,8.0 inch - 301-400,2.17,4.80,+121%
funny-patches,Embroidery,UPDATE,9.0 inch - 500-999,9.0 inch - 301-400,2.45,5.70,+133%
funny-patches,Embroidery,UPDATE,10.0 inch - 500-999,10.0 inch - 301-400,2.72,6.30,+132%
funny-patches,Embroidery,UPDATE,11.0 inch - 500-999,11.0 inch - 301-400,2.99,6.80,+127%
funny-patches,Embroidery,UPDATE,12.0 inch - 500-999,12.0 inch - 301-400,3.26,7.80,+139%
funny-patches,Embroidery,UPDATE,13.0 inch - 500-999,13.0 inch - 301-400,4.30,9.30,+116%
funny-patches,Embroidery,UPDATE,14.0 inch - 500-999,14.0 inch - 301-400,5.45,10.40,+91%
funny-patches,Embroidery,UPDATE,15.0 inch - 500-999,15.0 inch - 301-400,6.80,11.80,+74%
funny-patches,Embroidery,UPDATE,16.0 inch - 500-999,16.0 inch - 301-400,7.95,12.80,+61%
funny-patches,Embroidery,UPDATE,1.0 inch - 1000+,1.0 inch - 401-500,0.25,1.40,+460%
funny-patches,Embroidery,UPDATE,1.5 inch - 1000+,1.5 inch - 401-500,0.37,1.40,+278%
funny-patches,Embroidery,UPDATE,2.0 inch - 1000+,2.0 inch - 401-500,0.49,1.40,+186%
funny-patches,Embroidery,UPDATE,2.5 inch - 1000+,2.5 inch - 401-500,0.61,1.40,+130%
funny-patches,Embroidery,UPDATE,3.0 inch - 1000+,3.0 inch - 401-500,0.73,1.00,+37%
funny-patches,Embroidery,UPDATE,3.5 inch - 1000+,3.5 inch - 401-500,0.84,1.40,+67%
funny-patches,Embroidery,UPDATE,4.0 inch - 1000+,4.0 inch - 401-500,0.98,1.60,+63%
funny-patches,Embroidery,UPDATE,4.5 inch - 1000+,4.5 inch - 401-500,1.11,2.25,+103%
funny-patches,Embroidery,UPDATE,5.0 inch - 1000+,5.0 inch - 401-500,1.21,2.60,+115%
funny-patches,Embroidery,UPDATE,6.0 inch - 1000+,6.0 inch - 401-500,1.46,3.40,+133%
funny-patches,Embroidery,UPDATE,7.0 inch - 1000+,7.0 inch - 401-500,1.70,4.10,+141%
funny-patches,Embroidery,UPDATE,8.0 inch - 1000+,8.0 inch - 401-500,1.96,4.60,+135%
funny-patches,Embroidery,UPDATE,9.0 inch - 1000+,9.0 inch - 401-500,2.19,5.50,+151%
funny-patches,Embroidery,UPDATE,10.0 inch - 1000+,10.0 inch - 401-500,2.43,6.10,+151%
funny-patches,Embroidery,UPDATE,11.0 inch - 1000+,11.0 inch - 401-500,2.67,6.50,+143%
funny-patches,Embroidery,UPDATE,12.0 inch - 1000+,12.0 inch - 401-500,2.92,7.60,+160%
funny-patches,Embroidery,UPDATE,13.0 inch - 1000+,13.0 inch - 401-500,3.98,9.10,+129%
funny-patches,Embroidery,UPDATE,14.0 inch - 1000+,14.0 inch - 401-500,5.10,10.20,+100%
funny-patches,Embroidery,UPDATE,15.0 inch - 1000+,15.0 inch - 401-500,6.40,11.50,+80%
funny-patches,Embroidery,UPDATE,16.0 inch - 1000+,16.0 inch - 401-500,7.60,12.40,+63%
funny-patches,Embroidery,CREATE,,1.0 inch - 501-700,,1.20,new
funny-patches,Embroidery,CREATE,,1.5 inch - 501-700,,1.20,new
funny-patches,Embroidery,CREATE,,2.0 inch - 501-700,,1.20,new
funny-patches,Embroidery,CREATE,,2.5 inch - 501-700,,1.20,new
funny-patches,Embroidery,CREATE,,3.0 inch - 501-700,,0.81,new
funny-patches,Embroidery,CREATE,,3.5 inch - 501-700,,1.05,new
funny-patches,Embroidery,CREATE,,4.0 inch - 501-700,,1.30,new
funny-patches,Embroidery,CREATE,,4.5 inch - 501-700,,2.00,new
funny-patches,Embroidery,CREATE,,5.0 inch - 501-700,,2.40,new
funny-patches,Embroidery,CREATE,,6.0 inch - 501-700,,3.10,new
funny-patches,Embroidery,CREATE,,7.0 inch - 501-700,,4.00,new
funny-patches,Embroidery,CREATE,,8.0 inch - 501-700,,4.30,new
funny-patches,Embroidery,CREATE,,9.0 inch - 501-700,,5.20,new
funny-patches,Embroidery,CREATE,,10.0 inch - 501-700,,5.80,new
funny-patches,Embroidery,CREATE,,11.0 inch - 501-700,,6.20,new
funny-patches,Embroidery,CREATE,,12.0 inch - 501-700,,7.30,new
funny-patches,Embroidery,CREATE,,13.0 inch - 501-700,,8.50,new
funny-patches,Embroidery,CREATE,,14.0 inch - 501-700,,9.50,new
funny-patches,Embroidery,CREATE,,15.0 inch - 501-700,,10.80,new
funny-patches,Embroidery,CREATE,,16.0 inch - 501-700,,12.00,new
funny-patches,Embroidery,CREATE,,1.0 inch - 701+,,0.95,new
funny-patches,Embroidery,CREATE,,1.5 inch - 701+,,0.95,new
funny-patches,Embroidery,CREATE,,2.0 inch - 701+,,0.95,new
funny-patches,Embroidery,CREATE,,2.5 inch - 701+,,0.95,new
funny-patches,Embroidery,CREATE,,3.0 inch - 701+,,0.75,new
funny-patches,Embroidery,CREATE,,3.5 inch - 701+,,1.00,new
funny-patches,Embroidery,CREATE,,4.0 inch - 701+,,1.10,new
funny-patches,Embroidery,CREATE,,4.5 inch - 701+,,1.80,new
funny-patches,Embroidery,CREATE,,5.0 inch - 701+,,2.20,new
funny-patches,Embroidery,CREATE,,6.0 inch - 701+,,2.80,new
funny-patches,Embroidery,CREATE,,7.0 inch - 701+,,3.80,new
funny-patches,Embroidery,CREATE,,8.0 inch - 701+,,4.00,new
funny-patches,Embroidery,CREATE,,9.0 inch - 701+,,5.00,new
funny-patches,Embroidery,CREATE,,10.0 inch - 701+,,5.50,new
funny-patches,Embroidery,CREATE,,11.0 inch - 701+,,6.00,new
funny-patches,Embroidery,CREATE,,12.0 inch - 701+,,7.00,new
funny-patches,Embroidery,CREATE,,13.0 inch - 701+,,8.20,new
funny-patches,Embroidery,CREATE,,14.0 inch - 701+,,9.00,new
funny-patches,Embroidery,CREATE,,15.0 inch - 701+,,10.00,new
funny-patches,Embroidery,CREATE,,16.0 inch - 701+,,12.00,new
firefighter-patches,Embroidery,UPDATE,1.0 inch - 10,1.0 inch - 10-15,6.99,6.99,+0%
firefighter-patches,Embroidery,UPDATE,1.5 inch - 10,1.5 inch - 10-15,6.99,6.99,+0%
firefighter-patches,Embroidery,UPDATE,2.0 inch - 10,2.0 inch - 10-15,6.99,6.99,+0%
firefighter-patches,Embroidery,UPDATE,2.5 inch - 10,2.5 inch - 10-15,6.99,6.99,+0%
firefighter-patches,Embroidery,UPDATE,3.0 inch - 10,3.0 inch - 10-15,7.99,7.99,+0%
firefighter-patches,Embroidery,UPDATE,3.5 inch - 10,3.5 inch - 10-15,7.99,7.99,+0%
firefighter-patches,Embroidery,UPDATE,4.0 inch - 10,4.0 inch - 10-15,7.99,7.99,+0%
firefighter-patches,Embroidery,UPDATE,4.5 inch - 10,4.5 inch - 10-15,8.99,8.99,+0%
firefighter-patches,Embroidery,UPDATE,5.0 inch - 10,5.0 inch - 10-15,10.00,10.00,+0%
firefighter-patches,Embroidery,UPDATE,6.0 inch - 10,6.0 inch - 10-15,11.00,11.00,+0%
firefighter-patches,Embroidery,UPDATE,7.0 inch - 10,7.0 inch - 10-15,12.00,12.00,+0%
firefighter-patches,Embroidery,UPDATE,8.0 inch - 10,8.0 inch - 10-15,14.00,14.00,+0%
firefighter-patches,Embroidery,UPDATE,9.0 inch - 10,9.0 inch - 10-15,16.00,16.00,+0%
firefighter-patches,Embroidery,UPDATE,10.0 inch - 10,10.0 inch - 10-15,18.00,18.00,+0%
firefighter-patches,Embroidery,UPDATE,11.0 inch - 10,11.0 inch - 10-15,20.00,20.00,+0%
firefighter-patches,Embroidery,UPDATE,12.0 inch - 10,12.0 inch - 10-15,22.00,22.00,+0%
firefighter-patches,Embroidery,UPDATE,13.0 inch - 10,13.0 inch - 10-15,23.00,23.00,+0%
firefighter-patches,Embroidery,UPDATE,14.0 inch - 10,14.0 inch - 10-15,24.20,24.20,+0%
firefighter-patches,Embroidery,UPDATE,15.0 inch - 10,15.0 inch - 10-15,25.40,25.40,+0%
firefighter-patches,Embroidery,UPDATE,16.0 inch - 10,16.0 inch - 10-15,26.60,26.60,+0%
firefighter-patches,Embroidery,UPDATE,1.0 inch - 11-25,1.0 inch - 16-25,6.36,3.75,-41%
firefighter-patches,Embroidery,UPDATE,1.5 inch - 11-25,1.5 inch - 16-25,6.36,3.80,-40%
firefighter-patches,Embroidery,UPDATE,2.0 inch - 11-25,2.0 inch - 16-25,6.36,3.95,-38%
firefighter-patches,Embroidery,UPDATE,2.5 inch - 11-25,2.5 inch - 16-25,6.36,4.50,-29%
firefighter-patches,Embroidery,UPDATE,3.0 inch - 11-25,3.0 inch - 16-25,6.36,5.00,-21%
firefighter-patches,Embroidery,UPDATE,3.5 inch - 11-25,3.5 inch - 16-25,6.36,5.20,-18%
firefighter-patches,Embroidery,UPDATE,4.0 inch - 11-25,4.0 inch - 16-25,6.36,5.80,-9%
firefighter-patches,Embroidery,UPDATE,4.5 inch - 11-25,4.5 inch - 16-25,6.36,6.00,-6%
firefighter-patches,Embroidery,UPDATE,5.0 inch - 11-25,5.0 inch - 16-25,7.20,7.20,+0%
firefighter-patches,Embroidery,UPDATE,6.0 inch - 11-25,6.0 inch - 16-25,7.30,7.30,+0%
firefighter-patches,Embroidery,UPDATE,7.0 inch - 11-25,7.0 inch - 16-25,9.00,9.00,+0%
firefighter-patches,Embroidery,UPDATE,8.0 inch - 11-25,8.0 inch - 16-25,11.00,11.00,+0%
firefighter-patches,Embroidery,UPDATE,9.0 inch - 11-25,9.0 inch - 16-25,13.00,13.00,+0%
firefighter-patches,Embroidery,UPDATE,10.0 inch - 11-25,10.0 inch - 16-25,16.00,16.00,+0%
firefighter-patches,Embroidery,UPDATE,11.0 inch - 11-25,11.0 inch - 16-25,18.00,18.00,+0%
firefighter-patches,Embroidery,UPDATE,12.0 inch - 11-25,12.0 inch - 16-25,20.00,20.00,+0%
firefighter-patches,Embroidery,UPDATE,13.0 inch - 11-25,13.0 inch - 16-25,21.00,21.00,+0%
firefighter-patches,Embroidery,UPDATE,14.0 inch - 11-25,14.0 inch - 16-25,22.50,22.50,+0%
firefighter-patches,Embroidery,UPDATE,15.0 inch - 11-25,15.0 inch - 16-25,23.70,23.70,+0%
firefighter-patches,Embroidery,UPDATE,16.0 inch - 11-25,16.0 inch - 16-25,24.80,24.80,+0%
firefighter-patches,Embroidery,UPDATE,1.0 inch - 26-50,1.0 inch - 26-50,3.75,3.75,+0%
firefighter-patches,Embroidery,UPDATE,1.5 inch - 26-50,1.5 inch - 26-50,3.75,3.75,+0%
firefighter-patches,Embroidery,UPDATE,2.0 inch - 26-50,2.0 inch - 26-50,3.75,3.75,+0%
firefighter-patches,Embroidery,UPDATE,2.5 inch - 26-50,2.5 inch - 26-50,3.75,3.75,+0%
firefighter-patches,Embroidery,UPDATE,3.0 inch - 26-50,3.0 inch - 26-50,3.75,3.75,+0%
firefighter-patches,Embroidery,UPDATE,3.5 inch - 26-50,3.5 inch - 26-50,3.80,3.80,+0%
firefighter-patches,Embroidery,UPDATE,4.0 inch - 26-50,4.0 inch - 26-50,3.80,3.80,+0%
firefighter-patches,Embroidery,UPDATE,4.5 inch - 26-50,4.5 inch - 26-50,4.00,4.00,+0%
firefighter-patches,Embroidery,UPDATE,5.0 inch - 26-50,5.0 inch - 26-50,4.50,4.50,+0%
firefighter-patches,Embroidery,UPDATE,6.0 inch - 26-50,6.0 inch - 26-50,6.00,6.00,+0%
firefighter-patches,Embroidery,UPDATE,7.0 inch - 26-50,7.0 inch - 26-50,8.00,8.00,+0%
firefighter-patches,Embroidery,UPDATE,8.0 inch - 26-50,8.0 inch - 26-50,10.00,10.00,+0%
firefighter-patches,Embroidery,UPDATE,9.0 inch - 26-50,9.0 inch - 26-50,12.00,12.00,+0%
firefighter-patches,Embroidery,UPDATE,10.0 inch - 26-50,10.0 inch - 26-50,15.00,15.00,+0%
firefighter-patches,Embroidery,UPDATE,11.0 inch - 26-50,11.0 inch - 26-50,16.00,16.00,+0%
firefighter-patches,Embroidery,UPDATE,12.0 inch - 26-50,12.0 inch - 26-50,18.00,18.00,+0%
firefighter-patches,Embroidery,UPDATE,13.0 inch - 26-50,13.0 inch - 26-50,19.00,19.00,+0%
firefighter-patches,Embroidery,UPDATE,14.0 inch - 26-50,14.0 inch - 26-50,20.20,20.20,+0%
firefighter-patches,Embroidery,UPDATE,15.0 inch - 26-50,15.0 inch - 26-50,21.40,21.40,+0%
firefighter-patches,Embroidery,UPDATE,16.0 inch - 26-50,16.0 inch - 26-50,22.70,22.70,+0%
firefighter-patches,Embroidery,UPDATE,1.0 inch - 51-100,1.0 inch - 51-100,2.40,2.40,+0%
firefighter-patches,Embroidery,UPDATE,1.5 inch - 51-100,1.5 inch - 51-100,2.40,2.40,+0%
firefighter-patches,Embroidery,UPDATE,2.0 inch - 51-100,2.0 inch - 51-100,2.40,2.40,+0%
firefighter-patches,Embroidery,UPDATE,2.5 inch - 51-100,2.5 inch - 51-100,2.40,2.20,-8%
firefighter-patches,Embroidery,UPDATE,3.0 inch - 51-100,3.0 inch - 51-100,2.40,2.14,-11%
firefighter-patches,Embroidery,UPDATE,3.5 inch - 51-100,3.5 inch - 51-100,2.50,2.50,+0%
firefighter-patches,Embroidery,UPDATE,4.0 inch - 51-100,4.0 inch - 51-100,2.86,2.86,+0%
firefighter-patches,Embroidery,UPDATE,4.5 inch - 51-100,4.5 inch - 51-100,3.21,3.21,+0%
firefighter-patches,Embroidery,UPDATE,5.0 inch - 51-100,5.0 inch - 51-100,3.58,3.58,+0%
firefighter-patches,Embroidery,UPDATE,6.0 inch - 51-100,6.0 inch - 51-100,4.29,4.29,+0%
firefighter-patches,Embroidery,UPDATE,7.0 inch - 51-100,7.0 inch - 51-100,5.01,5.01,+0%
firefighter-patches,Embroidery,UPDATE,8.0 inch - 51-100,8.0 inch - 51-100,5.72,5.72,+0%
firefighter-patches,Embroidery,UPDATE,9.0 inch - 51-100,9.0 inch - 51-100,6.43,6.43,+0%
firefighter-patches,Embroidery,UPDATE,10.0 inch - 51-100,10.0 inch - 51-100,7.15,7.15,+0%
firefighter-patches,Embroidery,UPDATE,11.0 inch - 51-100,11.0 inch - 51-100,7.87,7.87,+0%
firefighter-patches,Embroidery,UPDATE,12.0 inch - 51-100,12.0 inch - 51-100,8.59,8.59,+0%
firefighter-patches,Embroidery,UPDATE,13.0 inch - 51-100,13.0 inch - 51-100,10.20,10.20,+0%
firefighter-patches,Embroidery,UPDATE,14.0 inch - 51-100,14.0 inch - 51-100,11.40,11.40,+0%
firefighter-patches,Embroidery,UPDATE,15.0 inch - 51-100,15.0 inch - 51-100,12.80,12.80,+0%
firefighter-patches,Embroidery,UPDATE,16.0 inch - 51-100,16.0 inch - 51-100,13.90,13.90,+0%
firefighter-patches,Embroidery,UPDATE,1.0 inch - 101-199,1.0 inch - 101-200,0.70,2.20,+214%
firefighter-patches,Embroidery,UPDATE,1.5 inch - 101-199,1.5 inch - 101-200,0.79,2.20,+178%
firefighter-patches,Embroidery,UPDATE,2.0 inch - 101-199,2.0 inch - 101-200,1.06,2.20,+108%
firefighter-patches,Embroidery,UPDATE,2.5 inch - 101-199,2.5 inch - 101-200,1.33,2.05,+54%
firefighter-patches,Embroidery,UPDATE,3.0 inch - 101-199,3.0 inch - 101-200,1.59,1.98,+25%
firefighter-patches,Embroidery,UPDATE,3.5 inch - 101-199,3.5 inch - 101-200,1.86,2.20,+18%
firefighter-patches,Embroidery,UPDATE,4.0 inch - 101-199,4.0 inch - 101-200,2.11,2.50,+18%
firefighter-patches,Embroidery,UPDATE,4.5 inch - 101-199,4.5 inch - 101-200,2.38,3.00,+26%
firefighter-patches,Embroidery,UPDATE,5.0 inch - 101-199,5.0 inch - 101-200,2.64,3.30,+25%
firefighter-patches,Embroidery,UPDATE,6.0 inch - 101-199,6.0 inch - 101-200,3.18,4.05,+27%
firefighter-patches,Embroidery,UPDATE,7.0 inch - 101-199,7.0 inch - 101-200,3.71,4.80,+29%
firefighter-patches,Embroidery,UPDATE,8.0 inch - 101-199,8.0 inch - 101-200,4.23,5.40,+28%
firefighter-patches,Embroidery,UPDATE,9.0 inch - 101-199,9.0 inch - 101-200,4.76,6.10,+28%
firefighter-patches,Embroidery,UPDATE,10.0 inch - 101-199,10.0 inch - 101-200,5.30,6.90,+30%
firefighter-patches,Embroidery,UPDATE,11.0 inch - 101-199,11.0 inch - 101-200,5.82,7.40,+27%
firefighter-patches,Embroidery,UPDATE,12.0 inch - 101-199,12.0 inch - 101-200,6.35,8.30,+31%
firefighter-patches,Embroidery,UPDATE,13.0 inch - 101-199,13.0 inch - 101-200,7.50,9.90,+32%
firefighter-patches,Embroidery,UPDATE,14.0 inch - 101-199,14.0 inch - 101-200,8.80,11.05,+26%
firefighter-patches,Embroidery,UPDATE,15.0 inch - 101-199,15.0 inch - 101-200,9.95,12.20,+23%
firefighter-patches,Embroidery,UPDATE,16.0 inch - 101-199,16.0 inch - 101-200,10.95,13.30,+21%
firefighter-patches,Embroidery,UPDATE,1.0 inch - 200-499,1.0 inch - 201-300,0.38,1.80,+374%
firefighter-patches,Embroidery,UPDATE,1.5 inch - 200-499,1.5 inch - 201-300,0.56,1.80,+221%
firefighter-patches,Embroidery,UPDATE,2.0 inch - 200-499,2.0 inch - 201-300,0.71,1.80,+154%
firefighter-patches,Embroidery,UPDATE,2.5 inch - 200-499,2.5 inch - 201-300,0.94,1.80,+91%
firefighter-patches,Embroidery,UPDATE,3.0 inch - 200-499,3.0 inch - 201-300,1.11,1.50,+35%
firefighter-patches,Embroidery,UPDATE,3.5 inch - 200-499,3.5 inch - 201-300,1.30,1.80,+38%
firefighter-patches,Embroidery,UPDATE,4.0 inch - 200-499,4.0 inch - 201-300,1.49,2.00,+34%
firefighter-patches,Embroidery,UPDATE,4.5 inch - 200-499,4.5 inch - 201-300,1.68,2.55,+52%
firefighter-patches,Embroidery,UPDATE,5.0 inch - 200-499,5.0 inch - 201-300,1.86,3.00,+61%
firefighter-patches,Embroidery,UPDATE,6.0 inch - 200-499,6.0 inch - 201-300,2.24,3.80,+70%
firefighter-patches,Embroidery,UPDATE,7.0 inch - 200-499,7.0 inch - 201-300,2.60,4.50,+73%
firefighter-patches,Embroidery,UPDATE,8.0 inch - 200-499,8.0 inch - 201-300,2.98,5.10,+71%
firefighter-patches,Embroidery,UPDATE,9.0 inch - 200-499,9.0 inch - 201-300,3.34,5.90,+77%
firefighter-patches,Embroidery,UPDATE,10.0 inch - 200-499,10.0 inch - 201-300,3.72,6.50,+75%
firefighter-patches,Embroidery,UPDATE,11.0 inch - 200-499,11.0 inch - 201-300,4.09,7.10,+74%
firefighter-patches,Embroidery,UPDATE,12.0 inch - 200-499,12.0 inch - 201-300,4.47,8.00,+79%
firefighter-patches,Embroidery,UPDATE,13.0 inch - 200-499,13.0 inch - 201-300,5.60,9.60,+71%
firefighter-patches,Embroidery,UPDATE,14.0 inch - 200-499,14.0 inch - 201-300,6.75,10.80,+60%
firefighter-patches,Embroidery,UPDATE,15.0 inch - 200-499,15.0 inch - 201-300,7.80,12.00,+54%
firefighter-patches,Embroidery,UPDATE,16.0 inch - 200-499,16.0 inch - 201-300,8.85,13.00,+47%
firefighter-patches,Embroidery,UPDATE,1.0 inch - 500-999,1.0 inch - 301-400,0.27,1.60,+493%
firefighter-patches,Embroidery,UPDATE,1.5 inch - 500-999,1.5 inch - 301-400,0.41,1.60,+290%
firefighter-patches,Embroidery,UPDATE,2.0 inch - 500-999,2.0 inch - 301-400,0.54,1.60,+196%
firefighter-patches,Embroidery,UPDATE,2.5 inch - 500-999,2.5 inch - 301-400,0.68,1.60,+135%
firefighter-patches,Embroidery,UPDATE,3.0 inch - 500-999,3.0 inch - 301-400,0.81,1.20,+48%
firefighter-patches,Embroidery,UPDATE,3.5 inch - 500-999,3.5 inch - 301-400,0.94,1.60,+70%
firefighter-patches,Embroidery,UPDATE,4.0 inch - 500-999,4.0 inch - 301-400,1.09,1.80,+65%
firefighter-patches,Embroidery,UPDATE,4.5 inch - 500-999,4.5 inch - 301-400,1.22,2.45,+101%
firefighter-patches,Embroidery,UPDATE,5.0 inch - 500-999,5.0 inch - 301-400,1.36,2.80,+106%
firefighter-patches,Embroidery,UPDATE,6.0 inch - 500-999,6.0 inch - 301-400,1.64,3.60,+120%
firefighter-patches,Embroidery,UPDATE,7.0 inch - 500-999,7.0 inch - 301-400,1.90,4.30,+126%
firefighter-patches,Embroidery,UPDATE,8.0 inch - 500-999,8.0 inch - 301-400,2.17,4.80,+121%
firefighter-patches,Embroidery,UPDATE,9.0 inch - 500-999,9.0 inch - 301-400,2.45,5.70,+133%
firefighter-patches,Embroidery,UPDATE,10.0 inch - 500-999,10.0 inch - 301-400,2.72,6.30,+132%
firefighter-patches,Embroidery,UPDATE,11.0 inch - 500-999,11.0 inch - 301-400,2.99,6.80,+127%
firefighter-patches,Embroidery,UPDATE,12.0 inch - 500-999,12.0 inch - 301-400,3.26,7.80,+139%
firefighter-patches,Embroidery,UPDATE,13.0 inch - 500-999,13.0 inch - 301-400,4.30,9.30,+116%
firefighter-patches,Embroidery,UPDATE,14.0 inch - 500-999,14.0 inch - 301-400,5.45,10.40,+91%
firefighter-patches,Embroidery,UPDATE,15.0 inch - 500-999,15.0 inch - 301-400,6.80,11.80,+74%
firefighter-patches,Embroidery,UPDATE,16.0 inch - 500-999,16.0 inch - 301-400,7.95,12.80,+61%
firefighter-patches,Embroidery,UPDATE,1.0 inch - 1000+,1.0 inch - 401-500,0.25,1.40,+460%
firefighter-patches,Embroidery,UPDATE,1.5 inch - 1000+,1.5 inch - 401-500,0.37,1.40,+278%
firefighter-patches,Embroidery,UPDATE,2.0 inch - 1000+,2.0 inch - 401-500,0.49,1.40,+186%
firefighter-patches,Embroidery,UPDATE,2.5 inch - 1000+,2.5 inch - 401-500,0.61,1.40,+130%
firefighter-patches,Embroidery,UPDATE,3.0 inch - 1000+,3.0 inch - 401-500,0.73,1.00,+37%
firefighter-patches,Embroidery,UPDATE,3.5 inch - 1000+,3.5 inch - 401-500,0.84,1.40,+67%
firefighter-patches,Embroidery,UPDATE,4.0 inch - 1000+,4.0 inch - 401-500,0.98,1.60,+63%
firefighter-patches,Embroidery,UPDATE,4.5 inch - 1000+,4.5 inch - 401-500,1.11,2.25,+103%
firefighter-patches,Embroidery,UPDATE,5.0 inch - 1000+,5.0 inch - 401-500,1.21,2.60,+115%
firefighter-patches,Embroidery,UPDATE,6.0 inch - 1000+,6.0 inch - 401-500,1.46,3.40,+133%
firefighter-patches,Embroidery,UPDATE,7.0 inch - 1000+,7.0 inch - 401-500,1.70,4.10,+141%
firefighter-patches,Embroidery,UPDATE,8.0 inch - 1000+,8.0 inch - 401-500,1.96,4.60,+135%
firefighter-patches,Embroidery,UPDATE,9.0 inch - 1000+,9.0 inch - 401-500,2.19,5.50,+151%
firefighter-patches,Embroidery,UPDATE,10.0 inch - 1000+,10.0 inch - 401-500,2.43,6.10,+151%
firefighter-patches,Embroidery,UPDATE,11.0 inch - 1000+,11.0 inch - 401-500,2.67,6.50,+143%
firefighter-patches,Embroidery,UPDATE,12.0 inch - 1000+,12.0 inch - 401-500,2.92,7.60,+160%
firefighter-patches,Embroidery,UPDATE,13.0 inch - 1000+,13.0 inch - 401-500,3.98,9.10,+129%
firefighter-patches,Embroidery,UPDATE,14.0 inch - 1000+,14.0 inch - 401-500,5.10,10.20,+100%
firefighter-patches,Embroidery,UPDATE,15.0 inch - 1000+,15.0 inch - 401-500,6.40,11.50,+80%
firefighter-patches,Embroidery,UPDATE,16.0 inch - 1000+,16.0 inch - 401-500,7.60,12.40,+63%
firefighter-patches,Embroidery,CREATE,,1.0 inch - 501-700,,1.20,new
firefighter-patches,Embroidery,CREATE,,1.5 inch - 501-700,,1.20,new
firefighter-patches,Embroidery,CREATE,,2.0 inch - 501-700,,1.20,new
firefighter-patches,Embroidery,CREATE,,2.5 inch - 501-700,,1.20,new
firefighter-patches,Embroidery,CREATE,,3.0 inch - 501-700,,0.81,new
firefighter-patches,Embroidery,CREATE,,3.5 inch - 501-700,,1.05,new
firefighter-patches,Embroidery,CREATE,,4.0 inch - 501-700,,1.30,new
firefighter-patches,Embroidery,CREATE,,4.5 inch - 501-700,,2.00,new
firefighter-patches,Embroidery,CREATE,,5.0 inch - 501-700,,2.40,new
firefighter-patches,Embroidery,CREATE,,6.0 inch - 501-700,,3.10,new
firefighter-patches,Embroidery,CREATE,,7.0 inch - 501-700,,4.00,new
firefighter-patches,Embroidery,CREATE,,8.0 inch - 501-700,,4.30,new
firefighter-patches,Embroidery,CREATE,,9.0 inch - 501-700,,5.20,new
firefighter-patches,Embroidery,CREATE,,10.0 inch - 501-700,,5.80,new
firefighter-patches,Embroidery,CREATE,,11.0 inch - 501-700,,6.20,new
firefighter-patches,Embroidery,CREATE,,12.0 inch - 501-700,,7.30,new
firefighter-patches,Embroidery,CREATE,,13.0 inch - 501-700,,8.50,new
firefighter-patches,Embroidery,CREATE,,14.0 inch - 501-700,,9.50,new
firefighter-patches,Embroidery,CREATE,,15.0 inch - 501-700,,10.80,new
firefighter-patches,Embroidery,CREATE,,16.0 inch - 501-700,,12.00,new
firefighter-patches,Embroidery,CREATE,,1.0 inch - 701+,,0.95,new
firefighter-patches,Embroidery,CREATE,,1.5 inch - 701+,,0.95,new
firefighter-patches,Embroidery,CREATE,,2.0 inch - 701+,,0.95,new
firefighter-patches,Embroidery,CREATE,,2.5 inch - 701+,,0.95,new
firefighter-patches,Embroidery,CREATE,,3.0 inch - 701+,,0.75,new
firefighter-patches,Embroidery,CREATE,,3.5 inch - 701+,,1.00,new
firefighter-patches,Embroidery,CREATE,,4.0 inch - 701+,,1.10,new
firefighter-patches,Embroidery,CREATE,,4.5 inch - 701+,,1.80,new
firefighter-patches,Embroidery,CREATE,,5.0 inch - 701+,,2.20,new
firefighter-patches,Embroidery,CREATE,,6.0 inch - 701+,,2.80,new
firefighter-patches,Embroidery,CREATE,,7.0 inch - 701+,,3.80,new
firefighter-patches,Embroidery,CREATE,,8.0 inch - 701+,,4.00,new
firefighter-patches,Embroidery,CREATE,,9.0 inch - 701+,,5.00,new
firefighter-patches,Embroidery,CREATE,,10.0 inch - 701+,,5.50,new
firefighter-patches,Embroidery,CREATE,,11.0 inch - 701+,,6.00,new
firefighter-patches,Embroidery,CREATE,,12.0 inch - 701+,,7.00,new
firefighter-patches,Embroidery,CREATE,,13.0 inch - 701+,,8.20,new
firefighter-patches,Embroidery,CREATE,,14.0 inch - 701+,,9.00,new
firefighter-patches,Embroidery,CREATE,,15.0 inch - 701+,,10.00,new
firefighter-patches,Embroidery,CREATE,,16.0 inch - 701+,,12.00,new
military-patches,Embroidery,UPDATE,1.0 inch - 10,1.0 inch - 10-15,6.99,6.99,+0%
military-patches,Embroidery,UPDATE,1.5 inch - 10,1.5 inch - 10-15,6.99,6.99,+0%
military-patches,Embroidery,UPDATE,2.0 inch - 10,2.0 inch - 10-15,6.99,6.99,+0%
military-patches,Embroidery,UPDATE,2.5 inch - 10,2.5 inch - 10-15,6.99,6.99,+0%
military-patches,Embroidery,UPDATE,3.0 inch - 10,3.0 inch - 10-15,7.99,7.99,+0%
military-patches,Embroidery,UPDATE,3.5 inch - 10,3.5 inch - 10-15,7.99,7.99,+0%
military-patches,Embroidery,UPDATE,4.0 inch - 10,4.0 inch - 10-15,7.99,7.99,+0%
military-patches,Embroidery,UPDATE,4.5 inch - 10,4.5 inch - 10-15,8.99,8.99,+0%
military-patches,Embroidery,UPDATE,5.0 inch - 10,5.0 inch - 10-15,10.00,10.00,+0%
military-patches,Embroidery,UPDATE,6.0 inch - 10,6.0 inch - 10-15,11.00,11.00,+0%
military-patches,Embroidery,UPDATE,7.0 inch - 10,7.0 inch - 10-15,12.00,12.00,+0%
military-patches,Embroidery,UPDATE,8.0 inch - 10,8.0 inch - 10-15,14.00,14.00,+0%
military-patches,Embroidery,UPDATE,9.0 inch - 10,9.0 inch - 10-15,16.00,16.00,+0%
military-patches,Embroidery,UPDATE,10.0 inch - 10,10.0 inch - 10-15,18.00,18.00,+0%
military-patches,Embroidery,UPDATE,11.0 inch - 10,11.0 inch - 10-15,20.00,20.00,+0%
military-patches,Embroidery,UPDATE,12.0 inch - 10,12.0 inch - 10-15,22.00,22.00,+0%
military-patches,Embroidery,UPDATE,13.0 inch - 10,13.0 inch - 10-15,23.00,23.00,+0%
military-patches,Embroidery,UPDATE,14.0 inch - 10,14.0 inch - 10-15,24.20,24.20,+0%
military-patches,Embroidery,UPDATE,15.0 inch - 10,15.0 inch - 10-15,25.40,25.40,+0%
military-patches,Embroidery,UPDATE,16.0 inch - 10,16.0 inch - 10-15,26.60,26.60,+0%
military-patches,Embroidery,UPDATE,1.0 inch - 11-25,1.0 inch - 16-25,6.36,3.75,-41%
military-patches,Embroidery,UPDATE,1.5 inch - 11-25,1.5 inch - 16-25,6.36,3.80,-40%
military-patches,Embroidery,UPDATE,2.0 inch - 11-25,2.0 inch - 16-25,6.36,3.95,-38%
military-patches,Embroidery,UPDATE,2.5 inch - 11-25,2.5 inch - 16-25,6.36,4.50,-29%
military-patches,Embroidery,UPDATE,3.0 inch - 11-25,3.0 inch - 16-25,6.36,5.00,-21%
military-patches,Embroidery,UPDATE,3.5 inch - 11-25,3.5 inch - 16-25,6.36,5.20,-18%
military-patches,Embroidery,UPDATE,4.0 inch - 11-25,4.0 inch - 16-25,6.36,5.80,-9%
military-patches,Embroidery,UPDATE,4.5 inch - 11-25,4.5 inch - 16-25,6.36,6.00,-6%
military-patches,Embroidery,UPDATE,5.0 inch - 11-25,5.0 inch - 16-25,7.20,7.20,+0%
military-patches,Embroidery,UPDATE,6.0 inch - 11-25,6.0 inch - 16-25,7.30,7.30,+0%
military-patches,Embroidery,UPDATE,7.0 inch - 11-25,7.0 inch - 16-25,9.00,9.00,+0%
military-patches,Embroidery,UPDATE,8.0 inch - 11-25,8.0 inch - 16-25,11.00,11.00,+0%
military-patches,Embroidery,UPDATE,9.0 inch - 11-25,9.0 inch - 16-25,13.00,13.00,+0%
military-patches,Embroidery,UPDATE,10.0 inch - 11-25,10.0 inch - 16-25,16.00,16.00,+0%
military-patches,Embroidery,UPDATE,11.0 inch - 11-25,11.0 inch - 16-25,18.00,18.00,+0%
military-patches,Embroidery,UPDATE,12.0 inch - 11-25,12.0 inch - 16-25,20.00,20.00,+0%
military-patches,Embroidery,UPDATE,13.0 inch - 11-25,13.0 inch - 16-25,21.00,21.00,+0%
military-patches,Embroidery,UPDATE,14.0 inch - 11-25,14.0 inch - 16-25,22.50,22.50,+0%
military-patches,Embroidery,UPDATE,15.0 inch - 11-25,15.0 inch - 16-25,23.70,23.70,+0%
military-patches,Embroidery,UPDATE,16.0 inch - 11-25,16.0 inch - 16-25,24.80,24.80,+0%
military-patches,Embroidery,UPDATE,1.0 inch - 26-50,1.0 inch - 26-50,3.75,3.75,+0%
military-patches,Embroidery,UPDATE,1.5 inch - 26-50,1.5 inch - 26-50,3.75,3.75,+0%
military-patches,Embroidery,UPDATE,2.0 inch - 26-50,2.0 inch - 26-50,3.75,3.75,+0%
military-patches,Embroidery,UPDATE,2.5 inch - 26-50,2.5 inch - 26-50,3.75,3.75,+0%
military-patches,Embroidery,UPDATE,3.0 inch - 26-50,3.0 inch - 26-50,3.75,3.75,+0%
military-patches,Embroidery,UPDATE,3.5 inch - 26-50,3.5 inch - 26-50,3.80,3.80,+0%
military-patches,Embroidery,UPDATE,4.0 inch - 26-50,4.0 inch - 26-50,3.80,3.80,+0%
military-patches,Embroidery,UPDATE,4.5 inch - 26-50,4.5 inch - 26-50,4.00,4.00,+0%
military-patches,Embroidery,UPDATE,5.0 inch - 26-50,5.0 inch - 26-50,4.50,4.50,+0%
military-patches,Embroidery,UPDATE,6.0 inch - 26-50,6.0 inch - 26-50,6.00,6.00,+0%
military-patches,Embroidery,UPDATE,7.0 inch - 26-50,7.0 inch - 26-50,8.00,8.00,+0%
military-patches,Embroidery,UPDATE,8.0 inch - 26-50,8.0 inch - 26-50,10.00,10.00,+0%
military-patches,Embroidery,UPDATE,9.0 inch - 26-50,9.0 inch - 26-50,12.00,12.00,+0%
military-patches,Embroidery,UPDATE,10.0 inch - 26-50,10.0 inch - 26-50,15.00,15.00,+0%
military-patches,Embroidery,UPDATE,11.0 inch - 26-50,11.0 inch - 26-50,16.00,16.00,+0%
military-patches,Embroidery,UPDATE,12.0 inch - 26-50,12.0 inch - 26-50,18.00,18.00,+0%
military-patches,Embroidery,UPDATE,13.0 inch - 26-50,13.0 inch - 26-50,19.00,19.00,+0%
military-patches,Embroidery,UPDATE,14.0 inch - 26-50,14.0 inch - 26-50,20.20,20.20,+0%
military-patches,Embroidery,UPDATE,15.0 inch - 26-50,15.0 inch - 26-50,21.40,21.40,+0%
military-patches,Embroidery,UPDATE,16.0 inch - 26-50,16.0 inch - 26-50,22.70,22.70,+0%
military-patches,Embroidery,UPDATE,1.0 inch - 51-100,1.0 inch - 51-100,2.40,2.40,+0%
military-patches,Embroidery,UPDATE,1.5 inch - 51-100,1.5 inch - 51-100,2.40,2.40,+0%
military-patches,Embroidery,UPDATE,2.0 inch - 51-100,2.0 inch - 51-100,2.40,2.40,+0%
military-patches,Embroidery,UPDATE,2.5 inch - 51-100,2.5 inch - 51-100,2.40,2.20,-8%
military-patches,Embroidery,UPDATE,3.0 inch - 51-100,3.0 inch - 51-100,2.40,2.14,-11%
military-patches,Embroidery,UPDATE,3.5 inch - 51-100,3.5 inch - 51-100,2.50,2.50,+0%
military-patches,Embroidery,UPDATE,4.0 inch - 51-100,4.0 inch - 51-100,2.86,2.86,+0%
military-patches,Embroidery,UPDATE,4.5 inch - 51-100,4.5 inch - 51-100,3.21,3.21,+0%
military-patches,Embroidery,UPDATE,5.0 inch - 51-100,5.0 inch - 51-100,3.58,3.58,+0%
military-patches,Embroidery,UPDATE,6.0 inch - 51-100,6.0 inch - 51-100,4.29,4.29,+0%
military-patches,Embroidery,UPDATE,7.0 inch - 51-100,7.0 inch - 51-100,5.01,5.01,+0%
military-patches,Embroidery,UPDATE,8.0 inch - 51-100,8.0 inch - 51-100,5.72,5.72,+0%
military-patches,Embroidery,UPDATE,9.0 inch - 51-100,9.0 inch - 51-100,6.43,6.43,+0%
military-patches,Embroidery,UPDATE,10.0 inch - 51-100,10.0 inch - 51-100,7.15,7.15,+0%
military-patches,Embroidery,UPDATE,11.0 inch - 51-100,11.0 inch - 51-100,7.87,7.87,+0%
military-patches,Embroidery,UPDATE,12.0 inch - 51-100,12.0 inch - 51-100,8.59,8.59,+0%
military-patches,Embroidery,UPDATE,13.0 inch - 51-100,13.0 inch - 51-100,10.20,10.20,+0%
military-patches,Embroidery,UPDATE,14.0 inch - 51-100,14.0 inch - 51-100,11.40,11.40,+0%
military-patches,Embroidery,UPDATE,15.0 inch - 51-100,15.0 inch - 51-100,12.80,12.80,+0%
military-patches,Embroidery,UPDATE,16.0 inch - 51-100,16.0 inch - 51-100,13.90,13.90,+0%
military-patches,Embroidery,UPDATE,1.0 inch - 101-199,1.0 inch - 101-200,0.70,2.20,+214%
military-patches,Embroidery,UPDATE,1.5 inch - 101-199,1.5 inch - 101-200,0.79,2.20,+178%
military-patches,Embroidery,UPDATE,2.0 inch - 101-199,2.0 inch - 101-200,1.06,2.20,+108%
military-patches,Embroidery,UPDATE,2.5 inch - 101-199,2.5 inch - 101-200,1.33,2.05,+54%
military-patches,Embroidery,UPDATE,3.0 inch - 101-199,3.0 inch - 101-200,1.59,1.98,+25%
military-patches,Embroidery,UPDATE,3.5 inch - 101-199,3.5 inch - 101-200,1.86,2.20,+18%
military-patches,Embroidery,UPDATE,4.0 inch - 101-199,4.0 inch - 101-200,2.11,2.50,+18%
military-patches,Embroidery,UPDATE,4.5 inch - 101-199,4.5 inch - 101-200,2.38,3.00,+26%
military-patches,Embroidery,UPDATE,5.0 inch - 101-199,5.0 inch - 101-200,2.64,3.30,+25%
military-patches,Embroidery,UPDATE,6.0 inch - 101-199,6.0 inch - 101-200,3.18,4.05,+27%
military-patches,Embroidery,UPDATE,7.0 inch - 101-199,7.0 inch - 101-200,3.71,4.80,+29%
military-patches,Embroidery,UPDATE,8.0 inch - 101-199,8.0 inch - 101-200,4.23,5.40,+28%
military-patches,Embroidery,UPDATE,9.0 inch - 101-199,9.0 inch - 101-200,4.76,6.10,+28%
military-patches,Embroidery,UPDATE,10.0 inch - 101-199,10.0 inch - 101-200,5.30,6.90,+30%
military-patches,Embroidery,UPDATE,11.0 inch - 101-199,11.0 inch - 101-200,5.82,7.40,+27%
military-patches,Embroidery,UPDATE,12.0 inch - 101-199,12.0 inch - 101-200,6.35,8.30,+31%
military-patches,Embroidery,UPDATE,13.0 inch - 101-199,13.0 inch - 101-200,7.50,9.90,+32%
military-patches,Embroidery,UPDATE,14.0 inch - 101-199,14.0 inch - 101-200,8.80,11.05,+26%
military-patches,Embroidery,UPDATE,15.0 inch - 101-199,15.0 inch - 101-200,9.95,12.20,+23%
military-patches,Embroidery,UPDATE,16.0 inch - 101-199,16.0 inch - 101-200,10.95,13.30,+21%
military-patches,Embroidery,UPDATE,1.0 inch - 200-499,1.0 inch - 201-300,0.38,1.80,+374%
military-patches,Embroidery,UPDATE,1.5 inch - 200-499,1.5 inch - 201-300,0.56,1.80,+221%
military-patches,Embroidery,UPDATE,2.0 inch - 200-499,2.0 inch - 201-300,0.71,1.80,+154%
military-patches,Embroidery,UPDATE,2.5 inch - 200-499,2.5 inch - 201-300,0.94,1.80,+91%
military-patches,Embroidery,UPDATE,3.0 inch - 200-499,3.0 inch - 201-300,1.11,1.50,+35%
military-patches,Embroidery,UPDATE,3.5 inch - 200-499,3.5 inch - 201-300,1.30,1.80,+38%
military-patches,Embroidery,UPDATE,4.0 inch - 200-499,4.0 inch - 201-300,1.49,2.00,+34%
military-patches,Embroidery,UPDATE,4.5 inch - 200-499,4.5 inch - 201-300,1.68,2.55,+52%
military-patches,Embroidery,UPDATE,5.0 inch - 200-499,5.0 inch - 201-300,1.86,3.00,+61%
military-patches,Embroidery,UPDATE,6.0 inch - 200-499,6.0 inch - 201-300,2.24,3.80,+70%
military-patches,Embroidery,UPDATE,7.0 inch - 200-499,7.0 inch - 201-300,2.60,4.50,+73%
military-patches,Embroidery,UPDATE,8.0 inch - 200-499,8.0 inch - 201-300,2.98,5.10,+71%
military-patches,Embroidery,UPDATE,9.0 inch - 200-499,9.0 inch - 201-300,3.34,5.90,+77%
military-patches,Embroidery,UPDATE,10.0 inch - 200-499,10.0 inch - 201-300,3.72,6.50,+75%
military-patches,Embroidery,UPDATE,11.0 inch - 200-499,11.0 inch - 201-300,4.09,7.10,+74%
military-patches,Embroidery,UPDATE,12.0 inch - 200-499,12.0 inch - 201-300,4.47,8.00,+79%
military-patches,Embroidery,UPDATE,13.0 inch - 200-499,13.0 inch - 201-300,5.60,9.60,+71%
military-patches,Embroidery,UPDATE,14.0 inch - 200-499,14.0 inch - 201-300,6.75,10.80,+60%
military-patches,Embroidery,UPDATE,15.0 inch - 200-499,15.0 inch - 201-300,7.80,12.00,+54%
military-patches,Embroidery,UPDATE,16.0 inch - 200-499,16.0 inch - 201-300,8.85,13.00,+47%
military-patches,Embroidery,UPDATE,1.0 inch - 500-999,1.0 inch - 301-400,0.27,1.60,+493%
military-patches,Embroidery,UPDATE,1.5 inch - 500-999,1.5 inch - 301-400,0.41,1.60,+290%
military-patches,Embroidery,UPDATE,2.0 inch - 500-999,2.0 inch - 301-400,0.54,1.60,+196%
military-patches,Embroidery,UPDATE,2.5 inch - 500-999,2.5 inch - 301-400,0.68,1.60,+135%
military-patches,Embroidery,UPDATE,3.0 inch - 500-999,3.0 inch - 301-400,0.81,1.20,+48%
military-patches,Embroidery,UPDATE,3.5 inch - 500-999,3.5 inch - 301-400,0.94,1.60,+70%
military-patches,Embroidery,UPDATE,4.0 inch - 500-999,4.0 inch - 301-400,1.09,1.80,+65%
military-patches,Embroidery,UPDATE,4.5 inch - 500-999,4.5 inch - 301-400,1.22,2.45,+101%
military-patches,Embroidery,UPDATE,5.0 inch - 500-999,5.0 inch - 301-400,1.36,2.80,+106%
military-patches,Embroidery,UPDATE,6.0 inch - 500-999,6.0 inch - 301-400,1.64,3.60,+120%
military-patches,Embroidery,UPDATE,7.0 inch - 500-999,7.0 inch - 301-400,1.90,4.30,+126%
military-patches,Embroidery,UPDATE,8.0 inch - 500-999,8.0 inch - 301-400,2.17,4.80,+121%
military-patches,Embroidery,UPDATE,9.0 inch - 500-999,9.0 inch - 301-400,2.45,5.70,+133%
military-patches,Embroidery,UPDATE,10.0 inch - 500-999,10.0 inch - 301-400,2.72,6.30,+132%
military-patches,Embroidery,UPDATE,11.0 inch - 500-999,11.0 inch - 301-400,2.99,6.80,+127%
military-patches,Embroidery,UPDATE,12.0 inch - 500-999,12.0 inch - 301-400,3.26,7.80,+139%
military-patches,Embroidery,UPDATE,13.0 inch - 500-999,13.0 inch - 301-400,4.30,9.30,+116%
military-patches,Embroidery,UPDATE,14.0 inch - 500-999,14.0 inch - 301-400,5.45,10.40,+91%
military-patches,Embroidery,UPDATE,15.0 inch - 500-999,15.0 inch - 301-400,6.80,11.80,+74%
military-patches,Embroidery,UPDATE,16.0 inch - 500-999,16.0 inch - 301-400,7.95,12.80,+61%
military-patches,Embroidery,UPDATE,1.0 inch - 1000+,1.0 inch - 401-500,0.25,1.40,+460%
military-patches,Embroidery,UPDATE,1.5 inch - 1000+,1.5 inch - 401-500,0.37,1.40,+278%
military-patches,Embroidery,UPDATE,2.0 inch - 1000+,2.0 inch - 401-500,0.49,1.40,+186%
military-patches,Embroidery,UPDATE,2.5 inch - 1000+,2.5 inch - 401-500,0.61,1.40,+130%
military-patches,Embroidery,UPDATE,3.0 inch - 1000+,3.0 inch - 401-500,0.73,1.00,+37%
military-patches,Embroidery,UPDATE,3.5 inch - 1000+,3.5 inch - 401-500,0.84,1.40,+67%
military-patches,Embroidery,UPDATE,4.0 inch - 1000+,4.0 inch - 401-500,0.98,1.60,+63%
military-patches,Embroidery,UPDATE,4.5 inch - 1000+,4.5 inch - 401-500,1.11,2.25,+103%
military-patches,Embroidery,UPDATE,5.0 inch - 1000+,5.0 inch - 401-500,1.21,2.60,+115%
military-patches,Embroidery,UPDATE,6.0 inch - 1000+,6.0 inch - 401-500,1.46,3.40,+133%
military-patches,Embroidery,UPDATE,7.0 inch - 1000+,7.0 inch - 401-500,1.70,4.10,+141%
military-patches,Embroidery,UPDATE,8.0 inch - 1000+,8.0 inch - 401-500,1.96,4.60,+135%
military-patches,Embroidery,UPDATE,9.0 inch - 1000+,9.0 inch - 401-500,2.19,5.50,+151%
military-patches,Embroidery,UPDATE,10.0 inch - 1000+,10.0 inch - 401-500,2.43,6.10,+151%
military-patches,Embroidery,UPDATE,11.0 inch - 1000+,11.0 inch - 401-500,2.67,6.50,+143%
military-patches,Embroidery,UPDATE,12.0 inch - 1000+,12.0 inch - 401-500,2.92,7.60,+160%
military-patches,Embroidery,UPDATE,13.0 inch - 1000+,13.0 inch - 401-500,3.98,9.10,+129%
military-patches,Embroidery,UPDATE,14.0 inch - 1000+,14.0 inch - 401-500,5.10,10.20,+100%
military-patches,Embroidery,UPDATE,15.0 inch - 1000+,15.0 inch - 401-500,6.40,11.50,+80%
military-patches,Embroidery,UPDATE,16.0 inch - 1000+,16.0 inch - 401-500,7.60,12.40,+63%
military-patches,Embroidery,CREATE,,1.0 inch - 501-700,,1.20,new
military-patches,Embroidery,CREATE,,1.5 inch - 501-700,,1.20,new
military-patches,Embroidery,CREATE,,2.0 inch - 501-700,,1.20,new
military-patches,Embroidery,CREATE,,2.5 inch - 501-700,,1.20,new
military-patches,Embroidery,CREATE,,3.0 inch - 501-700,,0.81,new
military-patches,Embroidery,CREATE,,3.5 inch - 501-700,,1.05,new
military-patches,Embroidery,CREATE,,4.0 inch - 501-700,,1.30,new
military-patches,Embroidery,CREATE,,4.5 inch - 501-700,,2.00,new
military-patches,Embroidery,CREATE,,5.0 inch - 501-700,,2.40,new
military-patches,Embroidery,CREATE,,6.0 inch - 501-700,,3.10,new
military-patches,Embroidery,CREATE,,7.0 inch - 501-700,,4.00,new
military-patches,Embroidery,CREATE,,8.0 inch - 501-700,,4.30,new
military-patches,Embroidery,CREATE,,9.0 inch - 501-700,,5.20,new
military-patches,Embroidery,CREATE,,10.0 inch - 501-700,,5.80,new
military-patches,Embroidery,CREATE,,11.0 inch - 501-700,,6.20,new
military-patches,Embroidery,CREATE,,12.0 inch - 501-700,,7.30,new
military-patches,Embroidery,CREATE,,13.0 inch - 501-700,,8.50,new
military-patches,Embroidery,CREATE,,14.0 inch - 501-700,,9.50,new
military-patches,Embroidery,CREATE,,15.0 inch - 501-700,,10.80,new
military-patches,Embroidery,CREATE,,16.0 inch - 501-700,,12.00,new
military-patches,Embroidery,CREATE,,1.0 inch - 701+,,0.95,new
military-patches,Embroidery,CREATE,,1.5 inch - 701+,,0.95,new
military-patches,Embroidery,CREATE,,2.0 inch - 701+,,0.95,new
military-patches,Embroidery,CREATE,,2.5 inch - 701+,,0.95,new
military-patches,Embroidery,CREATE,,3.0 inch - 701+,,0.75,new
military-patches,Embroidery,CREATE,,3.5 inch - 701+,,1.00,new
military-patches,Embroidery,CREATE,,4.0 inch - 701+,,1.10,new
military-patches,Embroidery,CREATE,,4.5 inch - 701+,,1.80,new
military-patches,Embroidery,CREATE,,5.0 inch - 701+,,2.20,new
military-patches,Embroidery,CREATE,,6.0 inch - 701+,,2.80,new
military-patches,Embroidery,CREATE,,7.0 inch - 701+,,3.80,new
military-patches,Embroidery,CREATE,,8.0 inch - 701+,,4.00,new
military-patches,Embroidery,CREATE,,9.0 inch - 701+,,5.00,new
military-patches,Embroidery,CREATE,,10.0 inch - 701+,,5.50,new
military-patches,Embroidery,CREATE,,11.0 inch - 701+,,6.00,new
military-patches,Embroidery,CREATE,,12.0 inch - 701+,,7.00,new
military-patches,Embroidery,CREATE,,13.0 inch - 701+,,8.20,new
military-patches,Embroidery,CREATE,,14.0 inch - 701+,,9.00,new
military-patches,Embroidery,CREATE,,15.0 inch - 701+,,10.00,new
military-patches,Embroidery,CREATE,,16.0 inch - 701+,,12.00,new
custom-army-patches,Embroidery,UPDATE,1.0 inch - 10,1.0 inch - 10-15,6.99,6.99,+0%
custom-army-patches,Embroidery,UPDATE,1.5 inch - 10,1.5 inch - 10-15,6.99,6.99,+0%
custom-army-patches,Embroidery,UPDATE,2.0 inch - 10,2.0 inch - 10-15,6.99,6.99,+0%
custom-army-patches,Embroidery,UPDATE,2.5 inch - 10,2.5 inch - 10-15,6.99,6.99,+0%
custom-army-patches,Embroidery,UPDATE,3.0 inch - 10,3.0 inch - 10-15,7.99,7.99,+0%
custom-army-patches,Embroidery,UPDATE,3.5 inch - 10,3.5 inch - 10-15,7.99,7.99,+0%
custom-army-patches,Embroidery,UPDATE,4.0 inch - 10,4.0 inch - 10-15,7.99,7.99,+0%
custom-army-patches,Embroidery,UPDATE,4.5 inch - 10,4.5 inch - 10-15,8.99,8.99,+0%
custom-army-patches,Embroidery,UPDATE,5.0 inch - 10,5.0 inch - 10-15,10.00,10.00,+0%
custom-army-patches,Embroidery,UPDATE,6.0 inch - 10,6.0 inch - 10-15,11.00,11.00,+0%
custom-army-patches,Embroidery,UPDATE,7.0 inch - 10,7.0 inch - 10-15,12.00,12.00,+0%
custom-army-patches,Embroidery,UPDATE,8.0 inch - 10,8.0 inch - 10-15,14.00,14.00,+0%
custom-army-patches,Embroidery,UPDATE,9.0 inch - 10,9.0 inch - 10-15,16.00,16.00,+0%
custom-army-patches,Embroidery,UPDATE,10.0 inch - 10,10.0 inch - 10-15,18.00,18.00,+0%
custom-army-patches,Embroidery,UPDATE,11.0 inch - 10,11.0 inch - 10-15,20.00,20.00,+0%
custom-army-patches,Embroidery,UPDATE,12.0 inch - 10,12.0 inch - 10-15,22.00,22.00,+0%
custom-army-patches,Embroidery,UPDATE,13.0 inch - 10,13.0 inch - 10-15,23.00,23.00,+0%
custom-army-patches,Embroidery,UPDATE,14.0 inch - 10,14.0 inch - 10-15,24.20,24.20,+0%
custom-army-patches,Embroidery,UPDATE,15.0 inch - 10,15.0 inch - 10-15,25.40,25.40,+0%
custom-army-patches,Embroidery,UPDATE,16.0 inch - 10,16.0 inch - 10-15,26.60,26.60,+0%
custom-army-patches,Embroidery,UPDATE,1.0 inch - 11-25,1.0 inch - 16-25,6.36,3.75,-41%
custom-army-patches,Embroidery,UPDATE,1.5 inch - 11-25,1.5 inch - 16-25,6.36,3.80,-40%
custom-army-patches,Embroidery,UPDATE,2.0 inch - 11-25,2.0 inch - 16-25,6.36,3.95,-38%
custom-army-patches,Embroidery,UPDATE,2.5 inch - 11-25,2.5 inch - 16-25,6.36,4.50,-29%
custom-army-patches,Embroidery,UPDATE,3.0 inch - 11-25,3.0 inch - 16-25,6.36,5.00,-21%
custom-army-patches,Embroidery,UPDATE,3.5 inch - 11-25,3.5 inch - 16-25,6.36,5.20,-18%
custom-army-patches,Embroidery,UPDATE,4.0 inch - 11-25,4.0 inch - 16-25,6.36,5.80,-9%
custom-army-patches,Embroidery,UPDATE,4.5 inch - 11-25,4.5 inch - 16-25,6.36,6.00,-6%
custom-army-patches,Embroidery,UPDATE,5.0 inch - 11-25,5.0 inch - 16-25,7.20,7.20,+0%
custom-army-patches,Embroidery,UPDATE,6.0 inch - 11-25,6.0 inch - 16-25,7.30,7.30,+0%
custom-army-patches,Embroidery,UPDATE,7.0 inch - 11-25,7.0 inch - 16-25,9.00,9.00,+0%
custom-army-patches,Embroidery,UPDATE,8.0 inch - 11-25,8.0 inch - 16-25,11.00,11.00,+0%
custom-army-patches,Embroidery,UPDATE,9.0 inch - 11-25,9.0 inch - 16-25,13.00,13.00,+0%
custom-army-patches,Embroidery,UPDATE,10.0 inch - 11-25,10.0 inch - 16-25,16.00,16.00,+0%
custom-army-patches,Embroidery,UPDATE,11.0 inch - 11-25,11.0 inch - 16-25,18.00,18.00,+0%
custom-army-patches,Embroidery,UPDATE,12.0 inch - 11-25,12.0 inch - 16-25,20.00,20.00,+0%
custom-army-patches,Embroidery,UPDATE,13.0 inch - 11-25,13.0 inch - 16-25,21.00,21.00,+0%
custom-army-patches,Embroidery,UPDATE,14.0 inch - 11-25,14.0 inch - 16-25,22.50,22.50,+0%
custom-army-patches,Embroidery,UPDATE,15.0 inch - 11-25,15.0 inch - 16-25,23.70,23.70,+0%
custom-army-patches,Embroidery,UPDATE,16.0 inch - 11-25,16.0 inch - 16-25,24.80,24.80,+0%
custom-army-patches,Embroidery,UPDATE,1.0 inch - 26-50,1.0 inch - 26-50,3.75,3.75,+0%
custom-army-patches,Embroidery,UPDATE,1.5 inch - 26-50,1.5 inch - 26-50,3.75,3.75,+0%
custom-army-patches,Embroidery,UPDATE,2.0 inch - 26-50,2.0 inch - 26-50,3.75,3.75,+0%
custom-army-patches,Embroidery,UPDATE,2.5 inch - 26-50,2.5 inch - 26-50,3.75,3.75,+0%
custom-army-patches,Embroidery,UPDATE,3.0 inch - 26-50,3.0 inch - 26-50,3.75,3.75,+0%
custom-army-patches,Embroidery,UPDATE,3.5 inch - 26-50,3.5 inch - 26-50,3.80,3.80,+0%
custom-army-patches,Embroidery,UPDATE,4.0 inch - 26-50,4.0 inch - 26-50,3.80,3.80,+0%
custom-army-patches,Embroidery,UPDATE,4.5 inch - 26-50,4.5 inch - 26-50,4.00,4.00,+0%
custom-army-patches,Embroidery,UPDATE,5.0 inch - 26-50,5.0 inch - 26-50,4.50,4.50,+0%
custom-army-patches,Embroidery,UPDATE,6.0 inch - 26-50,6.0 inch - 26-50,6.00,6.00,+0%
custom-army-patches,Embroidery,UPDATE,7.0 inch - 26-50,7.0 inch - 26-50,8.00,8.00,+0%
custom-army-patches,Embroidery,UPDATE,8.0 inch - 26-50,8.0 inch - 26-50,10.00,10.00,+0%
custom-army-patches,Embroidery,UPDATE,9.0 inch - 26-50,9.0 inch - 26-50,12.00,12.00,+0%
custom-army-patches,Embroidery,UPDATE,10.0 inch - 26-50,10.0 inch - 26-50,15.00,15.00,+0%
custom-army-patches,Embroidery,UPDATE,11.0 inch - 26-50,11.0 inch - 26-50,16.00,16.00,+0%
custom-army-patches,Embroidery,UPDATE,12.0 inch - 26-50,12.0 inch - 26-50,18.00,18.00,+0%
custom-army-patches,Embroidery,UPDATE,13.0 inch - 26-50,13.0 inch - 26-50,19.00,19.00,+0%
custom-army-patches,Embroidery,UPDATE,14.0 inch - 26-50,14.0 inch - 26-50,20.20,20.20,+0%
custom-army-patches,Embroidery,UPDATE,15.0 inch - 26-50,15.0 inch - 26-50,21.40,21.40,+0%
custom-army-patches,Embroidery,UPDATE,16.0 inch - 26-50,16.0 inch - 26-50,22.70,22.70,+0%
custom-army-patches,Embroidery,UPDATE,1.0 inch - 51-100,1.0 inch - 51-100,2.40,2.40,+0%
custom-army-patches,Embroidery,UPDATE,1.5 inch - 51-100,1.5 inch - 51-100,2.40,2.40,+0%
custom-army-patches,Embroidery,UPDATE,2.0 inch - 51-100,2.0 inch - 51-100,2.40,2.40,+0%
custom-army-patches,Embroidery,UPDATE,2.5 inch - 51-100,2.5 inch - 51-100,2.40,2.20,-8%
custom-army-patches,Embroidery,UPDATE,3.0 inch - 51-100,3.0 inch - 51-100,2.40,2.14,-11%
custom-army-patches,Embroidery,UPDATE,3.5 inch - 51-100,3.5 inch - 51-100,2.50,2.50,+0%
custom-army-patches,Embroidery,UPDATE,4.0 inch - 51-100,4.0 inch - 51-100,2.86,2.86,+0%
custom-army-patches,Embroidery,UPDATE,4.5 inch - 51-100,4.5 inch - 51-100,3.21,3.21,+0%
custom-army-patches,Embroidery,UPDATE,5.0 inch - 51-100,5.0 inch - 51-100,3.58,3.58,+0%
custom-army-patches,Embroidery,UPDATE,6.0 inch - 51-100,6.0 inch - 51-100,4.29,4.29,+0%
custom-army-patches,Embroidery,UPDATE,7.0 inch - 51-100,7.0 inch - 51-100,5.01,5.01,+0%
custom-army-patches,Embroidery,UPDATE,8.0 inch - 51-100,8.0 inch - 51-100,5.72,5.72,+0%
custom-army-patches,Embroidery,UPDATE,9.0 inch - 51-100,9.0 inch - 51-100,6.43,6.43,+0%
custom-army-patches,Embroidery,UPDATE,10.0 inch - 51-100,10.0 inch - 51-100,7.15,7.15,+0%
custom-army-patches,Embroidery,UPDATE,11.0 inch - 51-100,11.0 inch - 51-100,7.87,7.87,+0%
custom-army-patches,Embroidery,UPDATE,12.0 inch - 51-100,12.0 inch - 51-100,8.59,8.59,+0%
custom-army-patches,Embroidery,UPDATE,13.0 inch - 51-100,13.0 inch - 51-100,10.20,10.20,+0%
custom-army-patches,Embroidery,UPDATE,14.0 inch - 51-100,14.0 inch - 51-100,11.40,11.40,+0%
custom-army-patches,Embroidery,UPDATE,15.0 inch - 51-100,15.0 inch - 51-100,12.80,12.80,+0%
custom-army-patches,Embroidery,UPDATE,16.0 inch - 51-100,16.0 inch - 51-100,13.90,13.90,+0%
custom-army-patches,Embroidery,UPDATE,1.0 inch - 101-199,1.0 inch - 101-200,0.70,2.20,+214%
custom-army-patches,Embroidery,UPDATE,1.5 inch - 101-199,1.5 inch - 101-200,0.79,2.20,+178%
custom-army-patches,Embroidery,UPDATE,2.0 inch - 101-199,2.0 inch - 101-200,1.06,2.20,+108%
custom-army-patches,Embroidery,UPDATE,2.5 inch - 101-199,2.5 inch - 101-200,1.33,2.05,+54%
custom-army-patches,Embroidery,UPDATE,3.0 inch - 101-199,3.0 inch - 101-200,1.59,1.98,+25%
custom-army-patches,Embroidery,UPDATE,3.5 inch - 101-199,3.5 inch - 101-200,1.86,2.20,+18%
custom-army-patches,Embroidery,UPDATE,4.0 inch - 101-199,4.0 inch - 101-200,2.11,2.50,+18%
custom-army-patches,Embroidery,UPDATE,4.5 inch - 101-199,4.5 inch - 101-200,2.38,3.00,+26%
custom-army-patches,Embroidery,UPDATE,5.0 inch - 101-199,5.0 inch - 101-200,2.64,3.30,+25%
custom-army-patches,Embroidery,UPDATE,6.0 inch - 101-199,6.0 inch - 101-200,3.18,4.05,+27%
custom-army-patches,Embroidery,UPDATE,7.0 inch - 101-199,7.0 inch - 101-200,3.71,4.80,+29%
custom-army-patches,Embroidery,UPDATE,8.0 inch - 101-199,8.0 inch - 101-200,4.23,5.40,+28%
custom-army-patches,Embroidery,UPDATE,9.0 inch - 101-199,9.0 inch - 101-200,4.76,6.10,+28%
custom-army-patches,Embroidery,UPDATE,10.0 inch - 101-199,10.0 inch - 101-200,5.30,6.90,+30%
custom-army-patches,Embroidery,UPDATE,11.0 inch - 101-199,11.0 inch - 101-200,5.82,7.40,+27%
custom-army-patches,Embroidery,UPDATE,12.0 inch - 101-199,12.0 inch - 101-200,6.35,8.30,+31%
custom-army-patches,Embroidery,UPDATE,13.0 inch - 101-199,13.0 inch - 101-200,7.50,9.90,+32%
custom-army-patches,Embroidery,UPDATE,14.0 inch - 101-199,14.0 inch - 101-200,8.80,11.05,+26%
custom-army-patches,Embroidery,UPDATE,15.0 inch - 101-199,15.0 inch - 101-200,9.95,12.20,+23%
custom-army-patches,Embroidery,UPDATE,16.0 inch - 101-199,16.0 inch - 101-200,10.95,13.30,+21%
custom-army-patches,Embroidery,UPDATE,1.0 inch - 200-499,1.0 inch - 201-300,0.38,1.80,+374%
custom-army-patches,Embroidery,UPDATE,1.5 inch - 200-499,1.5 inch - 201-300,0.56,1.80,+221%
custom-army-patches,Embroidery,UPDATE,2.0 inch - 200-499,2.0 inch - 201-300,0.71,1.80,+154%
custom-army-patches,Embroidery,UPDATE,2.5 inch - 200-499,2.5 inch - 201-300,0.94,1.80,+91%
custom-army-patches,Embroidery,UPDATE,3.0 inch - 200-499,3.0 inch - 201-300,1.11,1.50,+35%
custom-army-patches,Embroidery,UPDATE,3.5 inch - 200-499,3.5 inch - 201-300,1.30,1.80,+38%
custom-army-patches,Embroidery,UPDATE,4.0 inch - 200-499,4.0 inch - 201-300,1.49,2.00,+34%
custom-army-patches,Embroidery,UPDATE,4.5 inch - 200-499,4.5 inch - 201-300,1.68,2.55,+52%
custom-army-patches,Embroidery,UPDATE,5.0 inch - 200-499,5.0 inch - 201-300,1.86,3.00,+61%
custom-army-patches,Embroidery,UPDATE,6.0 inch - 200-499,6.0 inch - 201-300,2.24,3.80,+70%
custom-army-patches,Embroidery,UPDATE,7.0 inch - 200-499,7.0 inch - 201-300,2.60,4.50,+73%
custom-army-patches,Embroidery,UPDATE,8.0 inch - 200-499,8.0 inch - 201-300,2.98,5.10,+71%
custom-army-patches,Embroidery,UPDATE,9.0 inch - 200-499,9.0 inch - 201-300,3.34,5.90,+77%
custom-army-patches,Embroidery,UPDATE,10.0 inch - 200-499,10.0 inch - 201-300,3.72,6.50,+75%
custom-army-patches,Embroidery,UPDATE,11.0 inch - 200-499,11.0 inch - 201-300,4.09,7.10,+74%
custom-army-patches,Embroidery,UPDATE,12.0 inch - 200-499,12.0 inch - 201-300,4.47,8.00,+79%
custom-army-patches,Embroidery,UPDATE,13.0 inch - 200-499,13.0 inch - 201-300,5.60,9.60,+71%
custom-army-patches,Embroidery,UPDATE,14.0 inch - 200-499,14.0 inch - 201-300,6.75,10.80,+60%
custom-army-patches,Embroidery,UPDATE,15.0 inch - 200-499,15.0 inch - 201-300,7.80,12.00,+54%
custom-army-patches,Embroidery,UPDATE,16.0 inch - 200-499,16.0 inch - 201-300,8.85,13.00,+47%
custom-army-patches,Embroidery,UPDATE,1.0 inch - 500-999,1.0 inch - 301-400,0.27,1.60,+493%
custom-army-patches,Embroidery,UPDATE,1.5 inch - 500-999,1.5 inch - 301-400,0.41,1.60,+290%
custom-army-patches,Embroidery,UPDATE,2.0 inch - 500-999,2.0 inch - 301-400,0.54,1.60,+196%
custom-army-patches,Embroidery,UPDATE,2.5 inch - 500-999,2.5 inch - 301-400,0.68,1.60,+135%
custom-army-patches,Embroidery,UPDATE,3.0 inch - 500-999,3.0 inch - 301-400,0.81,1.20,+48%
custom-army-patches,Embroidery,UPDATE,3.5 inch - 500-999,3.5 inch - 301-400,0.94,1.60,+70%
custom-army-patches,Embroidery,UPDATE,4.0 inch - 500-999,4.0 inch - 301-400,1.09,1.80,+65%
custom-army-patches,Embroidery,UPDATE,4.5 inch - 500-999,4.5 inch - 301-400,1.22,2.45,+101%
custom-army-patches,Embroidery,UPDATE,5.0 inch - 500-999,5.0 inch - 301-400,1.36,2.80,+106%
custom-army-patches,Embroidery,UPDATE,6.0 inch - 500-999,6.0 inch - 301-400,1.64,3.60,+120%
custom-army-patches,Embroidery,UPDATE,7.0 inch - 500-999,7.0 inch - 301-400,1.90,4.30,+126%
custom-army-patches,Embroidery,UPDATE,8.0 inch - 500-999,8.0 inch - 301-400,2.17,4.80,+121%
custom-army-patches,Embroidery,UPDATE,9.0 inch - 500-999,9.0 inch - 301-400,2.45,5.70,+133%
custom-army-patches,Embroidery,UPDATE,10.0 inch - 500-999,10.0 inch - 301-400,2.72,6.30,+132%
custom-army-patches,Embroidery,UPDATE,11.0 inch - 500-999,11.0 inch - 301-400,2.99,6.80,+127%
custom-army-patches,Embroidery,UPDATE,12.0 inch - 500-999,12.0 inch - 301-400,3.26,7.80,+139%
custom-army-patches,Embroidery,UPDATE,13.0 inch - 500-999,13.0 inch - 301-400,4.30,9.30,+116%
custom-army-patches,Embroidery,UPDATE,14.0 inch - 500-999,14.0 inch - 301-400,5.45,10.40,+91%
custom-army-patches,Embroidery,UPDATE,15.0 inch - 500-999,15.0 inch - 301-400,6.80,11.80,+74%
custom-army-patches,Embroidery,UPDATE,16.0 inch - 500-999,16.0 inch - 301-400,7.95,12.80,+61%
custom-army-patches,Embroidery,UPDATE,1.0 inch - 1000+,1.0 inch - 401-500,0.25,1.40,+460%
custom-army-patches,Embroidery,UPDATE,1.5 inch - 1000+,1.5 inch - 401-500,0.37,1.40,+278%
custom-army-patches,Embroidery,UPDATE,2.0 inch - 1000+,2.0 inch - 401-500,0.49,1.40,+186%
custom-army-patches,Embroidery,UPDATE,2.5 inch - 1000+,2.5 inch - 401-500,0.61,1.40,+130%
custom-army-patches,Embroidery,UPDATE,3.0 inch - 1000+,3.0 inch - 401-500,0.73,1.00,+37%
custom-army-patches,Embroidery,UPDATE,3.5 inch - 1000+,3.5 inch - 401-500,0.84,1.40,+67%
custom-army-patches,Embroidery,UPDATE,4.0 inch - 1000+,4.0 inch - 401-500,0.98,1.60,+63%
custom-army-patches,Embroidery,UPDATE,4.5 inch - 1000+,4.5 inch - 401-500,1.11,2.25,+103%
custom-army-patches,Embroidery,UPDATE,5.0 inch - 1000+,5.0 inch - 401-500,1.21,2.60,+115%
custom-army-patches,Embroidery,UPDATE,6.0 inch - 1000+,6.0 inch - 401-500,1.46,3.40,+133%
custom-army-patches,Embroidery,UPDATE,7.0 inch - 1000+,7.0 inch - 401-500,1.70,4.10,+141%
custom-army-patches,Embroidery,UPDATE,8.0 inch - 1000+,8.0 inch - 401-500,1.96,4.60,+135%
custom-army-patches,Embroidery,UPDATE,9.0 inch - 1000+,9.0 inch - 401-500,2.19,5.50,+151%
custom-army-patches,Embroidery,UPDATE,10.0 inch - 1000+,10.0 inch - 401-500,2.43,6.10,+151%
custom-army-patches,Embroidery,UPDATE,11.0 inch - 1000+,11.0 inch - 401-500,2.67,6.50,+143%
custom-army-patches,Embroidery,UPDATE,12.0 inch - 1000+,12.0 inch - 401-500,2.92,7.60,+160%
custom-army-patches,Embroidery,UPDATE,13.0 inch - 1000+,13.0 inch - 401-500,3.98,9.10,+129%
custom-army-patches,Embroidery,UPDATE,14.0 inch - 1000+,14.0 inch - 401-500,5.10,10.20,+100%
custom-army-patches,Embroidery,UPDATE,15.0 inch - 1000+,15.0 inch - 401-500,6.40,11.50,+80%
custom-army-patches,Embroidery,UPDATE,16.0 inch - 1000+,16.0 inch - 401-500,7.60,12.40,+63%
custom-army-patches,Embroidery,CREATE,,1.0 inch - 501-700,,1.20,new
custom-army-patches,Embroidery,CREATE,,1.5 inch - 501-700,,1.20,new
custom-army-patches,Embroidery,CREATE,,2.0 inch - 501-700,,1.20,new
custom-army-patches,Embroidery,CREATE,,2.5 inch - 501-700,,1.20,new
custom-army-patches,Embroidery,CREATE,,3.0 inch - 501-700,,0.81,new
custom-army-patches,Embroidery,CREATE,,3.5 inch - 501-700,,1.05,new
custom-army-patches,Embroidery,CREATE,,4.0 inch - 501-700,,1.30,new
custom-army-patches,Embroidery,CREATE,,4.5 inch - 501-700,,2.00,new
custom-army-patches,Embroidery,CREATE,,5.0 inch - 501-700,,2.40,new
custom-army-patches,Embroidery,CREATE,,6.0 inch - 501-700,,3.10,new
custom-army-patches,Embroidery,CREATE,,7.0 inch - 501-700,,4.00,new
custom-army-patches,Embroidery,CREATE,,8.0 inch - 501-700,,4.30,new
custom-army-patches,Embroidery,CREATE,,9.0 inch - 501-700,,5.20,new
custom-army-patches,Embroidery,CREATE,,10.0 inch - 501-700,,5.80,new
custom-army-patches,Embroidery,CREATE,,11.0 inch - 501-700,,6.20,new
custom-army-patches,Embroidery,CREATE,,12.0 inch - 501-700,,7.30,new
custom-army-patches,Embroidery,CREATE,,13.0 inch - 501-700,,8.50,new
custom-army-patches,Embroidery,CREATE,,14.0 inch - 501-700,,9.50,new
custom-army-patches,Embroidery,CREATE,,15.0 inch - 501-700,,10.80,new
custom-army-patches,Embroidery,CREATE,,16.0 inch - 501-700,,12.00,new
custom-army-patches,Embroidery,CREATE,,1.0 inch - 701+,,0.95,new
custom-army-patches,Embroidery,CREATE,,1.5 inch - 701+,,0.95,new
custom-army-patches,Embroidery,CREATE,,2.0 inch - 701+,,0.95,new
custom-army-patches,Embroidery,CREATE,,2.5 inch - 701+,,0.95,new
custom-army-patches,Embroidery,CREATE,,3.0 inch - 701+,,0.75,new
custom-army-patches,Embroidery,CREATE,,3.5 inch - 701+,,1.00,new
custom-army-patches,Embroidery,CREATE,,4.0 inch - 701+,,1.10,new
custom-army-patches,Embroidery,CREATE,,4.5 inch - 701+,,1.80,new
custom-army-patches,Embroidery,CREATE,,5.0 inch - 701+,,2.20,new
custom-army-patches,Embroidery,CREATE,,6.0 inch - 701+,,2.80,new
custom-army-patches,Embroidery,CREATE,,7.0 inch - 701+,,3.80,new
custom-army-patches,Embroidery,CREATE,,8.0 inch - 701+,,4.00,new
custom-army-patches,Embroidery,CREATE,,9.0 inch - 701+,,5.00,new
custom-army-patches,Embroidery,CREATE,,10.0 inch - 701+,,5.50,new
custom-army-patches,Embroidery,CREATE,,11.0 inch - 701+,,6.00,new
custom-army-patches,Embroidery,CREATE,,12.0 inch - 701+,,7.00,new
custom-army-patches,Embroidery,CREATE,,13.0 inch - 701+,,8.20,new
custom-army-patches,Embroidery,CREATE,,14.0 inch - 701+,,9.00,new
custom-army-patches,Embroidery,CREATE,,15.0 inch - 701+,,10.00,new
custom-army-patches,Embroidery,CREATE,,16.0 inch - 701+,,12.00,new
sublimation-patches-for-hats,Sublimation Patches,UPDATE,1.0 inch - 10,1.0 inch - 10,6.99,4.19,-40%
sublimation-patches-for-hats,Sublimation Patches,UPDATE,1.5 inch - 10,1.5 inch - 10,6.99,4.19,-40%
sublimation-patches-for-hats,Sublimation Patches,UPDATE,2.0 inch - 10,2.0 inch - 10,6.99,4.19,-40%
sublimation-patches-for-hats,Sublimation Patches,UPDATE,2.5 inch - 10,2.5 inch - 10,6.99,4.19,-40%
sublimation-patches-for-hats,Sublimation Patches,UPDATE,3.0 inch - 10,3.0 inch - 10,6.99,4.79,-31%
sublimation-patches-for-hats,Sublimation Patches,UPDATE,3.5 inch - 10,3.5 inch - 10,6.99,4.79,-31%
sublimation-patches-for-hats,Sublimation Patches,UPDATE,4.0 inch - 10,4.0 inch - 10,6.99,4.79,-31%
sublimation-patches-for-hats,Sublimation Patches,UPDATE,4.5 inch - 10,4.5 inch - 10,6.99,5.39,-23%
sublimation-patches-for-hats,Sublimation Patches,UPDATE,5.0 inch - 10,5.0 inch - 10,6.99,6.00,-14%
sublimation-patches-for-hats,Sublimation Patches,UPDATE,6.0 inch - 10,6.0 inch - 10,6.99,6.60,-6%
sublimation-patches-for-hats,Sublimation Patches,UPDATE,7.0 inch - 10,7.0 inch - 10,7.20,7.20,+0%
sublimation-patches-for-hats,Sublimation Patches,UPDATE,8.0 inch - 10,8.0 inch - 10,8.40,8.40,+0%
sublimation-patches-for-hats,Sublimation Patches,UPDATE,9.0 inch - 10,9.0 inch - 10,9.60,9.60,+0%
sublimation-patches-for-hats,Sublimation Patches,UPDATE,10.0 inch - 10,10.0 inch - 10,10.80,10.80,+0%
sublimation-patches-for-hats,Sublimation Patches,UPDATE,11.0 inch - 10,11.0 inch - 10,12.00,12.00,+0%
sublimation-patches-for-hats,Sublimation Patches,UPDATE,12.0 inch - 10,12.0 inch - 10,13.20,13.20,+0%
sublimation-patches-for-hats,Sublimation Patches,UPDATE,13.0 inch - 10,13.0 inch - 10,13.80,13.80,+0%
sublimation-patches-for-hats,Sublimation Patches,UPDATE,14.0 inch - 10,14.0 inch - 10,14.52,14.52,+0%
sublimation-patches-for-hats,Sublimation Patches,UPDATE,15.0 inch - 10,15.0 inch - 10,15.24,15.24,+0%
sublimation-patches-for-hats,Sublimation Patches,UPDATE,16.0 inch - 10,16.0 inch - 10,15.96,15.96,+0%
sublimation-patches-for-hats,Sublimation Patches,UPDATE,1.0 inch - 11-25,1.0 inch - 11-25,6.36,4.19,-34%
sublimation-patches-for-hats,Sublimation Patches,UPDATE,1.5 inch - 11-25,1.5 inch - 11-25,6.36,4.19,-34%
sublimation-patches-for-hats,Sublimation Patches,UPDATE,2.0 inch - 11-25,2.0 inch - 11-25,6.36,4.19,-34%
sublimation-patches-for-hats,Sublimation Patches,UPDATE,2.5 inch - 11-25,2.5 inch - 11-25,6.36,2.40,-62%
sublimation-patches-for-hats,Sublimation Patches,UPDATE,3.0 inch - 11-25,3.0 inch - 11-25,6.36,3.00,-53%
sublimation-patches-for-hats,Sublimation Patches,UPDATE,3.5 inch - 11-25,3.5 inch - 11-25,6.36,3.12,-51%
sublimation-patches-for-hats,Sublimation Patches,UPDATE,4.0 inch - 11-25,4.0 inch - 11-25,6.36,3.48,-45%
sublimation-patches-for-hats,Sublimation Patches,UPDATE,4.5 inch - 11-25,4.5 inch - 11-25,6.36,3.60,-43%
sublimation-patches-for-hats,Sublimation Patches,UPDATE,5.0 inch - 11-25,5.0 inch - 11-25,6.36,4.32,-32%
sublimation-patches-for-hats,Sublimation Patches,UPDATE,6.0 inch - 11-25,6.0 inch - 11-25,6.36,4.38,-31%
sublimation-patches-for-hats,Sublimation Patches,UPDATE,7.0 inch - 11-25,7.0 inch - 11-25,6.36,5.40,-15%
sublimation-patches-for-hats,Sublimation Patches,UPDATE,8.0 inch - 11-25,8.0 inch - 11-25,6.60,6.60,+0%
sublimation-patches-for-hats,Sublimation Patches,UPDATE,9.0 inch - 11-25,9.0 inch - 11-25,7.80,7.80,+0%
sublimation-patches-for-hats,Sublimation Patches,UPDATE,10.0 inch - 11-25,10.0 inch - 11-25,9.60,9.60,+0%
sublimation-patches-for-hats,Sublimation Patches,UPDATE,11.0 inch - 11-25,11.0 inch - 11-25,10.80,10.80,+0%
sublimation-patches-for-hats,Sublimation Patches,UPDATE,12.0 inch - 11-25,12.0 inch - 11-25,12.00,12.00,+0%
sublimation-patches-for-hats,Sublimation Patches,UPDATE,13.0 inch - 11-25,13.0 inch - 11-25,12.60,12.60,+0%
sublimation-patches-for-hats,Sublimation Patches,UPDATE,14.0 inch - 11-25,14.0 inch - 11-25,13.50,13.50,+0%
sublimation-patches-for-hats,Sublimation Patches,UPDATE,15.0 inch - 11-25,15.0 inch - 11-25,14.22,14.22,+0%
sublimation-patches-for-hats,Sublimation Patches,UPDATE,16.0 inch - 11-25,16.0 inch - 11-25,14.88,14.88,+0%
sublimation-patches-for-hats,Sublimation Patches,UPDATE,1.0 inch - 26-50,1.0 inch - 26-50,2.70,2.25,-17%
sublimation-patches-for-hats,Sublimation Patches,UPDATE,1.5 inch - 26-50,1.5 inch - 26-50,2.70,2.25,-17%
sublimation-patches-for-hats,Sublimation Patches,UPDATE,2.0 inch - 26-50,2.0 inch - 26-50,2.70,2.25,-17%
sublimation-patches-for-hats,Sublimation Patches,UPDATE,2.5 inch - 26-50,2.5 inch - 26-50,2.70,2.25,-17%
sublimation-patches-for-hats,Sublimation Patches,UPDATE,3.0 inch - 26-50,3.0 inch - 26-50,2.70,2.25,-17%
sublimation-patches-for-hats,Sublimation Patches,UPDATE,3.5 inch - 26-50,3.5 inch - 26-50,2.70,2.28,-16%
sublimation-patches-for-hats,Sublimation Patches,UPDATE,4.0 inch - 26-50,4.0 inch - 26-50,2.70,2.28,-16%
sublimation-patches-for-hats,Sublimation Patches,UPDATE,4.5 inch - 26-50,4.5 inch - 26-50,2.70,2.40,-11%
sublimation-patches-for-hats,Sublimation Patches,UPDATE,5.0 inch - 26-50,5.0 inch - 26-50,2.70,2.70,+0%
sublimation-patches-for-hats,Sublimation Patches,UPDATE,6.0 inch - 26-50,6.0 inch - 26-50,3.60,3.60,+0%
sublimation-patches-for-hats,Sublimation Patches,UPDATE,7.0 inch - 26-50,7.0 inch - 26-50,4.80,4.80,+0%
sublimation-patches-for-hats,Sublimation Patches,UPDATE,8.0 inch - 26-50,8.0 inch - 26-50,6.00,6.00,+0%
sublimation-patches-for-hats,Sublimation Patches,UPDATE,9.0 inch - 26-50,9.0 inch - 26-50,7.20,7.20,+0%
sublimation-patches-for-hats,Sublimation Patches,UPDATE,10.0 inch - 26-50,10.0 inch - 26-50,9.00,9.00,+0%
sublimation-patches-for-hats,Sublimation Patches,UPDATE,11.0 inch - 26-50,11.0 inch - 26-50,9.60,9.60,+0%
sublimation-patches-for-hats,Sublimation Patches,UPDATE,12.0 inch - 26-50,12.0 inch - 26-50,10.80,10.80,+0%
sublimation-patches-for-hats,Sublimation Patches,UPDATE,13.0 inch - 26-50,13.0 inch - 26-50,11.40,11.40,+0%
sublimation-patches-for-hats,Sublimation Patches,UPDATE,14.0 inch - 26-50,14.0 inch - 26-50,12.12,12.12,+0%
sublimation-patches-for-hats,Sublimation Patches,UPDATE,15.0 inch - 26-50,15.0 inch - 26-50,12.84,12.84,+0%
sublimation-patches-for-hats,Sublimation Patches,UPDATE,16.0 inch - 26-50,16.0 inch - 26-50,13.62,13.62,+0%
sublimation-patches-for-hats,Sublimation Patches,UPDATE,1.0 inch - 51-100,1.0 inch - 51-100,1.44,1.44,+0%
sublimation-patches-for-hats,Sublimation Patches,UPDATE,1.5 inch - 51-100,1.5 inch - 51-100,1.44,1.44,+0%
sublimation-patches-for-hats,Sublimation Patches,UPDATE,2.0 inch - 51-100,2.0 inch - 51-100,1.44,1.44,+0%
sublimation-patches-for-hats,Sublimation Patches,UPDATE,2.5 inch - 51-100,2.5 inch - 51-100,1.44,1.32,-8%
sublimation-patches-for-hats,Sublimation Patches,UPDATE,3.0 inch - 51-100,3.0 inch - 51-100,1.44,1.28,-11%
sublimation-patches-for-hats,Sublimation Patches,UPDATE,3.5 inch - 51-100,3.5 inch - 51-100,1.50,1.50,+0%
sublimation-patches-for-hats,Sublimation Patches,UPDATE,4.0 inch - 51-100,4.0 inch - 51-100,1.72,1.72,+0%
sublimation-patches-for-hats,Sublimation Patches,UPDATE,4.5 inch - 51-100,4.5 inch - 51-100,1.93,1.93,+0%
sublimation-patches-for-hats,Sublimation Patches,UPDATE,5.0 inch - 51-100,5.0 inch - 51-100,2.15,2.15,+0%
sublimation-patches-for-hats,Sublimation Patches,UPDATE,6.0 inch - 51-100,6.0 inch - 51-100,2.57,2.57,+0%
sublimation-patches-for-hats,Sublimation Patches,UPDATE,7.0 inch - 51-100,7.0 inch - 51-100,3.01,3.01,+0%
sublimation-patches-for-hats,Sublimation Patches,UPDATE,8.0 inch - 51-100,8.0 inch - 51-100,3.43,3.43,+0%
sublimation-patches-for-hats,Sublimation Patches,UPDATE,9.0 inch - 51-100,9.0 inch - 51-100,3.86,3.86,+0%
sublimation-patches-for-hats,Sublimation Patches,UPDATE,10.0 inch - 51-100,10.0 inch - 51-100,4.29,4.29,+0%
sublimation-patches-for-hats,Sublimation Patches,UPDATE,11.0 inch - 51-100,11.0 inch - 51-100,4.72,4.72,+0%
sublimation-patches-for-hats,Sublimation Patches,UPDATE,12.0 inch - 51-100,12.0 inch - 51-100,5.15,5.15,+0%
sublimation-patches-for-hats,Sublimation Patches,UPDATE,13.0 inch - 51-100,13.0 inch - 51-100,6.12,6.12,+0%
sublimation-patches-for-hats,Sublimation Patches,UPDATE,14.0 inch - 51-100,14.0 inch - 51-100,6.84,6.84,+0%
sublimation-patches-for-hats,Sublimation Patches,UPDATE,15.0 inch - 51-100,15.0 inch - 51-100,7.68,7.68,+0%
sublimation-patches-for-hats,Sublimation Patches,UPDATE,16.0 inch - 51-100,16.0 inch - 51-100,8.34,8.34,+0%
sublimation-patches-for-hats,Sublimation Patches,UPDATE,1.0 inch - 101-199,1.0 inch - 101-199,0.70,0.32,-54%
sublimation-patches-for-hats,Sublimation Patches,UPDATE,1.5 inch - 101-199,1.5 inch - 101-199,0.70,0.47,-33%
sublimation-patches-for-hats,Sublimation Patches,UPDATE,2.0 inch - 101-199,2.0 inch - 101-199,0.70,0.64,-9%
sublimation-patches-for-hats,Sublimation Patches,UPDATE,2.5 inch - 101-199,2.5 inch - 101-199,0.80,0.80,+0%
sublimation-patches-for-hats,Sublimation Patches,UPDATE,3.0 inch - 101-199,3.0 inch - 101-199,0.95,0.95,+0%
sublimation-patches-for-hats,Sublimation Patches,UPDATE,3.5 inch - 101-199,3.5 inch - 101-199,1.12,1.12,+0%
sublimation-patches-for-hats,Sublimation Patches,UPDATE,4.0 inch - 101-199,4.0 inch - 101-199,1.27,1.27,+0%
sublimation-patches-for-hats,Sublimation Patches,UPDATE,4.5 inch - 101-199,4.5 inch - 101-199,1.43,1.43,+0%
sublimation-patches-for-hats,Sublimation Patches,UPDATE,5.0 inch - 101-199,5.0 inch - 101-199,1.58,1.58,+0%
sublimation-patches-for-hats,Sublimation Patches,UPDATE,6.0 inch - 101-199,6.0 inch - 101-199,1.91,1.91,+0%
sublimation-patches-for-hats,Sublimation Patches,UPDATE,7.0 inch - 101-199,7.0 inch - 101-199,2.23,2.23,+0%
sublimation-patches-for-hats,Sublimation Patches,UPDATE,8.0 inch - 101-199,8.0 inch - 101-199,2.54,2.54,+0%
sublimation-patches-for-hats,Sublimation Patches,UPDATE,9.0 inch - 101-199,9.0 inch - 101-199,2.86,2.86,+0%
sublimation-patches-for-hats,Sublimation Patches,UPDATE,10.0 inch - 101-199,10.0 inch - 101-199,3.18,3.18,+0%
sublimation-patches-for-hats,Sublimation Patches,UPDATE,11.0 inch - 101-199,11.0 inch - 101-199,3.49,3.49,+0%
sublimation-patches-for-hats,Sublimation Patches,UPDATE,12.0 inch - 101-199,12.0 inch - 101-199,3.81,3.81,+0%
sublimation-patches-for-hats,Sublimation Patches,UPDATE,13.0 inch - 101-199,13.0 inch - 101-199,4.50,4.50,+0%
sublimation-patches-for-hats,Sublimation Patches,UPDATE,14.0 inch - 101-199,14.0 inch - 101-199,5.28,5.28,+0%
sublimation-patches-for-hats,Sublimation Patches,UPDATE,15.0 inch - 101-199,15.0 inch - 101-199,5.97,5.97,+0%
sublimation-patches-for-hats,Sublimation Patches,UPDATE,16.0 inch - 101-199,16.0 inch - 101-199,6.57,6.57,+0%
sublimation-patches-for-hats,Sublimation Patches,UPDATE,1.0 inch - 200-499,1.0 inch - 200-499,0.35,0.23,-34%
sublimation-patches-for-hats,Sublimation Patches,UPDATE,1.5 inch - 200-499,1.5 inch - 200-499,0.35,0.34,-3%
sublimation-patches-for-hats,Sublimation Patches,UPDATE,2.0 inch - 200-499,2.0 inch - 200-499,0.43,0.43,+0%
sublimation-patches-for-hats,Sublimation Patches,UPDATE,2.5 inch - 200-499,2.5 inch - 200-499,0.56,0.56,+0%
sublimation-patches-for-hats,Sublimation Patches,UPDATE,3.0 inch - 200-499,3.0 inch - 200-499,0.67,0.67,+0%
sublimation-patches-for-hats,Sublimation Patches,UPDATE,3.5 inch - 200-499,3.5 inch - 200-499,0.78,0.78,+0%
sublimation-patches-for-hats,Sublimation Patches,UPDATE,4.0 inch - 200-499,4.0 inch - 200-499,0.89,0.89,+0%
sublimation-patches-for-hats,Sublimation Patches,UPDATE,4.5 inch - 200-499,4.5 inch - 200-499,1.01,1.01,+0%
sublimation-patches-for-hats,Sublimation Patches,UPDATE,5.0 inch - 200-499,5.0 inch - 200-499,1.12,1.12,+0%
sublimation-patches-for-hats,Sublimation Patches,UPDATE,6.0 inch - 200-499,6.0 inch - 200-499,1.34,1.34,+0%
sublimation-patches-for-hats,Sublimation Patches,UPDATE,7.0 inch - 200-499,7.0 inch - 200-499,1.56,1.56,+0%
sublimation-patches-for-hats,Sublimation Patches,UPDATE,8.0 inch - 200-499,8.0 inch - 200-499,1.79,1.79,+0%
sublimation-patches-for-hats,Sublimation Patches,UPDATE,9.0 inch - 200-499,9.0 inch - 200-499,2.00,2.00,+0%
sublimation-patches-for-hats,Sublimation Patches,UPDATE,10.0 inch - 200-499,10.0 inch - 200-499,2.23,2.23,+0%
sublimation-patches-for-hats,Sublimation Patches,UPDATE,11.0 inch - 200-499,11.0 inch - 200-499,2.45,2.45,+0%
sublimation-patches-for-hats,Sublimation Patches,UPDATE,12.0 inch - 200-499,12.0 inch - 200-499,2.68,2.68,+0%
sublimation-patches-for-hats,Sublimation Patches,UPDATE,13.0 inch - 200-499,13.0 inch - 200-499,3.36,3.36,+0%
sublimation-patches-for-hats,Sublimation Patches,UPDATE,14.0 inch - 200-499,14.0 inch - 200-499,4.05,4.05,+0%
sublimation-patches-for-hats,Sublimation Patches,UPDATE,15.0 inch - 200-499,15.0 inch - 200-499,4.68,4.68,+0%
sublimation-patches-for-hats,Sublimation Patches,UPDATE,16.0 inch - 200-499,16.0 inch - 200-499,5.31,5.31,+0%
sublimation-patches-for-hats,Sublimation Patches,UPDATE,1.0 inch - 500-999,1.0 inch - 500-999,0.16,0.16,+0%
sublimation-patches-for-hats,Sublimation Patches,UPDATE,1.5 inch - 500-999,1.5 inch - 500-999,0.25,0.25,+0%
sublimation-patches-for-hats,Sublimation Patches,UPDATE,2.0 inch - 500-999,2.0 inch - 500-999,0.32,0.32,+0%
sublimation-patches-for-hats,Sublimation Patches,UPDATE,2.5 inch - 500-999,2.5 inch - 500-999,0.41,0.41,+0%
sublimation-patches-for-hats,Sublimation Patches,UPDATE,3.0 inch - 500-999,3.0 inch - 500-999,0.49,0.49,+0%
sublimation-patches-for-hats,Sublimation Patches,UPDATE,3.5 inch - 500-999,3.5 inch - 500-999,0.56,0.56,+0%
sublimation-patches-for-hats,Sublimation Patches,UPDATE,4.0 inch - 500-999,4.0 inch - 500-999,0.65,0.65,+0%
sublimation-patches-for-hats,Sublimation Patches,UPDATE,4.5 inch - 500-999,4.5 inch - 500-999,0.73,0.73,+0%
sublimation-patches-for-hats,Sublimation Patches,UPDATE,5.0 inch - 500-999,5.0 inch - 500-999,0.82,0.82,+0%
sublimation-patches-for-hats,Sublimation Patches,UPDATE,6.0 inch - 500-999,6.0 inch - 500-999,0.98,0.98,+0%
sublimation-patches-for-hats,Sublimation Patches,UPDATE,7.0 inch - 500-999,7.0 inch - 500-999,1.14,1.14,+0%
sublimation-patches-for-hats,Sublimation Patches,UPDATE,8.0 inch - 500-999,8.0 inch - 500-999,1.30,1.30,+0%
sublimation-patches-for-hats,Sublimation Patches,UPDATE,9.0 inch - 500-999,9.0 inch - 500-999,1.47,1.47,+0%
sublimation-patches-for-hats,Sublimation Patches,UPDATE,10.0 inch - 500-999,10.0 inch - 500-999,1.63,1.63,+0%
sublimation-patches-for-hats,Sublimation Patches,UPDATE,11.0 inch - 500-999,11.0 inch - 500-999,1.79,1.79,+0%
sublimation-patches-for-hats,Sublimation Patches,UPDATE,12.0 inch - 500-999,12.0 inch - 500-999,1.96,1.96,+0%
sublimation-patches-for-hats,Sublimation Patches,UPDATE,13.0 inch - 500-999,13.0 inch - 500-999,2.58,2.58,+0%
sublimation-patches-for-hats,Sublimation Patches,UPDATE,14.0 inch - 500-999,14.0 inch - 500-999,3.27,3.27,+0%
sublimation-patches-for-hats,Sublimation Patches,UPDATE,15.0 inch - 500-999,15.0 inch - 500-999,4.08,4.08,+0%
sublimation-patches-for-hats,Sublimation Patches,UPDATE,16.0 inch - 500-999,16.0 inch - 500-999,4.77,4.77,+0%
sublimation-patches-for-hats,Sublimation Patches,UPDATE,1.0 inch - 1000+,1.0 inch - 1000+,0.15,0.15,+0%
sublimation-patches-for-hats,Sublimation Patches,UPDATE,1.5 inch - 1000+,1.5 inch - 1000+,0.22,0.22,+0%
sublimation-patches-for-hats,Sublimation Patches,UPDATE,2.0 inch - 1000+,2.0 inch - 1000+,0.29,0.29,+0%
sublimation-patches-for-hats,Sublimation Patches,UPDATE,2.5 inch - 1000+,2.5 inch - 1000+,0.37,0.37,+0%
sublimation-patches-for-hats,Sublimation Patches,UPDATE,3.0 inch - 1000+,3.0 inch - 1000+,0.44,0.44,+0%
sublimation-patches-for-hats,Sublimation Patches,UPDATE,3.5 inch - 1000+,3.5 inch - 1000+,0.50,0.50,+0%
sublimation-patches-for-hats,Sublimation Patches,UPDATE,4.0 inch - 1000+,4.0 inch - 1000+,0.59,0.59,+0%
sublimation-patches-for-hats,Sublimation Patches,UPDATE,4.5 inch - 1000+,4.5 inch - 1000+,0.67,0.67,+0%
sublimation-patches-for-hats,Sublimation Patches,UPDATE,5.0 inch - 1000+,5.0 inch - 1000+,0.73,0.73,+0%
sublimation-patches-for-hats,Sublimation Patches,UPDATE,6.0 inch - 1000+,6.0 inch - 1000+,0.88,0.88,+0%
sublimation-patches-for-hats,Sublimation Patches,UPDATE,7.0 inch - 1000+,7.0 inch - 1000+,1.02,1.02,+0%
sublimation-patches-for-hats,Sublimation Patches,UPDATE,8.0 inch - 1000+,8.0 inch - 1000+,1.18,1.18,+0%
sublimation-patches-for-hats,Sublimation Patches,UPDATE,9.0 inch - 1000+,9.0 inch - 1000+,1.31,1.31,+0%
sublimation-patches-for-hats,Sublimation Patches,UPDATE,10.0 inch - 1000+,10.0 inch - 1000+,1.46,1.46,+0%
sublimation-patches-for-hats,Sublimation Patches,UPDATE,11.0 inch - 1000+,11.0 inch - 1000+,1.60,1.60,+0%
sublimation-patches-for-hats,Sublimation Patches,UPDATE,12.0 inch - 1000+,12.0 inch - 1000+,1.75,1.75,+0%
sublimation-patches-for-hats,Sublimation Patches,UPDATE,13.0 inch - 1000+,13.0 inch - 1000+,2.39,2.39,+0%
sublimation-patches-for-hats,Sublimation Patches,UPDATE,14.0 inch - 1000+,14.0 inch - 1000+,3.06,3.06,+0%
sublimation-patches-for-hats,Sublimation Patches,UPDATE,15.0 inch - 1000+,15.0 inch - 1000+,3.84,3.84,+0%
sublimation-patches-for-hats,Sublimation Patches,UPDATE,16.0 inch - 1000+,16.0 inch - 1000+,4.56,4.56,+0%
leather-patches-for-hats,Original Leather engraving,UPDATE,1.5 inch - 25-49,1.5 inch - 25-49,3.00,4.00,+33%
leather-patches-for-hats,Original Leather engraving,UPDATE,2.0 inch - 25-49,2.0 inch - 25-49,2.84,4.20,+48%
leather-patches-for-hats,Original Leather engraving,UPDATE,2.5 inch - 25-49,2.5 inch - 25-49,3.20,4.60,+44%
leather-patches-for-hats,Original Leather engraving,UPDATE,3.0 inch - 25-49,3.0 inch - 25-49,3.53,4.80,+36%
leather-patches-for-hats,Original Leather engraving,UPDATE,3.5 inch - 25-49,3.5 inch - 25-49,3.83,5.00,+31%
leather-patches-for-hats,Original Leather engraving,UPDATE,4.0 inch - 25-49,4.0 inch - 25-49,4.17,5.20,+25%
leather-patches-for-hats,Original Leather engraving,UPDATE,4.5 inch - 25-49,4.5 inch - 25-49,4.34,5.40,+24%
leather-patches-for-hats,Original Leather engraving,UPDATE,6.0 inch - 25-49,6.0 inch - 25-49,4.52,5.60,+24%
leather-patches-for-hats,Original Leather engraving,UPDATE,1.5 inch - 50-99,1.5 inch - 50-99,1.62,3.50,+116%
leather-patches-for-hats,Original Leather engraving,UPDATE,2.0 inch - 50-99,2.0 inch - 50-99,1.92,3.70,+93%
leather-patches-for-hats,Original Leather engraving,UPDATE,2.5 inch - 50-99,2.5 inch - 50-99,2.33,4.00,+72%
leather-patches-for-hats,Original Leather engraving,UPDATE,3.0 inch - 50-99,3.0 inch - 50-99,2.84,4.20,+48%
leather-patches-for-hats,Original Leather engraving,UPDATE,3.5 inch - 50-99,3.5 inch - 50-99,3.20,4.50,+41%
leather-patches-for-hats,Original Leather engraving,UPDATE,4.0 inch - 50-99,4.0 inch - 50-99,3.36,4.00,+19%
leather-patches-for-hats,Original Leather engraving,UPDATE,4.5 inch - 50-99,4.5 inch - 50-99,3.59,4.50,+25%
leather-patches-for-hats,Original Leather engraving,UPDATE,6.0 inch - 50-99,6.0 inch - 50-99,3.77,4.70,+25%
leather-patches-for-hats,Original Leather engraving,UPDATE,1.5 inch - 100-199,1.5 inch - 100-199,1.16,1.90,+64%
leather-patches-for-hats,Original Leather engraving,UPDATE,2.0 inch - 100-199,2.0 inch - 100-199,1.49,2.00,+34%
leather-patches-for-hats,Original Leather engraving,UPDATE,2.5 inch - 100-199,2.5 inch - 100-199,1.97,2.10,+7%
leather-patches-for-hats,Original Leather engraving,UPDATE,3.0 inch - 100-199,3.0 inch - 100-199,2.30,2.30,+0%
leather-patches-for-hats,Original Leather engraving,UPDATE,3.5 inch - 100-199,3.5 inch - 100-199,2.37,2.40,+1%
leather-patches-for-hats,Original Leather engraving,UPDATE,4.0 inch - 100-199,4.0 inch - 100-199,2.54,2.60,+2%
leather-patches-for-hats,Original Leather engraving,UPDATE,4.5 inch - 100-199,4.5 inch - 100-199,2.72,2.80,+3%
leather-patches-for-hats,Original Leather engraving,UPDATE,6.0 inch - 100-199,6.0 inch - 100-199,2.90,3.00,+3%
leather-patches-for-hats,Original Leather engraving,UPDATE,1.5 inch - 200-499,1.5 inch - 200-499,0.89,1.50,+69%
leather-patches-for-hats,Original Leather engraving,UPDATE,2.0 inch - 200-499,2.0 inch - 200-499,1.20,1.60,+33%
leather-patches-for-hats,Original Leather engraving,UPDATE,2.5 inch - 200-499,2.5 inch - 200-499,1.71,1.80,+5%
leather-patches-for-hats,Original Leather engraving,UPDATE,3.0 inch - 200-499,3.0 inch - 200-499,1.82,1.95,+7%
leather-patches-for-hats,Original Leather engraving,UPDATE,3.5 inch - 200-499,3.5 inch - 200-499,1.92,2.10,+9%
leather-patches-for-hats,Original Leather engraving,UPDATE,4.0 inch - 200-499,4.0 inch - 200-499,2.15,2.20,+2%
leather-patches-for-hats,Original Leather engraving,UPDATE,4.5 inch - 200-499,4.5 inch - 200-499,2.33,2.30,-1%
leather-patches-for-hats,Original Leather engraving,UPDATE,6.0 inch - 200-499,6.0 inch - 200-499,2.43,2.50,+3%
leather-patches-for-hats,Original Leather engraving,UPDATE,1.5 inch - 500-999,1.5 inch - 500-999,0.80,1.20,+50%
leather-patches-for-hats,Original Leather engraving,UPDATE,2.0 inch - 500-999,2.0 inch - 500-999,1.13,1.25,+11%
leather-patches-for-hats,Original Leather engraving,UPDATE,2.5 inch - 500-999,2.5 inch - 500-999,1.34,1.30,-3%
leather-patches-for-hats,Original Leather engraving,UPDATE,3.0 inch - 500-999,3.0 inch - 500-999,1.41,1.50,+6%
leather-patches-for-hats,Original Leather engraving,UPDATE,3.5 inch - 500-999,3.5 inch - 500-999,1.50,1.60,+7%
leather-patches-for-hats,Original Leather engraving,UPDATE,4.0 inch - 500-999,4.0 inch - 500-999,1.74,1.80,+3%
leather-patches-for-hats,Original Leather engraving,UPDATE,4.5 inch - 500-999,4.5 inch - 500-999,1.92,2.00,+4%
leather-patches-for-hats,Original Leather engraving,UPDATE,6.0 inch - 500-999,6.0 inch - 500-999,2.03,2.20,+8%
leather-patches-for-hats,Original Leather engraving,UPDATE,1.5 inch - 1000+,1.5 inch - 1000+,0.75,0.80,+7%
leather-patches-for-hats,Original Leather engraving,UPDATE,2.0 inch - 1000+,2.0 inch - 1000+,1.07,0.85,-21%
leather-patches-for-hats,Original Leather engraving,UPDATE,2.5 inch - 1000+,2.5 inch - 1000+,1.22,0.90,-26%
leather-patches-for-hats,Original Leather engraving,UPDATE,3.0 inch - 1000+,3.0 inch - 1000+,1.31,1.00,-24%
leather-patches-for-hats,Original Leather engraving,UPDATE,3.5 inch - 1000+,3.5 inch - 1000+,1.40,1.10,-21%
leather-patches-for-hats,Original Leather engraving,UPDATE,4.0 inch - 1000+,4.0 inch - 1000+,1.58,1.02,-35%
leather-patches-for-hats,Original Leather engraving,UPDATE,4.5 inch - 1000+,4.5 inch - 1000+,1.74,1.30,-25%
leather-patches-for-hats,Original Leather engraving,UPDATE,6.0 inch - 1000+,6.0 inch - 1000+,1.92,1.50,-22%
embroidered-patches-for-clothes,Embroidery,UPDATE,1.0 inch - 10,1.0 inch - 10-15,6.99,6.99,+0%
embroidered-patches-for-clothes,Embroidery,UPDATE,1.5 inch - 10,1.5 inch - 10-15,6.99,6.99,+0%
embroidered-patches-for-clothes,Embroidery,UPDATE,2.0 inch - 10,2.0 inch - 10-15,6.99,6.99,+0%
embroidered-patches-for-clothes,Embroidery,UPDATE,2.5 inch - 10,2.5 inch - 10-15,6.99,6.99,+0%
embroidered-patches-for-clothes,Embroidery,UPDATE,3.0 inch - 10,3.0 inch - 10-15,7.99,7.99,+0%
embroidered-patches-for-clothes,Embroidery,UPDATE,3.5 inch - 10,3.5 inch - 10-15,7.99,7.99,+0%
embroidered-patches-for-clothes,Embroidery,UPDATE,4.0 inch - 10,4.0 inch - 10-15,7.99,7.99,+0%
embroidered-patches-for-clothes,Embroidery,UPDATE,4.5 inch - 10,4.5 inch - 10-15,8.99,8.99,+0%
embroidered-patches-for-clothes,Embroidery,UPDATE,5.0 inch - 10,5.0 inch - 10-15,10.00,10.00,+0%
embroidered-patches-for-clothes,Embroidery,UPDATE,6.0 inch - 10,6.0 inch - 10-15,11.00,11.00,+0%
embroidered-patches-for-clothes,Embroidery,UPDATE,7.0 inch - 10,7.0 inch - 10-15,12.00,12.00,+0%
embroidered-patches-for-clothes,Embroidery,UPDATE,8.0 inch - 10,8.0 inch - 10-15,14.00,14.00,+0%
embroidered-patches-for-clothes,Embroidery,UPDATE,9.0 inch - 10,9.0 inch - 10-15,16.00,16.00,+0%
embroidered-patches-for-clothes,Embroidery,UPDATE,10.0 inch - 10,10.0 inch - 10-15,18.00,18.00,+0%
embroidered-patches-for-clothes,Embroidery,UPDATE,11.0 inch - 10,11.0 inch - 10-15,20.00,20.00,+0%
embroidered-patches-for-clothes,Embroidery,UPDATE,12.0 inch - 10,12.0 inch - 10-15,22.00,22.00,+0%
embroidered-patches-for-clothes,Embroidery,UPDATE,13.0 inch - 10,13.0 inch - 10-15,23.00,23.00,+0%
embroidered-patches-for-clothes,Embroidery,UPDATE,14.0 inch - 10,14.0 inch - 10-15,24.20,24.20,+0%
embroidered-patches-for-clothes,Embroidery,UPDATE,15.0 inch - 10,15.0 inch - 10-15,25.40,25.40,+0%
embroidered-patches-for-clothes,Embroidery,UPDATE,16.0 inch - 10,16.0 inch - 10-15,26.60,26.60,+0%
embroidered-patches-for-clothes,Embroidery,UPDATE,1.0 inch - 11-25,1.0 inch - 16-25,6.36,3.75,-41%
embroidered-patches-for-clothes,Embroidery,UPDATE,1.5 inch - 11-25,1.5 inch - 16-25,6.36,3.80,-40%
embroidered-patches-for-clothes,Embroidery,UPDATE,2.0 inch - 11-25,2.0 inch - 16-25,6.36,3.95,-38%
embroidered-patches-for-clothes,Embroidery,UPDATE,2.5 inch - 11-25,2.5 inch - 16-25,6.36,4.50,-29%
embroidered-patches-for-clothes,Embroidery,UPDATE,3.0 inch - 11-25,3.0 inch - 16-25,6.36,5.00,-21%
embroidered-patches-for-clothes,Embroidery,UPDATE,3.5 inch - 11-25,3.5 inch - 16-25,6.36,5.20,-18%
embroidered-patches-for-clothes,Embroidery,UPDATE,4.0 inch - 11-25,4.0 inch - 16-25,6.36,5.80,-9%
embroidered-patches-for-clothes,Embroidery,UPDATE,4.5 inch - 11-25,4.5 inch - 16-25,6.36,6.00,-6%
embroidered-patches-for-clothes,Embroidery,UPDATE,5.0 inch - 11-25,5.0 inch - 16-25,7.20,7.20,+0%
embroidered-patches-for-clothes,Embroidery,UPDATE,6.0 inch - 11-25,6.0 inch - 16-25,7.30,7.30,+0%
embroidered-patches-for-clothes,Embroidery,UPDATE,7.0 inch - 11-25,7.0 inch - 16-25,9.00,9.00,+0%
embroidered-patches-for-clothes,Embroidery,UPDATE,8.0 inch - 11-25,8.0 inch - 16-25,11.00,11.00,+0%
embroidered-patches-for-clothes,Embroidery,UPDATE,9.0 inch - 11-25,9.0 inch - 16-25,13.00,13.00,+0%
embroidered-patches-for-clothes,Embroidery,UPDATE,10.0 inch - 11-25,10.0 inch - 16-25,16.00,16.00,+0%
embroidered-patches-for-clothes,Embroidery,UPDATE,11.0 inch - 11-25,11.0 inch - 16-25,18.00,18.00,+0%
embroidered-patches-for-clothes,Embroidery,UPDATE,12.0 inch - 11-25,12.0 inch - 16-25,20.00,20.00,+0%
embroidered-patches-for-clothes,Embroidery,UPDATE,13.0 inch - 11-25,13.0 inch - 16-25,21.00,21.00,+0%
embroidered-patches-for-clothes,Embroidery,UPDATE,14.0 inch - 11-25,14.0 inch - 16-25,22.50,22.50,+0%
embroidered-patches-for-clothes,Embroidery,UPDATE,15.0 inch - 11-25,15.0 inch - 16-25,23.70,23.70,+0%
embroidered-patches-for-clothes,Embroidery,UPDATE,16.0 inch - 11-25,16.0 inch - 16-25,24.80,24.80,+0%
embroidered-patches-for-clothes,Embroidery,UPDATE,1.0 inch - 26-50,1.0 inch - 26-50,3.75,3.75,+0%
embroidered-patches-for-clothes,Embroidery,UPDATE,1.5 inch - 26-50,1.5 inch - 26-50,3.75,3.75,+0%
embroidered-patches-for-clothes,Embroidery,UPDATE,2.0 inch - 26-50,2.0 inch - 26-50,3.75,3.75,+0%
embroidered-patches-for-clothes,Embroidery,UPDATE,2.5 inch - 26-50,2.5 inch - 26-50,3.75,3.75,+0%
embroidered-patches-for-clothes,Embroidery,UPDATE,3.0 inch - 26-50,3.0 inch - 26-50,3.75,3.75,+0%
embroidered-patches-for-clothes,Embroidery,UPDATE,3.5 inch - 26-50,3.5 inch - 26-50,3.80,3.80,+0%
embroidered-patches-for-clothes,Embroidery,UPDATE,4.0 inch - 26-50,4.0 inch - 26-50,3.80,3.80,+0%
embroidered-patches-for-clothes,Embroidery,UPDATE,4.5 inch - 26-50,4.5 inch - 26-50,4.00,4.00,+0%
embroidered-patches-for-clothes,Embroidery,UPDATE,5.0 inch - 26-50,5.0 inch - 26-50,4.50,4.50,+0%
embroidered-patches-for-clothes,Embroidery,UPDATE,6.0 inch - 26-50,6.0 inch - 26-50,6.00,6.00,+0%
embroidered-patches-for-clothes,Embroidery,UPDATE,7.0 inch - 26-50,7.0 inch - 26-50,8.00,8.00,+0%
embroidered-patches-for-clothes,Embroidery,UPDATE,8.0 inch - 26-50,8.0 inch - 26-50,10.00,10.00,+0%
embroidered-patches-for-clothes,Embroidery,UPDATE,9.0 inch - 26-50,9.0 inch - 26-50,12.00,12.00,+0%
embroidered-patches-for-clothes,Embroidery,UPDATE,10.0 inch - 26-50,10.0 inch - 26-50,15.00,15.00,+0%
embroidered-patches-for-clothes,Embroidery,UPDATE,11.0 inch - 26-50,11.0 inch - 26-50,16.00,16.00,+0%
embroidered-patches-for-clothes,Embroidery,UPDATE,12.0 inch - 26-50,12.0 inch - 26-50,18.00,18.00,+0%
embroidered-patches-for-clothes,Embroidery,UPDATE,13.0 inch - 26-50,13.0 inch - 26-50,19.00,19.00,+0%
embroidered-patches-for-clothes,Embroidery,UPDATE,14.0 inch - 26-50,14.0 inch - 26-50,20.20,20.20,+0%
embroidered-patches-for-clothes,Embroidery,UPDATE,15.0 inch - 26-50,15.0 inch - 26-50,21.40,21.40,+0%
embroidered-patches-for-clothes,Embroidery,UPDATE,16.0 inch - 26-50,16.0 inch - 26-50,22.70,22.70,+0%
embroidered-patches-for-clothes,Embroidery,UPDATE,1.0 inch - 51-100,1.0 inch - 51-100,2.40,2.40,+0%
embroidered-patches-for-clothes,Embroidery,UPDATE,1.5 inch - 51-100,1.5 inch - 51-100,2.40,2.40,+0%
embroidered-patches-for-clothes,Embroidery,UPDATE,2.0 inch - 51-100,2.0 inch - 51-100,2.40,2.40,+0%
embroidered-patches-for-clothes,Embroidery,UPDATE,2.5 inch - 51-100,2.5 inch - 51-100,2.40,2.20,-8%
embroidered-patches-for-clothes,Embroidery,UPDATE,3.0 inch - 51-100,3.0 inch - 51-100,2.40,2.14,-11%
embroidered-patches-for-clothes,Embroidery,UPDATE,3.5 inch - 51-100,3.5 inch - 51-100,2.50,2.50,+0%
embroidered-patches-for-clothes,Embroidery,UPDATE,4.0 inch - 51-100,4.0 inch - 51-100,2.86,2.86,+0%
embroidered-patches-for-clothes,Embroidery,UPDATE,4.5 inch - 51-100,4.5 inch - 51-100,3.21,3.21,+0%
embroidered-patches-for-clothes,Embroidery,UPDATE,5.0 inch - 51-100,5.0 inch - 51-100,3.58,3.58,+0%
embroidered-patches-for-clothes,Embroidery,UPDATE,6.0 inch - 51-100,6.0 inch - 51-100,4.29,4.29,+0%
embroidered-patches-for-clothes,Embroidery,UPDATE,7.0 inch - 51-100,7.0 inch - 51-100,5.01,5.01,+0%
embroidered-patches-for-clothes,Embroidery,UPDATE,8.0 inch - 51-100,8.0 inch - 51-100,5.72,5.72,+0%
embroidered-patches-for-clothes,Embroidery,UPDATE,9.0 inch - 51-100,9.0 inch - 51-100,6.43,6.43,+0%
embroidered-patches-for-clothes,Embroidery,UPDATE,10.0 inch - 51-100,10.0 inch - 51-100,7.15,7.15,+0%
embroidered-patches-for-clothes,Embroidery,UPDATE,11.0 inch - 51-100,11.0 inch - 51-100,7.87,7.87,+0%
embroidered-patches-for-clothes,Embroidery,UPDATE,12.0 inch - 51-100,12.0 inch - 51-100,8.59,8.59,+0%
embroidered-patches-for-clothes,Embroidery,UPDATE,13.0 inch - 51-100,13.0 inch - 51-100,10.20,10.20,+0%
embroidered-patches-for-clothes,Embroidery,UPDATE,14.0 inch - 51-100,14.0 inch - 51-100,11.40,11.40,+0%
embroidered-patches-for-clothes,Embroidery,UPDATE,15.0 inch - 51-100,15.0 inch - 51-100,12.80,12.80,+0%
embroidered-patches-for-clothes,Embroidery,UPDATE,16.0 inch - 51-100,16.0 inch - 51-100,13.90,13.90,+0%
embroidered-patches-for-clothes,Embroidery,UPDATE,1.0 inch - 101-199,1.0 inch - 101-200,0.70,2.20,+214%
embroidered-patches-for-clothes,Embroidery,UPDATE,1.5 inch - 101-199,1.5 inch - 101-200,0.79,2.20,+178%
embroidered-patches-for-clothes,Embroidery,UPDATE,2.0 inch - 101-199,2.0 inch - 101-200,1.06,2.20,+108%
embroidered-patches-for-clothes,Embroidery,UPDATE,2.5 inch - 101-199,2.5 inch - 101-200,1.33,2.05,+54%
embroidered-patches-for-clothes,Embroidery,UPDATE,3.0 inch - 101-199,3.0 inch - 101-200,1.59,1.98,+25%
embroidered-patches-for-clothes,Embroidery,UPDATE,3.5 inch - 101-199,3.5 inch - 101-200,1.86,2.20,+18%
embroidered-patches-for-clothes,Embroidery,UPDATE,4.0 inch - 101-199,4.0 inch - 101-200,2.11,2.50,+18%
embroidered-patches-for-clothes,Embroidery,UPDATE,4.5 inch - 101-199,4.5 inch - 101-200,2.38,3.00,+26%
embroidered-patches-for-clothes,Embroidery,UPDATE,5.0 inch - 101-199,5.0 inch - 101-200,2.64,3.30,+25%
embroidered-patches-for-clothes,Embroidery,UPDATE,6.0 inch - 101-199,6.0 inch - 101-200,3.18,4.05,+27%
embroidered-patches-for-clothes,Embroidery,UPDATE,7.0 inch - 101-199,7.0 inch - 101-200,3.71,4.80,+29%
embroidered-patches-for-clothes,Embroidery,UPDATE,8.0 inch - 101-199,8.0 inch - 101-200,4.23,5.40,+28%
embroidered-patches-for-clothes,Embroidery,UPDATE,9.0 inch - 101-199,9.0 inch - 101-200,4.76,6.10,+28%
embroidered-patches-for-clothes,Embroidery,UPDATE,10.0 inch - 101-199,10.0 inch - 101-200,5.30,6.90,+30%
embroidered-patches-for-clothes,Embroidery,UPDATE,11.0 inch - 101-199,11.0 inch - 101-200,5.82,7.40,+27%
embroidered-patches-for-clothes,Embroidery,UPDATE,12.0 inch - 101-199,12.0 inch - 101-200,6.35,8.30,+31%
embroidered-patches-for-clothes,Embroidery,UPDATE,13.0 inch - 101-199,13.0 inch - 101-200,7.50,9.90,+32%
embroidered-patches-for-clothes,Embroidery,UPDATE,14.0 inch - 101-199,14.0 inch - 101-200,8.80,11.05,+26%
embroidered-patches-for-clothes,Embroidery,UPDATE,15.0 inch - 101-199,15.0 inch - 101-200,9.95,12.20,+23%
embroidered-patches-for-clothes,Embroidery,UPDATE,16.0 inch - 101-199,16.0 inch - 101-200,10.95,13.30,+21%
embroidered-patches-for-clothes,Embroidery,UPDATE,1.0 inch - 200-499,1.0 inch - 201-300,0.38,1.80,+374%
embroidered-patches-for-clothes,Embroidery,UPDATE,1.5 inch - 200-499,1.5 inch - 201-300,0.56,1.80,+221%
embroidered-patches-for-clothes,Embroidery,UPDATE,2.0 inch - 200-499,2.0 inch - 201-300,0.71,1.80,+154%
embroidered-patches-for-clothes,Embroidery,UPDATE,2.5 inch - 200-499,2.5 inch - 201-300,0.94,1.80,+91%
embroidered-patches-for-clothes,Embroidery,UPDATE,3.0 inch - 200-499,3.0 inch - 201-300,1.11,1.50,+35%
embroidered-patches-for-clothes,Embroidery,UPDATE,3.5 inch - 200-499,3.5 inch - 201-300,1.30,1.80,+38%
embroidered-patches-for-clothes,Embroidery,UPDATE,4.0 inch - 200-499,4.0 inch - 201-300,1.49,2.00,+34%
embroidered-patches-for-clothes,Embroidery,UPDATE,4.5 inch - 200-499,4.5 inch - 201-300,1.68,2.55,+52%
embroidered-patches-for-clothes,Embroidery,UPDATE,5.0 inch - 200-499,5.0 inch - 201-300,1.86,3.00,+61%
embroidered-patches-for-clothes,Embroidery,UPDATE,6.0 inch - 200-499,6.0 inch - 201-300,2.24,3.80,+70%
embroidered-patches-for-clothes,Embroidery,UPDATE,7.0 inch - 200-499,7.0 inch - 201-300,2.60,4.50,+73%
embroidered-patches-for-clothes,Embroidery,UPDATE,8.0 inch - 200-499,8.0 inch - 201-300,2.98,5.10,+71%
embroidered-patches-for-clothes,Embroidery,UPDATE,9.0 inch - 200-499,9.0 inch - 201-300,3.34,5.90,+77%
embroidered-patches-for-clothes,Embroidery,UPDATE,10.0 inch - 200-499,10.0 inch - 201-300,3.72,6.50,+75%
embroidered-patches-for-clothes,Embroidery,UPDATE,11.0 inch - 200-499,11.0 inch - 201-300,4.09,7.10,+74%
embroidered-patches-for-clothes,Embroidery,UPDATE,12.0 inch - 200-499,12.0 inch - 201-300,4.47,8.00,+79%
embroidered-patches-for-clothes,Embroidery,UPDATE,13.0 inch - 200-499,13.0 inch - 201-300,5.60,9.60,+71%
embroidered-patches-for-clothes,Embroidery,UPDATE,14.0 inch - 200-499,14.0 inch - 201-300,6.75,10.80,+60%
embroidered-patches-for-clothes,Embroidery,UPDATE,15.0 inch - 200-499,15.0 inch - 201-300,7.80,12.00,+54%
embroidered-patches-for-clothes,Embroidery,UPDATE,16.0 inch - 200-499,16.0 inch - 201-300,8.85,13.00,+47%
embroidered-patches-for-clothes,Embroidery,UPDATE,1.0 inch - 500-999,1.0 inch - 301-400,0.27,1.60,+493%
embroidered-patches-for-clothes,Embroidery,UPDATE,1.5 inch - 500-999,1.5 inch - 301-400,0.41,1.60,+290%
embroidered-patches-for-clothes,Embroidery,UPDATE,2.0 inch - 500-999,2.0 inch - 301-400,0.54,1.60,+196%
embroidered-patches-for-clothes,Embroidery,UPDATE,2.5 inch - 500-999,2.5 inch - 301-400,0.68,1.60,+135%
embroidered-patches-for-clothes,Embroidery,UPDATE,3.0 inch - 500-999,3.0 inch - 301-400,0.81,1.20,+48%
embroidered-patches-for-clothes,Embroidery,UPDATE,3.5 inch - 500-999,3.5 inch - 301-400,0.94,1.60,+70%
embroidered-patches-for-clothes,Embroidery,UPDATE,4.0 inch - 500-999,4.0 inch - 301-400,1.09,1.80,+65%
embroidered-patches-for-clothes,Embroidery,UPDATE,4.5 inch - 500-999,4.5 inch - 301-400,1.22,2.45,+101%
embroidered-patches-for-clothes,Embroidery,UPDATE,5.0 inch - 500-999,5.0 inch - 301-400,1.36,2.80,+106%
embroidered-patches-for-clothes,Embroidery,UPDATE,6.0 inch - 500-999,6.0 inch - 301-400,1.64,3.60,+120%
embroidered-patches-for-clothes,Embroidery,UPDATE,7.0 inch - 500-999,7.0 inch - 301-400,1.90,4.30,+126%
embroidered-patches-for-clothes,Embroidery,UPDATE,8.0 inch - 500-999,8.0 inch - 301-400,2.17,4.80,+121%
embroidered-patches-for-clothes,Embroidery,UPDATE,9.0 inch - 500-999,9.0 inch - 301-400,2.45,5.70,+133%
embroidered-patches-for-clothes,Embroidery,UPDATE,10.0 inch - 500-999,10.0 inch - 301-400,2.72,6.30,+132%
embroidered-patches-for-clothes,Embroidery,UPDATE,11.0 inch - 500-999,11.0 inch - 301-400,2.99,6.80,+127%
embroidered-patches-for-clothes,Embroidery,UPDATE,12.0 inch - 500-999,12.0 inch - 301-400,3.26,7.80,+139%
embroidered-patches-for-clothes,Embroidery,UPDATE,13.0 inch - 500-999,13.0 inch - 301-400,4.30,9.30,+116%
embroidered-patches-for-clothes,Embroidery,UPDATE,14.0 inch - 500-999,14.0 inch - 301-400,5.45,10.40,+91%
embroidered-patches-for-clothes,Embroidery,UPDATE,15.0 inch - 500-999,15.0 inch - 301-400,6.80,11.80,+74%
embroidered-patches-for-clothes,Embroidery,UPDATE,16.0 inch - 500-999,16.0 inch - 301-400,7.95,12.80,+61%
embroidered-patches-for-clothes,Embroidery,UPDATE,1.0 inch - 1000+,1.0 inch - 401-500,0.25,1.40,+460%
embroidered-patches-for-clothes,Embroidery,UPDATE,1.5 inch - 1000+,1.5 inch - 401-500,0.37,1.40,+278%
embroidered-patches-for-clothes,Embroidery,UPDATE,2.0 inch - 1000+,2.0 inch - 401-500,0.49,1.40,+186%
embroidered-patches-for-clothes,Embroidery,UPDATE,2.5 inch - 1000+,2.5 inch - 401-500,0.61,1.40,+130%
embroidered-patches-for-clothes,Embroidery,UPDATE,3.0 inch - 1000+,3.0 inch - 401-500,0.73,1.00,+37%
embroidered-patches-for-clothes,Embroidery,UPDATE,3.5 inch - 1000+,3.5 inch - 401-500,0.84,1.40,+67%
embroidered-patches-for-clothes,Embroidery,UPDATE,4.0 inch - 1000+,4.0 inch - 401-500,0.98,1.60,+63%
embroidered-patches-for-clothes,Embroidery,UPDATE,4.5 inch - 1000+,4.5 inch - 401-500,1.11,2.25,+103%
embroidered-patches-for-clothes,Embroidery,UPDATE,5.0 inch - 1000+,5.0 inch - 401-500,1.21,2.60,+115%
embroidered-patches-for-clothes,Embroidery,UPDATE,6.0 inch - 1000+,6.0 inch - 401-500,1.46,3.40,+133%
embroidered-patches-for-clothes,Embroidery,UPDATE,7.0 inch - 1000+,7.0 inch - 401-500,1.70,4.10,+141%
embroidered-patches-for-clothes,Embroidery,UPDATE,8.0 inch - 1000+,8.0 inch - 401-500,1.96,4.60,+135%
embroidered-patches-for-clothes,Embroidery,UPDATE,9.0 inch - 1000+,9.0 inch - 401-500,2.19,5.50,+151%
embroidered-patches-for-clothes,Embroidery,UPDATE,10.0 inch - 1000+,10.0 inch - 401-500,2.43,6.10,+151%
embroidered-patches-for-clothes,Embroidery,UPDATE,11.0 inch - 1000+,11.0 inch - 401-500,2.67,6.50,+143%
embroidered-patches-for-clothes,Embroidery,UPDATE,12.0 inch - 1000+,12.0 inch - 401-500,2.92,7.60,+160%
embroidered-patches-for-clothes,Embroidery,UPDATE,13.0 inch - 1000+,13.0 inch - 401-500,3.98,9.10,+129%
embroidered-patches-for-clothes,Embroidery,UPDATE,14.0 inch - 1000+,14.0 inch - 401-500,5.10,10.20,+100%
embroidered-patches-for-clothes,Embroidery,UPDATE,15.0 inch - 1000+,15.0 inch - 401-500,6.40,11.50,+80%
embroidered-patches-for-clothes,Embroidery,UPDATE,16.0 inch - 1000+,16.0 inch - 401-500,7.60,12.40,+63%
embroidered-patches-for-clothes,Embroidery,CREATE,,1.0 inch - 501-700,,1.20,new
embroidered-patches-for-clothes,Embroidery,CREATE,,1.5 inch - 501-700,,1.20,new
embroidered-patches-for-clothes,Embroidery,CREATE,,2.0 inch - 501-700,,1.20,new
embroidered-patches-for-clothes,Embroidery,CREATE,,2.5 inch - 501-700,,1.20,new
embroidered-patches-for-clothes,Embroidery,CREATE,,3.0 inch - 501-700,,0.81,new
embroidered-patches-for-clothes,Embroidery,CREATE,,3.5 inch - 501-700,,1.05,new
embroidered-patches-for-clothes,Embroidery,CREATE,,4.0 inch - 501-700,,1.30,new
embroidered-patches-for-clothes,Embroidery,CREATE,,4.5 inch - 501-700,,2.00,new
embroidered-patches-for-clothes,Embroidery,CREATE,,5.0 inch - 501-700,,2.40,new
embroidered-patches-for-clothes,Embroidery,CREATE,,6.0 inch - 501-700,,3.10,new
embroidered-patches-for-clothes,Embroidery,CREATE,,7.0 inch - 501-700,,4.00,new
embroidered-patches-for-clothes,Embroidery,CREATE,,8.0 inch - 501-700,,4.30,new
embroidered-patches-for-clothes,Embroidery,CREATE,,9.0 inch - 501-700,,5.20,new
embroidered-patches-for-clothes,Embroidery,CREATE,,10.0 inch - 501-700,,5.80,new
embroidered-patches-for-clothes,Embroidery,CREATE,,11.0 inch - 501-700,,6.20,new
embroidered-patches-for-clothes,Embroidery,CREATE,,12.0 inch - 501-700,,7.30,new
embroidered-patches-for-clothes,Embroidery,CREATE,,13.0 inch - 501-700,,8.50,new
embroidered-patches-for-clothes,Embroidery,CREATE,,14.0 inch - 501-700,,9.50,new
embroidered-patches-for-clothes,Embroidery,CREATE,,15.0 inch - 501-700,,10.80,new
embroidered-patches-for-clothes,Embroidery,CREATE,,16.0 inch - 501-700,,12.00,new
embroidered-patches-for-clothes,Embroidery,CREATE,,1.0 inch - 701+,,0.95,new
embroidered-patches-for-clothes,Embroidery,CREATE,,1.5 inch - 701+,,0.95,new
embroidered-patches-for-clothes,Embroidery,CREATE,,2.0 inch - 701+,,0.95,new
embroidered-patches-for-clothes,Embroidery,CREATE,,2.5 inch - 701+,,0.95,new
embroidered-patches-for-clothes,Embroidery,CREATE,,3.0 inch - 701+,,0.75,new
embroidered-patches-for-clothes,Embroidery,CREATE,,3.5 inch - 701+,,1.00,new
embroidered-patches-for-clothes,Embroidery,CREATE,,4.0 inch - 701+,,1.10,new
embroidered-patches-for-clothes,Embroidery,CREATE,,4.5 inch - 701+,,1.80,new
embroidered-patches-for-clothes,Embroidery,CREATE,,5.0 inch - 701+,,2.20,new
embroidered-patches-for-clothes,Embroidery,CREATE,,6.0 inch - 701+,,2.80,new
embroidered-patches-for-clothes,Embroidery,CREATE,,7.0 inch - 701+,,3.80,new
embroidered-patches-for-clothes,Embroidery,CREATE,,8.0 inch - 701+,,4.00,new
embroidered-patches-for-clothes,Embroidery,CREATE,,9.0 inch - 701+,,5.00,new
embroidered-patches-for-clothes,Embroidery,CREATE,,10.0 inch - 701+,,5.50,new
embroidered-patches-for-clothes,Embroidery,CREATE,,11.0 inch - 701+,,6.00,new
embroidered-patches-for-clothes,Embroidery,CREATE,,12.0 inch - 701+,,7.00,new
embroidered-patches-for-clothes,Embroidery,CREATE,,13.0 inch - 701+,,8.20,new
embroidered-patches-for-clothes,Embroidery,CREATE,,14.0 inch - 701+,,9.00,new
embroidered-patches-for-clothes,Embroidery,CREATE,,15.0 inch - 701+,,10.00,new
embroidered-patches-for-clothes,Embroidery,CREATE,,16.0 inch - 701+,,12.00,new
patches-for-pants,Embroidery,UPDATE,1.0 inch - 10,1.0 inch - 10-15,6.99,6.99,+0%
patches-for-pants,Embroidery,UPDATE,1.5 inch - 10,1.5 inch - 10-15,6.99,6.99,+0%
patches-for-pants,Embroidery,UPDATE,2.0 inch - 10,2.0 inch - 10-15,6.99,6.99,+0%
patches-for-pants,Embroidery,UPDATE,2.5 inch - 10,2.5 inch - 10-15,6.99,6.99,+0%
patches-for-pants,Embroidery,UPDATE,3.0 inch - 10,3.0 inch - 10-15,7.99,7.99,+0%
patches-for-pants,Embroidery,UPDATE,3.5 inch - 10,3.5 inch - 10-15,7.99,7.99,+0%
patches-for-pants,Embroidery,UPDATE,4.0 inch - 10,4.0 inch - 10-15,7.99,7.99,+0%
patches-for-pants,Embroidery,UPDATE,4.5 inch - 10,4.5 inch - 10-15,8.99,8.99,+0%
patches-for-pants,Embroidery,UPDATE,5.0 inch - 10,5.0 inch - 10-15,10.00,10.00,+0%
patches-for-pants,Embroidery,UPDATE,6.0 inch - 10,6.0 inch - 10-15,11.00,11.00,+0%
patches-for-pants,Embroidery,UPDATE,7.0 inch - 10,7.0 inch - 10-15,12.00,12.00,+0%
patches-for-pants,Embroidery,UPDATE,8.0 inch - 10,8.0 inch - 10-15,14.00,14.00,+0%
patches-for-pants,Embroidery,UPDATE,9.0 inch - 10,9.0 inch - 10-15,16.00,16.00,+0%
patches-for-pants,Embroidery,UPDATE,10.0 inch - 10,10.0 inch - 10-15,18.00,18.00,+0%
patches-for-pants,Embroidery,UPDATE,11.0 inch - 10,11.0 inch - 10-15,20.00,20.00,+0%
patches-for-pants,Embroidery,UPDATE,12.0 inch - 10,12.0 inch - 10-15,22.00,22.00,+0%
patches-for-pants,Embroidery,UPDATE,13.0 inch - 10,13.0 inch - 10-15,23.00,23.00,+0%
patches-for-pants,Embroidery,UPDATE,14.0 inch - 10,14.0 inch - 10-15,24.20,24.20,+0%
patches-for-pants,Embroidery,UPDATE,15.0 inch - 10,15.0 inch - 10-15,25.40,25.40,+0%
patches-for-pants,Embroidery,UPDATE,16.0 inch - 10,16.0 inch - 10-15,26.60,26.60,+0%
patches-for-pants,Embroidery,UPDATE,1.0 inch - 11-25,1.0 inch - 16-25,6.36,3.75,-41%
patches-for-pants,Embroidery,UPDATE,1.5 inch - 11-25,1.5 inch - 16-25,6.36,3.80,-40%
patches-for-pants,Embroidery,UPDATE,2.0 inch - 11-25,2.0 inch - 16-25,6.36,3.95,-38%
patches-for-pants,Embroidery,UPDATE,2.5 inch - 11-25,2.5 inch - 16-25,6.36,4.50,-29%
patches-for-pants,Embroidery,UPDATE,3.0 inch - 11-25,3.0 inch - 16-25,6.36,5.00,-21%
patches-for-pants,Embroidery,UPDATE,3.5 inch - 11-25,3.5 inch - 16-25,6.36,5.20,-18%
patches-for-pants,Embroidery,UPDATE,4.0 inch - 11-25,4.0 inch - 16-25,6.36,5.80,-9%
patches-for-pants,Embroidery,UPDATE,4.5 inch - 11-25,4.5 inch - 16-25,6.36,6.00,-6%
patches-for-pants,Embroidery,UPDATE,5.0 inch - 11-25,5.0 inch - 16-25,7.20,7.20,+0%
patches-for-pants,Embroidery,UPDATE,6.0 inch - 11-25,6.0 inch - 16-25,7.30,7.30,+0%
patches-for-pants,Embroidery,UPDATE,7.0 inch - 11-25,7.0 inch - 16-25,9.00,9.00,+0%
patches-for-pants,Embroidery,UPDATE,8.0 inch - 11-25,8.0 inch - 16-25,11.00,11.00,+0%
patches-for-pants,Embroidery,UPDATE,9.0 inch - 11-25,9.0 inch - 16-25,13.00,13.00,+0%
patches-for-pants,Embroidery,UPDATE,10.0 inch - 11-25,10.0 inch - 16-25,16.00,16.00,+0%
patches-for-pants,Embroidery,UPDATE,11.0 inch - 11-25,11.0 inch - 16-25,18.00,18.00,+0%
patches-for-pants,Embroidery,UPDATE,12.0 inch - 11-25,12.0 inch - 16-25,20.00,20.00,+0%
patches-for-pants,Embroidery,UPDATE,13.0 inch - 11-25,13.0 inch - 16-25,21.00,21.00,+0%
patches-for-pants,Embroidery,UPDATE,14.0 inch - 11-25,14.0 inch - 16-25,22.50,22.50,+0%
patches-for-pants,Embroidery,UPDATE,15.0 inch - 11-25,15.0 inch - 16-25,23.70,23.70,+0%
patches-for-pants,Embroidery,UPDATE,16.0 inch - 11-25,16.0 inch - 16-25,24.80,24.80,+0%
patches-for-pants,Embroidery,UPDATE,1.0 inch - 26-50,1.0 inch - 26-50,3.75,3.75,+0%
patches-for-pants,Embroidery,UPDATE,1.5 inch - 26-50,1.5 inch - 26-50,3.75,3.75,+0%
patches-for-pants,Embroidery,UPDATE,2.0 inch - 26-50,2.0 inch - 26-50,3.75,3.75,+0%
patches-for-pants,Embroidery,UPDATE,2.5 inch - 26-50,2.5 inch - 26-50,3.75,3.75,+0%
patches-for-pants,Embroidery,UPDATE,3.0 inch - 26-50,3.0 inch - 26-50,3.75,3.75,+0%
patches-for-pants,Embroidery,UPDATE,3.5 inch - 26-50,3.5 inch - 26-50,3.80,3.80,+0%
patches-for-pants,Embroidery,UPDATE,4.0 inch - 26-50,4.0 inch - 26-50,3.80,3.80,+0%
patches-for-pants,Embroidery,UPDATE,4.5 inch - 26-50,4.5 inch - 26-50,4.00,4.00,+0%
patches-for-pants,Embroidery,UPDATE,5.0 inch - 26-50,5.0 inch - 26-50,4.50,4.50,+0%
patches-for-pants,Embroidery,UPDATE,6.0 inch - 26-50,6.0 inch - 26-50,6.00,6.00,+0%
patches-for-pants,Embroidery,UPDATE,7.0 inch - 26-50,7.0 inch - 26-50,8.00,8.00,+0%
patches-for-pants,Embroidery,UPDATE,8.0 inch - 26-50,8.0 inch - 26-50,10.00,10.00,+0%
patches-for-pants,Embroidery,UPDATE,9.0 inch - 26-50,9.0 inch - 26-50,12.00,12.00,+0%
patches-for-pants,Embroidery,UPDATE,10.0 inch - 26-50,10.0 inch - 26-50,15.00,15.00,+0%
patches-for-pants,Embroidery,UPDATE,11.0 inch - 26-50,11.0 inch - 26-50,16.00,16.00,+0%
patches-for-pants,Embroidery,UPDATE,12.0 inch - 26-50,12.0 inch - 26-50,18.00,18.00,+0%
patches-for-pants,Embroidery,UPDATE,13.0 inch - 26-50,13.0 inch - 26-50,19.00,19.00,+0%
patches-for-pants,Embroidery,UPDATE,14.0 inch - 26-50,14.0 inch - 26-50,20.20,20.20,+0%
patches-for-pants,Embroidery,UPDATE,15.0 inch - 26-50,15.0 inch - 26-50,21.40,21.40,+0%
patches-for-pants,Embroidery,UPDATE,16.0 inch - 26-50,16.0 inch - 26-50,22.70,22.70,+0%
patches-for-pants,Embroidery,UPDATE,1.0 inch - 51-100,1.0 inch - 51-100,2.40,2.40,+0%
patches-for-pants,Embroidery,UPDATE,1.5 inch - 51-100,1.5 inch - 51-100,2.40,2.40,+0%
patches-for-pants,Embroidery,UPDATE,2.0 inch - 51-100,2.0 inch - 51-100,2.40,2.40,+0%
patches-for-pants,Embroidery,UPDATE,2.5 inch - 51-100,2.5 inch - 51-100,2.40,2.20,-8%
patches-for-pants,Embroidery,UPDATE,3.0 inch - 51-100,3.0 inch - 51-100,2.40,2.14,-11%
patches-for-pants,Embroidery,UPDATE,3.5 inch - 51-100,3.5 inch - 51-100,2.50,2.50,+0%
patches-for-pants,Embroidery,UPDATE,4.0 inch - 51-100,4.0 inch - 51-100,2.86,2.86,+0%
patches-for-pants,Embroidery,UPDATE,4.5 inch - 51-100,4.5 inch - 51-100,3.21,3.21,+0%
patches-for-pants,Embroidery,UPDATE,5.0 inch - 51-100,5.0 inch - 51-100,3.58,3.58,+0%
patches-for-pants,Embroidery,UPDATE,6.0 inch - 51-100,6.0 inch - 51-100,4.29,4.29,+0%
patches-for-pants,Embroidery,UPDATE,7.0 inch - 51-100,7.0 inch - 51-100,5.01,5.01,+0%
patches-for-pants,Embroidery,UPDATE,8.0 inch - 51-100,8.0 inch - 51-100,5.72,5.72,+0%
patches-for-pants,Embroidery,UPDATE,9.0 inch - 51-100,9.0 inch - 51-100,6.43,6.43,+0%
patches-for-pants,Embroidery,UPDATE,10.0 inch - 51-100,10.0 inch - 51-100,7.15,7.15,+0%
patches-for-pants,Embroidery,UPDATE,11.0 inch - 51-100,11.0 inch - 51-100,7.87,7.87,+0%
patches-for-pants,Embroidery,UPDATE,12.0 inch - 51-100,12.0 inch - 51-100,8.59,8.59,+0%
patches-for-pants,Embroidery,UPDATE,13.0 inch - 51-100,13.0 inch - 51-100,10.20,10.20,+0%
patches-for-pants,Embroidery,UPDATE,14.0 inch - 51-100,14.0 inch - 51-100,11.40,11.40,+0%
patches-for-pants,Embroidery,UPDATE,15.0 inch - 51-100,15.0 inch - 51-100,12.80,12.80,+0%
patches-for-pants,Embroidery,UPDATE,16.0 inch - 51-100,16.0 inch - 51-100,13.90,13.90,+0%
patches-for-pants,Embroidery,UPDATE,1.0 inch - 101-199,1.0 inch - 101-200,0.70,2.20,+214%
patches-for-pants,Embroidery,UPDATE,1.5 inch - 101-199,1.5 inch - 101-200,0.79,2.20,+178%
patches-for-pants,Embroidery,UPDATE,2.0 inch - 101-199,2.0 inch - 101-200,1.06,2.20,+108%
patches-for-pants,Embroidery,UPDATE,2.5 inch - 101-199,2.5 inch - 101-200,1.33,2.05,+54%
patches-for-pants,Embroidery,UPDATE,3.0 inch - 101-199,3.0 inch - 101-200,1.59,1.98,+25%
patches-for-pants,Embroidery,UPDATE,3.5 inch - 101-199,3.5 inch - 101-200,1.86,2.20,+18%
patches-for-pants,Embroidery,UPDATE,4.0 inch - 101-199,4.0 inch - 101-200,2.11,2.50,+18%
patches-for-pants,Embroidery,UPDATE,4.5 inch - 101-199,4.5 inch - 101-200,2.38,3.00,+26%
patches-for-pants,Embroidery,UPDATE,5.0 inch - 101-199,5.0 inch - 101-200,2.64,3.30,+25%
patches-for-pants,Embroidery,UPDATE,6.0 inch - 101-199,6.0 inch - 101-200,3.18,4.05,+27%
patches-for-pants,Embroidery,UPDATE,7.0 inch - 101-199,7.0 inch - 101-200,3.71,4.80,+29%
patches-for-pants,Embroidery,UPDATE,8.0 inch - 101-199,8.0 inch - 101-200,4.23,5.40,+28%
patches-for-pants,Embroidery,UPDATE,9.0 inch - 101-199,9.0 inch - 101-200,4.76,6.10,+28%
patches-for-pants,Embroidery,UPDATE,10.0 inch - 101-199,10.0 inch - 101-200,5.30,6.90,+30%
patches-for-pants,Embroidery,UPDATE,11.0 inch - 101-199,11.0 inch - 101-200,5.82,7.40,+27%
patches-for-pants,Embroidery,UPDATE,12.0 inch - 101-199,12.0 inch - 101-200,6.35,8.30,+31%
patches-for-pants,Embroidery,UPDATE,13.0 inch - 101-199,13.0 inch - 101-200,7.50,9.90,+32%
patches-for-pants,Embroidery,UPDATE,14.0 inch - 101-199,14.0 inch - 101-200,8.80,11.05,+26%
patches-for-pants,Embroidery,UPDATE,15.0 inch - 101-199,15.0 inch - 101-200,9.95,12.20,+23%
patches-for-pants,Embroidery,UPDATE,16.0 inch - 101-199,16.0 inch - 101-200,10.95,13.30,+21%
patches-for-pants,Embroidery,UPDATE,1.0 inch - 200-499,1.0 inch - 201-300,0.38,1.80,+374%
patches-for-pants,Embroidery,UPDATE,1.5 inch - 200-499,1.5 inch - 201-300,0.56,1.80,+221%
patches-for-pants,Embroidery,UPDATE,2.0 inch - 200-499,2.0 inch - 201-300,0.71,1.80,+154%
patches-for-pants,Embroidery,UPDATE,2.5 inch - 200-499,2.5 inch - 201-300,0.94,1.80,+91%
patches-for-pants,Embroidery,UPDATE,3.0 inch - 200-499,3.0 inch - 201-300,1.11,1.50,+35%
patches-for-pants,Embroidery,UPDATE,3.5 inch - 200-499,3.5 inch - 201-300,1.30,1.80,+38%
patches-for-pants,Embroidery,UPDATE,4.0 inch - 200-499,4.0 inch - 201-300,1.49,2.00,+34%
patches-for-pants,Embroidery,UPDATE,4.5 inch - 200-499,4.5 inch - 201-300,1.68,2.55,+52%
patches-for-pants,Embroidery,UPDATE,5.0 inch - 200-499,5.0 inch - 201-300,1.86,3.00,+61%
patches-for-pants,Embroidery,UPDATE,6.0 inch - 200-499,6.0 inch - 201-300,2.24,3.80,+70%
patches-for-pants,Embroidery,UPDATE,7.0 inch - 200-499,7.0 inch - 201-300,2.60,4.50,+73%
patches-for-pants,Embroidery,UPDATE,8.0 inch - 200-499,8.0 inch - 201-300,2.98,5.10,+71%
patches-for-pants,Embroidery,UPDATE,9.0 inch - 200-499,9.0 inch - 201-300,3.34,5.90,+77%
patches-for-pants,Embroidery,UPDATE,10.0 inch - 200-499,10.0 inch - 201-300,3.72,6.50,+75%
patches-for-pants,Embroidery,UPDATE,11.0 inch - 200-499,11.0 inch - 201-300,4.09,7.10,+74%
patches-for-pants,Embroidery,UPDATE,12.0 inch - 200-499,12.0 inch - 201-300,4.47,8.00,+79%
patches-for-pants,Embroidery,UPDATE,13.0 inch - 200-499,13.0 inch - 201-300,5.60,9.60,+71%
patches-for-pants,Embroidery,UPDATE,14.0 inch - 200-499,14.0 inch - 201-300,6.75,10.80,+60%
patches-for-pants,Embroidery,UPDATE,15.0 inch - 200-499,15.0 inch - 201-300,7.80,12.00,+54%
patches-for-pants,Embroidery,UPDATE,16.0 inch - 200-499,16.0 inch - 201-300,8.85,13.00,+47%
patches-for-pants,Embroidery,UPDATE,1.0 inch - 500-999,1.0 inch - 301-400,0.27,1.60,+493%
patches-for-pants,Embroidery,UPDATE,1.5 inch - 500-999,1.5 inch - 301-400,0.41,1.60,+290%
patches-for-pants,Embroidery,UPDATE,2.0 inch - 500-999,2.0 inch - 301-400,0.54,1.60,+196%
patches-for-pants,Embroidery,UPDATE,2.5 inch - 500-999,2.5 inch - 301-400,0.68,1.60,+135%
patches-for-pants,Embroidery,UPDATE,3.0 inch - 500-999,3.0 inch - 301-400,0.81,1.20,+48%
patches-for-pants,Embroidery,UPDATE,3.5 inch - 500-999,3.5 inch - 301-400,0.94,1.60,+70%
patches-for-pants,Embroidery,UPDATE,4.0 inch - 500-999,4.0 inch - 301-400,1.09,1.80,+65%
patches-for-pants,Embroidery,UPDATE,4.5 inch - 500-999,4.5 inch - 301-400,1.22,2.45,+101%
patches-for-pants,Embroidery,UPDATE,5.0 inch - 500-999,5.0 inch - 301-400,1.36,2.80,+106%
patches-for-pants,Embroidery,UPDATE,6.0 inch - 500-999,6.0 inch - 301-400,1.64,3.60,+120%
patches-for-pants,Embroidery,UPDATE,7.0 inch - 500-999,7.0 inch - 301-400,1.90,4.30,+126%
patches-for-pants,Embroidery,UPDATE,8.0 inch - 500-999,8.0 inch - 301-400,2.17,4.80,+121%
patches-for-pants,Embroidery,UPDATE,9.0 inch - 500-999,9.0 inch - 301-400,2.45,5.70,+133%
patches-for-pants,Embroidery,UPDATE,10.0 inch - 500-999,10.0 inch - 301-400,2.72,6.30,+132%
patches-for-pants,Embroidery,UPDATE,11.0 inch - 500-999,11.0 inch - 301-400,2.99,6.80,+127%
patches-for-pants,Embroidery,UPDATE,12.0 inch - 500-999,12.0 inch - 301-400,3.26,7.80,+139%
patches-for-pants,Embroidery,UPDATE,13.0 inch - 500-999,13.0 inch - 301-400,4.30,9.30,+116%
patches-for-pants,Embroidery,UPDATE,14.0 inch - 500-999,14.0 inch - 301-400,5.45,10.40,+91%
patches-for-pants,Embroidery,UPDATE,15.0 inch - 500-999,15.0 inch - 301-400,6.80,11.80,+74%
patches-for-pants,Embroidery,UPDATE,16.0 inch - 500-999,16.0 inch - 301-400,7.95,12.80,+61%
patches-for-pants,Embroidery,UPDATE,1.0 inch - 1000+,1.0 inch - 401-500,0.25,1.40,+460%
patches-for-pants,Embroidery,UPDATE,1.5 inch - 1000+,1.5 inch - 401-500,0.37,1.40,+278%
patches-for-pants,Embroidery,UPDATE,2.0 inch - 1000+,2.0 inch - 401-500,0.49,1.40,+186%
patches-for-pants,Embroidery,UPDATE,2.5 inch - 1000+,2.5 inch - 401-500,0.61,1.40,+130%
patches-for-pants,Embroidery,UPDATE,3.0 inch - 1000+,3.0 inch - 401-500,0.73,1.00,+37%
patches-for-pants,Embroidery,UPDATE,3.5 inch - 1000+,3.5 inch - 401-500,0.84,1.40,+67%
patches-for-pants,Embroidery,UPDATE,4.0 inch - 1000+,4.0 inch - 401-500,0.98,1.60,+63%
patches-for-pants,Embroidery,UPDATE,4.5 inch - 1000+,4.5 inch - 401-500,1.11,2.25,+103%
patches-for-pants,Embroidery,UPDATE,5.0 inch - 1000+,5.0 inch - 401-500,1.21,2.60,+115%
patches-for-pants,Embroidery,UPDATE,6.0 inch - 1000+,6.0 inch - 401-500,1.46,3.40,+133%
patches-for-pants,Embroidery,UPDATE,7.0 inch - 1000+,7.0 inch - 401-500,1.70,4.10,+141%
patches-for-pants,Embroidery,UPDATE,8.0 inch - 1000+,8.0 inch - 401-500,1.96,4.60,+135%
patches-for-pants,Embroidery,UPDATE,9.0 inch - 1000+,9.0 inch - 401-500,2.19,5.50,+151%
patches-for-pants,Embroidery,UPDATE,10.0 inch - 1000+,10.0 inch - 401-500,2.43,6.10,+151%
patches-for-pants,Embroidery,UPDATE,11.0 inch - 1000+,11.0 inch - 401-500,2.67,6.50,+143%
patches-for-pants,Embroidery,UPDATE,12.0 inch - 1000+,12.0 inch - 401-500,2.92,7.60,+160%
patches-for-pants,Embroidery,UPDATE,13.0 inch - 1000+,13.0 inch - 401-500,3.98,9.10,+129%
patches-for-pants,Embroidery,UPDATE,14.0 inch - 1000+,14.0 inch - 401-500,5.10,10.20,+100%
patches-for-pants,Embroidery,UPDATE,15.0 inch - 1000+,15.0 inch - 401-500,6.40,11.50,+80%
patches-for-pants,Embroidery,UPDATE,16.0 inch - 1000+,16.0 inch - 401-500,7.60,12.40,+63%
patches-for-pants,Embroidery,CREATE,,1.0 inch - 501-700,,1.20,new
patches-for-pants,Embroidery,CREATE,,1.5 inch - 501-700,,1.20,new
patches-for-pants,Embroidery,CREATE,,2.0 inch - 501-700,,1.20,new
patches-for-pants,Embroidery,CREATE,,2.5 inch - 501-700,,1.20,new
patches-for-pants,Embroidery,CREATE,,3.0 inch - 501-700,,0.81,new
patches-for-pants,Embroidery,CREATE,,3.5 inch - 501-700,,1.05,new
patches-for-pants,Embroidery,CREATE,,4.0 inch - 501-700,,1.30,new
patches-for-pants,Embroidery,CREATE,,4.5 inch - 501-700,,2.00,new
patches-for-pants,Embroidery,CREATE,,5.0 inch - 501-700,,2.40,new
patches-for-pants,Embroidery,CREATE,,6.0 inch - 501-700,,3.10,new
patches-for-pants,Embroidery,CREATE,,7.0 inch - 501-700,,4.00,new
patches-for-pants,Embroidery,CREATE,,8.0 inch - 501-700,,4.30,new
patches-for-pants,Embroidery,CREATE,,9.0 inch - 501-700,,5.20,new
patches-for-pants,Embroidery,CREATE,,10.0 inch - 501-700,,5.80,new
patches-for-pants,Embroidery,CREATE,,11.0 inch - 501-700,,6.20,new
patches-for-pants,Embroidery,CREATE,,12.0 inch - 501-700,,7.30,new
patches-for-pants,Embroidery,CREATE,,13.0 inch - 501-700,,8.50,new
patches-for-pants,Embroidery,CREATE,,14.0 inch - 501-700,,9.50,new
patches-for-pants,Embroidery,CREATE,,15.0 inch - 501-700,,10.80,new
patches-for-pants,Embroidery,CREATE,,16.0 inch - 501-700,,12.00,new
patches-for-pants,Embroidery,CREATE,,1.0 inch - 701+,,0.95,new
patches-for-pants,Embroidery,CREATE,,1.5 inch - 701+,,0.95,new
patches-for-pants,Embroidery,CREATE,,2.0 inch - 701+,,0.95,new
patches-for-pants,Embroidery,CREATE,,2.5 inch - 701+,,0.95,new
patches-for-pants,Embroidery,CREATE,,3.0 inch - 701+,,0.75,new
patches-for-pants,Embroidery,CREATE,,3.5 inch - 701+,,1.00,new
patches-for-pants,Embroidery,CREATE,,4.0 inch - 701+,,1.10,new
patches-for-pants,Embroidery,CREATE,,4.5 inch - 701+,,1.80,new
patches-for-pants,Embroidery,CREATE,,5.0 inch - 701+,,2.20,new
patches-for-pants,Embroidery,CREATE,,6.0 inch - 701+,,2.80,new
patches-for-pants,Embroidery,CREATE,,7.0 inch - 701+,,3.80,new
patches-for-pants,Embroidery,CREATE,,8.0 inch - 701+,,4.00,new
patches-for-pants,Embroidery,CREATE,,9.0 inch - 701+,,5.00,new
patches-for-pants,Embroidery,CREATE,,10.0 inch - 701+,,5.50,new
patches-for-pants,Embroidery,CREATE,,11.0 inch - 701+,,6.00,new
patches-for-pants,Embroidery,CREATE,,12.0 inch - 701+,,7.00,new
patches-for-pants,Embroidery,CREATE,,13.0 inch - 701+,,8.20,new
patches-for-pants,Embroidery,CREATE,,14.0 inch - 701+,,9.00,new
patches-for-pants,Embroidery,CREATE,,15.0 inch - 701+,,10.00,new
patches-for-pants,Embroidery,CREATE,,16.0 inch - 701+,,12.00,new
patches-for-jeans,Embroidery,UPDATE,1.0 inch - 10,1.0 inch - 10-15,6.99,6.99,+0%
patches-for-jeans,Embroidery,UPDATE,1.5 inch - 10,1.5 inch - 10-15,6.99,6.99,+0%
patches-for-jeans,Embroidery,UPDATE,2.0 inch - 10,2.0 inch - 10-15,6.99,6.99,+0%
patches-for-jeans,Embroidery,UPDATE,2.5 inch - 10,2.5 inch - 10-15,6.99,6.99,+0%
patches-for-jeans,Embroidery,UPDATE,3.0 inch - 10,3.0 inch - 10-15,7.99,7.99,+0%
patches-for-jeans,Embroidery,UPDATE,3.5 inch - 10,3.5 inch - 10-15,7.99,7.99,+0%
patches-for-jeans,Embroidery,UPDATE,4.0 inch - 10,4.0 inch - 10-15,7.99,7.99,+0%
patches-for-jeans,Embroidery,UPDATE,4.5 inch - 10,4.5 inch - 10-15,8.99,8.99,+0%
patches-for-jeans,Embroidery,UPDATE,5.0 inch - 10,5.0 inch - 10-15,10.00,10.00,+0%
patches-for-jeans,Embroidery,UPDATE,6.0 inch - 10,6.0 inch - 10-15,11.00,11.00,+0%
patches-for-jeans,Embroidery,UPDATE,7.0 inch - 10,7.0 inch - 10-15,12.00,12.00,+0%
patches-for-jeans,Embroidery,UPDATE,8.0 inch - 10,8.0 inch - 10-15,14.00,14.00,+0%
patches-for-jeans,Embroidery,UPDATE,9.0 inch - 10,9.0 inch - 10-15,16.00,16.00,+0%
patches-for-jeans,Embroidery,UPDATE,10.0 inch - 10,10.0 inch - 10-15,18.00,18.00,+0%
patches-for-jeans,Embroidery,UPDATE,11.0 inch - 10,11.0 inch - 10-15,20.00,20.00,+0%
patches-for-jeans,Embroidery,UPDATE,12.0 inch - 10,12.0 inch - 10-15,22.00,22.00,+0%
patches-for-jeans,Embroidery,UPDATE,13.0 inch - 10,13.0 inch - 10-15,23.00,23.00,+0%
patches-for-jeans,Embroidery,UPDATE,14.0 inch - 10,14.0 inch - 10-15,24.20,24.20,+0%
patches-for-jeans,Embroidery,UPDATE,15.0 inch - 10,15.0 inch - 10-15,25.40,25.40,+0%
patches-for-jeans,Embroidery,UPDATE,16.0 inch - 10,16.0 inch - 10-15,26.60,26.60,+0%
patches-for-jeans,Embroidery,UPDATE,1.0 inch - 11-25,1.0 inch - 16-25,6.36,3.75,-41%
patches-for-jeans,Embroidery,UPDATE,1.5 inch - 11-25,1.5 inch - 16-25,6.36,3.80,-40%
patches-for-jeans,Embroidery,UPDATE,2.0 inch - 11-25,2.0 inch - 16-25,6.36,3.95,-38%
patches-for-jeans,Embroidery,UPDATE,2.5 inch - 11-25,2.5 inch - 16-25,6.36,4.50,-29%
patches-for-jeans,Embroidery,UPDATE,3.0 inch - 11-25,3.0 inch - 16-25,6.36,5.00,-21%
patches-for-jeans,Embroidery,UPDATE,3.5 inch - 11-25,3.5 inch - 16-25,6.36,5.20,-18%
patches-for-jeans,Embroidery,UPDATE,4.0 inch - 11-25,4.0 inch - 16-25,6.36,5.80,-9%
patches-for-jeans,Embroidery,UPDATE,4.5 inch - 11-25,4.5 inch - 16-25,6.36,6.00,-6%
patches-for-jeans,Embroidery,UPDATE,5.0 inch - 11-25,5.0 inch - 16-25,7.20,7.20,+0%
patches-for-jeans,Embroidery,UPDATE,6.0 inch - 11-25,6.0 inch - 16-25,7.30,7.30,+0%
patches-for-jeans,Embroidery,UPDATE,7.0 inch - 11-25,7.0 inch - 16-25,9.00,9.00,+0%
patches-for-jeans,Embroidery,UPDATE,8.0 inch - 11-25,8.0 inch - 16-25,11.00,11.00,+0%
patches-for-jeans,Embroidery,UPDATE,9.0 inch - 11-25,9.0 inch - 16-25,13.00,13.00,+0%
patches-for-jeans,Embroidery,UPDATE,10.0 inch - 11-25,10.0 inch - 16-25,16.00,16.00,+0%
patches-for-jeans,Embroidery,UPDATE,11.0 inch - 11-25,11.0 inch - 16-25,18.00,18.00,+0%
patches-for-jeans,Embroidery,UPDATE,12.0 inch - 11-25,12.0 inch - 16-25,20.00,20.00,+0%
patches-for-jeans,Embroidery,UPDATE,13.0 inch - 11-25,13.0 inch - 16-25,21.00,21.00,+0%
patches-for-jeans,Embroidery,UPDATE,14.0 inch - 11-25,14.0 inch - 16-25,22.50,22.50,+0%
patches-for-jeans,Embroidery,UPDATE,15.0 inch - 11-25,15.0 inch - 16-25,23.70,23.70,+0%
patches-for-jeans,Embroidery,UPDATE,16.0 inch - 11-25,16.0 inch - 16-25,24.80,24.80,+0%
patches-for-jeans,Embroidery,UPDATE,1.0 inch - 26-50,1.0 inch - 26-50,3.75,3.75,+0%
patches-for-jeans,Embroidery,UPDATE,1.5 inch - 26-50,1.5 inch - 26-50,3.75,3.75,+0%
patches-for-jeans,Embroidery,UPDATE,2.0 inch - 26-50,2.0 inch - 26-50,3.75,3.75,+0%
patches-for-jeans,Embroidery,UPDATE,2.5 inch - 26-50,2.5 inch - 26-50,3.75,3.75,+0%
patches-for-jeans,Embroidery,UPDATE,3.0 inch - 26-50,3.0 inch - 26-50,3.75,3.75,+0%
patches-for-jeans,Embroidery,UPDATE,3.5 inch - 26-50,3.5 inch - 26-50,3.80,3.80,+0%
patches-for-jeans,Embroidery,UPDATE,4.0 inch - 26-50,4.0 inch - 26-50,3.80,3.80,+0%
patches-for-jeans,Embroidery,UPDATE,4.5 inch - 26-50,4.5 inch - 26-50,4.00,4.00,+0%
patches-for-jeans,Embroidery,UPDATE,5.0 inch - 26-50,5.0 inch - 26-50,4.50,4.50,+0%
patches-for-jeans,Embroidery,UPDATE,6.0 inch - 26-50,6.0 inch - 26-50,6.00,6.00,+0%
patches-for-jeans,Embroidery,UPDATE,7.0 inch - 26-50,7.0 inch - 26-50,8.00,8.00,+0%
patches-for-jeans,Embroidery,UPDATE,8.0 inch - 26-50,8.0 inch - 26-50,10.00,10.00,+0%
patches-for-jeans,Embroidery,UPDATE,9.0 inch - 26-50,9.0 inch - 26-50,12.00,12.00,+0%
patches-for-jeans,Embroidery,UPDATE,10.0 inch - 26-50,10.0 inch - 26-50,15.00,15.00,+0%
patches-for-jeans,Embroidery,UPDATE,11.0 inch - 26-50,11.0 inch - 26-50,16.00,16.00,+0%
patches-for-jeans,Embroidery,UPDATE,12.0 inch - 26-50,12.0 inch - 26-50,18.00,18.00,+0%
patches-for-jeans,Embroidery,UPDATE,13.0 inch - 26-50,13.0 inch - 26-50,19.00,19.00,+0%
patches-for-jeans,Embroidery,UPDATE,14.0 inch - 26-50,14.0 inch - 26-50,20.20,20.20,+0%
patches-for-jeans,Embroidery,UPDATE,15.0 inch - 26-50,15.0 inch - 26-50,21.40,21.40,+0%
patches-for-jeans,Embroidery,UPDATE,16.0 inch - 26-50,16.0 inch - 26-50,22.70,22.70,+0%
patches-for-jeans,Embroidery,UPDATE,1.0 inch - 51-100,1.0 inch - 51-100,2.40,2.40,+0%
patches-for-jeans,Embroidery,UPDATE,1.5 inch - 51-100,1.5 inch - 51-100,2.40,2.40,+0%
patches-for-jeans,Embroidery,UPDATE,2.0 inch - 51-100,2.0 inch - 51-100,2.40,2.40,+0%
patches-for-jeans,Embroidery,UPDATE,2.5 inch - 51-100,2.5 inch - 51-100,2.40,2.20,-8%
patches-for-jeans,Embroidery,UPDATE,3.0 inch - 51-100,3.0 inch - 51-100,2.40,2.14,-11%
patches-for-jeans,Embroidery,UPDATE,3.5 inch - 51-100,3.5 inch - 51-100,2.50,2.50,+0%
patches-for-jeans,Embroidery,UPDATE,4.0 inch - 51-100,4.0 inch - 51-100,2.86,2.86,+0%
patches-for-jeans,Embroidery,UPDATE,4.5 inch - 51-100,4.5 inch - 51-100,3.21,3.21,+0%
patches-for-jeans,Embroidery,UPDATE,5.0 inch - 51-100,5.0 inch - 51-100,3.58,3.58,+0%
patches-for-jeans,Embroidery,UPDATE,6.0 inch - 51-100,6.0 inch - 51-100,4.29,4.29,+0%
patches-for-jeans,Embroidery,UPDATE,7.0 inch - 51-100,7.0 inch - 51-100,5.01,5.01,+0%
patches-for-jeans,Embroidery,UPDATE,8.0 inch - 51-100,8.0 inch - 51-100,5.72,5.72,+0%
patches-for-jeans,Embroidery,UPDATE,9.0 inch - 51-100,9.0 inch - 51-100,6.43,6.43,+0%
patches-for-jeans,Embroidery,UPDATE,10.0 inch - 51-100,10.0 inch - 51-100,7.15,7.15,+0%
patches-for-jeans,Embroidery,UPDATE,11.0 inch - 51-100,11.0 inch - 51-100,7.87,7.87,+0%
patches-for-jeans,Embroidery,UPDATE,12.0 inch - 51-100,12.0 inch - 51-100,8.59,8.59,+0%
patches-for-jeans,Embroidery,UPDATE,13.0 inch - 51-100,13.0 inch - 51-100,10.20,10.20,+0%
patches-for-jeans,Embroidery,UPDATE,14.0 inch - 51-100,14.0 inch - 51-100,11.40,11.40,+0%
patches-for-jeans,Embroidery,UPDATE,15.0 inch - 51-100,15.0 inch - 51-100,12.80,12.80,+0%
patches-for-jeans,Embroidery,UPDATE,16.0 inch - 51-100,16.0 inch - 51-100,13.90,13.90,+0%
patches-for-jeans,Embroidery,UPDATE,1.0 inch - 101-199,1.0 inch - 101-200,0.70,2.20,+214%
patches-for-jeans,Embroidery,UPDATE,1.5 inch - 101-199,1.5 inch - 101-200,0.79,2.20,+178%
patches-for-jeans,Embroidery,UPDATE,2.0 inch - 101-199,2.0 inch - 101-200,1.06,2.20,+108%
patches-for-jeans,Embroidery,UPDATE,2.5 inch - 101-199,2.5 inch - 101-200,1.33,2.05,+54%
patches-for-jeans,Embroidery,UPDATE,3.0 inch - 101-199,3.0 inch - 101-200,1.59,1.98,+25%
patches-for-jeans,Embroidery,UPDATE,3.5 inch - 101-199,3.5 inch - 101-200,1.86,2.20,+18%
patches-for-jeans,Embroidery,UPDATE,4.0 inch - 101-199,4.0 inch - 101-200,2.11,2.50,+18%
patches-for-jeans,Embroidery,UPDATE,4.5 inch - 101-199,4.5 inch - 101-200,2.38,3.00,+26%
patches-for-jeans,Embroidery,UPDATE,5.0 inch - 101-199,5.0 inch - 101-200,2.64,3.30,+25%
patches-for-jeans,Embroidery,UPDATE,6.0 inch - 101-199,6.0 inch - 101-200,3.18,4.05,+27%
patches-for-jeans,Embroidery,UPDATE,7.0 inch - 101-199,7.0 inch - 101-200,3.71,4.80,+29%
patches-for-jeans,Embroidery,UPDATE,8.0 inch - 101-199,8.0 inch - 101-200,4.23,5.40,+28%
patches-for-jeans,Embroidery,UPDATE,9.0 inch - 101-199,9.0 inch - 101-200,4.76,6.10,+28%
patches-for-jeans,Embroidery,UPDATE,10.0 inch - 101-199,10.0 inch - 101-200,5.30,6.90,+30%
patches-for-jeans,Embroidery,UPDATE,11.0 inch - 101-199,11.0 inch - 101-200,5.82,7.40,+27%
patches-for-jeans,Embroidery,UPDATE,12.0 inch - 101-199,12.0 inch - 101-200,6.35,8.30,+31%
patches-for-jeans,Embroidery,UPDATE,13.0 inch - 101-199,13.0 inch - 101-200,7.50,9.90,+32%
patches-for-jeans,Embroidery,UPDATE,14.0 inch - 101-199,14.0 inch - 101-200,8.80,11.05,+26%
patches-for-jeans,Embroidery,UPDATE,15.0 inch - 101-199,15.0 inch - 101-200,9.95,12.20,+23%
patches-for-jeans,Embroidery,UPDATE,16.0 inch - 101-199,16.0 inch - 101-200,10.95,13.30,+21%
patches-for-jeans,Embroidery,UPDATE,1.0 inch - 200-499,1.0 inch - 201-300,0.38,1.80,+374%
patches-for-jeans,Embroidery,UPDATE,1.5 inch - 200-499,1.5 inch - 201-300,0.56,1.80,+221%
patches-for-jeans,Embroidery,UPDATE,2.0 inch - 200-499,2.0 inch - 201-300,0.71,1.80,+154%
patches-for-jeans,Embroidery,UPDATE,2.5 inch - 200-499,2.5 inch - 201-300,0.94,1.80,+91%
patches-for-jeans,Embroidery,UPDATE,3.0 inch - 200-499,3.0 inch - 201-300,1.11,1.50,+35%
patches-for-jeans,Embroidery,UPDATE,3.5 inch - 200-499,3.5 inch - 201-300,1.30,1.80,+38%
patches-for-jeans,Embroidery,UPDATE,4.0 inch - 200-499,4.0 inch - 201-300,1.49,2.00,+34%
patches-for-jeans,Embroidery,UPDATE,4.5 inch - 200-499,4.5 inch - 201-300,1.68,2.55,+52%
patches-for-jeans,Embroidery,UPDATE,5.0 inch - 200-499,5.0 inch - 201-300,1.86,3.00,+61%
patches-for-jeans,Embroidery,UPDATE,6.0 inch - 200-499,6.0 inch - 201-300,2.24,3.80,+70%
patches-for-jeans,Embroidery,UPDATE,7.0 inch - 200-499,7.0 inch - 201-300,2.60,4.50,+73%
patches-for-jeans,Embroidery,UPDATE,8.0 inch - 200-499,8.0 inch - 201-300,2.98,5.10,+71%
patches-for-jeans,Embroidery,UPDATE,9.0 inch - 200-499,9.0 inch - 201-300,3.34,5.90,+77%
patches-for-jeans,Embroidery,UPDATE,10.0 inch - 200-499,10.0 inch - 201-300,3.72,6.50,+75%
patches-for-jeans,Embroidery,UPDATE,11.0 inch - 200-499,11.0 inch - 201-300,4.09,7.10,+74%
patches-for-jeans,Embroidery,UPDATE,12.0 inch - 200-499,12.0 inch - 201-300,4.47,8.00,+79%
patches-for-jeans,Embroidery,UPDATE,13.0 inch - 200-499,13.0 inch - 201-300,5.60,9.60,+71%
patches-for-jeans,Embroidery,UPDATE,14.0 inch - 200-499,14.0 inch - 201-300,6.75,10.80,+60%
patches-for-jeans,Embroidery,UPDATE,15.0 inch - 200-499,15.0 inch - 201-300,7.80,12.00,+54%
patches-for-jeans,Embroidery,UPDATE,16.0 inch - 200-499,16.0 inch - 201-300,8.85,13.00,+47%
patches-for-jeans,Embroidery,UPDATE,1.0 inch - 500-999,1.0 inch - 301-400,0.27,1.60,+493%
patches-for-jeans,Embroidery,UPDATE,1.5 inch - 500-999,1.5 inch - 301-400,0.41,1.60,+290%
patches-for-jeans,Embroidery,UPDATE,2.0 inch - 500-999,2.0 inch - 301-400,0.54,1.60,+196%
patches-for-jeans,Embroidery,UPDATE,2.5 inch - 500-999,2.5 inch - 301-400,0.68,1.60,+135%
patches-for-jeans,Embroidery,UPDATE,3.0 inch - 500-999,3.0 inch - 301-400,0.81,1.20,+48%
patches-for-jeans,Embroidery,UPDATE,3.5 inch - 500-999,3.5 inch - 301-400,0.94,1.60,+70%
patches-for-jeans,Embroidery,UPDATE,4.0 inch - 500-999,4.0 inch - 301-400,1.09,1.80,+65%
patches-for-jeans,Embroidery,UPDATE,4.5 inch - 500-999,4.5 inch - 301-400,1.22,2.45,+101%
patches-for-jeans,Embroidery,UPDATE,5.0 inch - 500-999,5.0 inch - 301-400,1.36,2.80,+106%
patches-for-jeans,Embroidery,UPDATE,6.0 inch - 500-999,6.0 inch - 301-400,1.64,3.60,+120%
patches-for-jeans,Embroidery,UPDATE,7.0 inch - 500-999,7.0 inch - 301-400,1.90,4.30,+126%
patches-for-jeans,Embroidery,UPDATE,8.0 inch - 500-999,8.0 inch - 301-400,2.17,4.80,+121%
patches-for-jeans,Embroidery,UPDATE,9.0 inch - 500-999,9.0 inch - 301-400,2.45,5.70,+133%
patches-for-jeans,Embroidery,UPDATE,10.0 inch - 500-999,10.0 inch - 301-400,2.72,6.30,+132%
patches-for-jeans,Embroidery,UPDATE,11.0 inch - 500-999,11.0 inch - 301-400,2.99,6.80,+127%
patches-for-jeans,Embroidery,UPDATE,12.0 inch - 500-999,12.0 inch - 301-400,3.26,7.80,+139%
patches-for-jeans,Embroidery,UPDATE,13.0 inch - 500-999,13.0 inch - 301-400,4.30,9.30,+116%
patches-for-jeans,Embroidery,UPDATE,14.0 inch - 500-999,14.0 inch - 301-400,5.45,10.40,+91%
patches-for-jeans,Embroidery,UPDATE,15.0 inch - 500-999,15.0 inch - 301-400,6.80,11.80,+74%
patches-for-jeans,Embroidery,UPDATE,16.0 inch - 500-999,16.0 inch - 301-400,7.95,12.80,+61%
patches-for-jeans,Embroidery,UPDATE,1.0 inch - 1000+,1.0 inch - 401-500,0.25,1.40,+460%
patches-for-jeans,Embroidery,UPDATE,1.5 inch - 1000+,1.5 inch - 401-500,0.37,1.40,+278%
patches-for-jeans,Embroidery,UPDATE,2.0 inch - 1000+,2.0 inch - 401-500,0.49,1.40,+186%
patches-for-jeans,Embroidery,UPDATE,2.5 inch - 1000+,2.5 inch - 401-500,0.61,1.40,+130%
patches-for-jeans,Embroidery,UPDATE,3.0 inch - 1000+,3.0 inch - 401-500,0.73,1.00,+37%
patches-for-jeans,Embroidery,UPDATE,3.5 inch - 1000+,3.5 inch - 401-500,0.84,1.40,+67%
patches-for-jeans,Embroidery,UPDATE,4.0 inch - 1000+,4.0 inch - 401-500,0.98,1.60,+63%
patches-for-jeans,Embroidery,UPDATE,4.5 inch - 1000+,4.5 inch - 401-500,1.11,2.25,+103%
patches-for-jeans,Embroidery,UPDATE,5.0 inch - 1000+,5.0 inch - 401-500,1.21,2.60,+115%
patches-for-jeans,Embroidery,UPDATE,6.0 inch - 1000+,6.0 inch - 401-500,1.46,3.40,+133%
patches-for-jeans,Embroidery,UPDATE,7.0 inch - 1000+,7.0 inch - 401-500,1.70,4.10,+141%
patches-for-jeans,Embroidery,UPDATE,8.0 inch - 1000+,8.0 inch - 401-500,1.96,4.60,+135%
patches-for-jeans,Embroidery,UPDATE,9.0 inch - 1000+,9.0 inch - 401-500,2.19,5.50,+151%
patches-for-jeans,Embroidery,UPDATE,10.0 inch - 1000+,10.0 inch - 401-500,2.43,6.10,+151%
patches-for-jeans,Embroidery,UPDATE,11.0 inch - 1000+,11.0 inch - 401-500,2.67,6.50,+143%
patches-for-jeans,Embroidery,UPDATE,12.0 inch - 1000+,12.0 inch - 401-500,2.92,7.60,+160%
patches-for-jeans,Embroidery,UPDATE,13.0 inch - 1000+,13.0 inch - 401-500,3.98,9.10,+129%
patches-for-jeans,Embroidery,UPDATE,14.0 inch - 1000+,14.0 inch - 401-500,5.10,10.20,+100%
patches-for-jeans,Embroidery,UPDATE,15.0 inch - 1000+,15.0 inch - 401-500,6.40,11.50,+80%
patches-for-jeans,Embroidery,UPDATE,16.0 inch - 1000+,16.0 inch - 401-500,7.60,12.40,+63%
patches-for-jeans,Embroidery,CREATE,,1.0 inch - 501-700,,1.20,new
patches-for-jeans,Embroidery,CREATE,,1.5 inch - 501-700,,1.20,new
patches-for-jeans,Embroidery,CREATE,,2.0 inch - 501-700,,1.20,new
patches-for-jeans,Embroidery,CREATE,,2.5 inch - 501-700,,1.20,new
patches-for-jeans,Embroidery,CREATE,,3.0 inch - 501-700,,0.81,new
patches-for-jeans,Embroidery,CREATE,,3.5 inch - 501-700,,1.05,new
patches-for-jeans,Embroidery,CREATE,,4.0 inch - 501-700,,1.30,new
patches-for-jeans,Embroidery,CREATE,,4.5 inch - 501-700,,2.00,new
patches-for-jeans,Embroidery,CREATE,,5.0 inch - 501-700,,2.40,new
patches-for-jeans,Embroidery,CREATE,,6.0 inch - 501-700,,3.10,new
patches-for-jeans,Embroidery,CREATE,,7.0 inch - 501-700,,4.00,new
patches-for-jeans,Embroidery,CREATE,,8.0 inch - 501-700,,4.30,new
patches-for-jeans,Embroidery,CREATE,,9.0 inch - 501-700,,5.20,new
patches-for-jeans,Embroidery,CREATE,,10.0 inch - 501-700,,5.80,new
patches-for-jeans,Embroidery,CREATE,,11.0 inch - 501-700,,6.20,new
patches-for-jeans,Embroidery,CREATE,,12.0 inch - 501-700,,7.30,new
patches-for-jeans,Embroidery,CREATE,,13.0 inch - 501-700,,8.50,new
patches-for-jeans,Embroidery,CREATE,,14.0 inch - 501-700,,9.50,new
patches-for-jeans,Embroidery,CREATE,,15.0 inch - 501-700,,10.80,new
patches-for-jeans,Embroidery,CREATE,,16.0 inch - 501-700,,12.00,new
patches-for-jeans,Embroidery,CREATE,,1.0 inch - 701+,,0.95,new
patches-for-jeans,Embroidery,CREATE,,1.5 inch - 701+,,0.95,new
patches-for-jeans,Embroidery,CREATE,,2.0 inch - 701+,,0.95,new
patches-for-jeans,Embroidery,CREATE,,2.5 inch - 701+,,0.95,new
patches-for-jeans,Embroidery,CREATE,,3.0 inch - 701+,,0.75,new
patches-for-jeans,Embroidery,CREATE,,3.5 inch - 701+,,1.00,new
patches-for-jeans,Embroidery,CREATE,,4.0 inch - 701+,,1.10,new
patches-for-jeans,Embroidery,CREATE,,4.5 inch - 701+,,1.80,new
patches-for-jeans,Embroidery,CREATE,,5.0 inch - 701+,,2.20,new
patches-for-jeans,Embroidery,CREATE,,6.0 inch - 701+,,2.80,new
patches-for-jeans,Embroidery,CREATE,,7.0 inch - 701+,,3.80,new
patches-for-jeans,Embroidery,CREATE,,8.0 inch - 701+,,4.00,new
patches-for-jeans,Embroidery,CREATE,,9.0 inch - 701+,,5.00,new
patches-for-jeans,Embroidery,CREATE,,10.0 inch - 701+,,5.50,new
patches-for-jeans,Embroidery,CREATE,,11.0 inch - 701+,,6.00,new
patches-for-jeans,Embroidery,CREATE,,12.0 inch - 701+,,7.00,new
patches-for-jeans,Embroidery,CREATE,,13.0 inch - 701+,,8.20,new
patches-for-jeans,Embroidery,CREATE,,14.0 inch - 701+,,9.00,new
patches-for-jeans,Embroidery,CREATE,,15.0 inch - 701+,,10.00,new
patches-for-jeans,Embroidery,CREATE,,16.0 inch - 701+,,12.00,new
leather-patches-for-jackets,Original Leather engraving,UPDATE,1.5 inch - 25-49,1.5 inch - 25-49,3.00,4.00,+33%
leather-patches-for-jackets,Original Leather engraving,UPDATE,2.0 inch - 25-49,2.0 inch - 25-49,2.84,4.20,+48%
leather-patches-for-jackets,Original Leather engraving,UPDATE,2.5 inch - 25-49,2.5 inch - 25-49,3.20,4.60,+44%
leather-patches-for-jackets,Original Leather engraving,UPDATE,3.0 inch - 25-49,3.0 inch - 25-49,3.53,4.80,+36%
leather-patches-for-jackets,Original Leather engraving,UPDATE,3.5 inch - 25-49,3.5 inch - 25-49,3.83,5.00,+31%
leather-patches-for-jackets,Original Leather engraving,UPDATE,4.0 inch - 25-49,4.0 inch - 25-49,4.17,5.20,+25%
leather-patches-for-jackets,Original Leather engraving,UPDATE,4.5 inch - 25-49,4.5 inch - 25-49,4.34,5.40,+24%
leather-patches-for-jackets,Original Leather engraving,UPDATE,6.0 inch - 25-49,6.0 inch - 25-49,4.52,5.60,+24%
leather-patches-for-jackets,Original Leather engraving,UPDATE,1.5 inch - 50-99,1.5 inch - 50-99,1.62,3.50,+116%
leather-patches-for-jackets,Original Leather engraving,UPDATE,2.0 inch - 50-99,2.0 inch - 50-99,1.92,3.70,+93%
leather-patches-for-jackets,Original Leather engraving,UPDATE,2.5 inch - 50-99,2.5 inch - 50-99,2.33,4.00,+72%
leather-patches-for-jackets,Original Leather engraving,UPDATE,3.0 inch - 50-99,3.0 inch - 50-99,2.84,4.20,+48%
leather-patches-for-jackets,Original Leather engraving,UPDATE,3.5 inch - 50-99,3.5 inch - 50-99,3.20,4.50,+41%
leather-patches-for-jackets,Original Leather engraving,UPDATE,4.0 inch - 50-99,4.0 inch - 50-99,3.36,4.00,+19%
leather-patches-for-jackets,Original Leather engraving,UPDATE,4.5 inch - 50-99,4.5 inch - 50-99,3.59,4.50,+25%
leather-patches-for-jackets,Original Leather engraving,UPDATE,6.0 inch - 50-99,6.0 inch - 50-99,3.77,4.70,+25%
leather-patches-for-jackets,Original Leather engraving,UPDATE,1.5 inch - 100-199,1.5 inch - 100-199,1.16,1.90,+64%
leather-patches-for-jackets,Original Leather engraving,UPDATE,2.0 inch - 100-199,2.0 inch - 100-199,1.49,2.00,+34%
leather-patches-for-jackets,Original Leather engraving,UPDATE,2.5 inch - 100-199,2.5 inch - 100-199,1.97,2.10,+7%
leather-patches-for-jackets,Original Leather engraving,UPDATE,3.0 inch - 100-199,3.0 inch - 100-199,2.30,2.30,+0%
leather-patches-for-jackets,Original Leather engraving,UPDATE,3.5 inch - 100-199,3.5 inch - 100-199,2.37,2.40,+1%
leather-patches-for-jackets,Original Leather engraving,UPDATE,4.0 inch - 100-199,4.0 inch - 100-199,2.54,2.60,+2%
leather-patches-for-jackets,Original Leather engraving,UPDATE,4.5 inch - 100-199,4.5 inch - 100-199,2.72,2.80,+3%
leather-patches-for-jackets,Original Leather engraving,UPDATE,6.0 inch - 100-199,6.0 inch - 100-199,2.90,3.00,+3%
leather-patches-for-jackets,Original Leather engraving,UPDATE,1.5 inch - 200-499,1.5 inch - 200-499,0.89,1.50,+69%
leather-patches-for-jackets,Original Leather engraving,UPDATE,2.0 inch - 200-499,2.0 inch - 200-499,1.20,1.60,+33%
leather-patches-for-jackets,Original Leather engraving,UPDATE,2.5 inch - 200-499,2.5 inch - 200-499,1.71,1.80,+5%
leather-patches-for-jackets,Original Leather engraving,UPDATE,3.0 inch - 200-499,3.0 inch - 200-499,1.82,1.95,+7%
leather-patches-for-jackets,Original Leather engraving,UPDATE,3.5 inch - 200-499,3.5 inch - 200-499,1.92,2.10,+9%
leather-patches-for-jackets,Original Leather engraving,UPDATE,4.0 inch - 200-499,4.0 inch - 200-499,2.15,2.20,+2%
leather-patches-for-jackets,Original Leather engraving,UPDATE,4.5 inch - 200-499,4.5 inch - 200-499,2.33,2.30,-1%
leather-patches-for-jackets,Original Leather engraving,UPDATE,6.0 inch - 200-499,6.0 inch - 200-499,2.43,2.50,+3%
leather-patches-for-jackets,Original Leather engraving,UPDATE,1.5 inch - 500-999,1.5 inch - 500-999,0.80,1.20,+50%
leather-patches-for-jackets,Original Leather engraving,UPDATE,2.0 inch - 500-999,2.0 inch - 500-999,1.13,1.25,+11%
leather-patches-for-jackets,Original Leather engraving,UPDATE,2.5 inch - 500-999,2.5 inch - 500-999,1.34,1.30,-3%
leather-patches-for-jackets,Original Leather engraving,UPDATE,3.0 inch - 500-999,3.0 inch - 500-999,1.41,1.50,+6%
leather-patches-for-jackets,Original Leather engraving,UPDATE,3.5 inch - 500-999,3.5 inch - 500-999,1.50,1.60,+7%
leather-patches-for-jackets,Original Leather engraving,UPDATE,4.0 inch - 500-999,4.0 inch - 500-999,1.74,1.80,+3%
leather-patches-for-jackets,Original Leather engraving,UPDATE,4.5 inch - 500-999,4.5 inch - 500-999,1.92,2.00,+4%
leather-patches-for-jackets,Original Leather engraving,UPDATE,6.0 inch - 500-999,6.0 inch - 500-999,2.03,2.20,+8%
leather-patches-for-jackets,Original Leather engraving,UPDATE,1.5 inch - 1000+,1.5 inch - 1000+,0.75,0.80,+7%
leather-patches-for-jackets,Original Leather engraving,UPDATE,2.0 inch - 1000+,2.0 inch - 1000+,1.07,0.85,-21%
leather-patches-for-jackets,Original Leather engraving,UPDATE,2.5 inch - 1000+,2.5 inch - 1000+,1.22,0.90,-26%
leather-patches-for-jackets,Original Leather engraving,UPDATE,3.0 inch - 1000+,3.0 inch - 1000+,1.31,1.00,-24%
leather-patches-for-jackets,Original Leather engraving,UPDATE,3.5 inch - 1000+,3.5 inch - 1000+,1.40,1.10,-21%
leather-patches-for-jackets,Original Leather engraving,UPDATE,4.0 inch - 1000+,4.0 inch - 1000+,1.58,1.02,-35%
leather-patches-for-jackets,Original Leather engraving,UPDATE,4.5 inch - 1000+,4.5 inch - 1000+,1.74,1.30,-25%
leather-patches-for-jackets,Original Leather engraving,UPDATE,6.0 inch - 1000+,6.0 inch - 1000+,1.92,1.50,-22%
patches-for-hoodies,Embroidery,UPDATE,1.0 inch - 10,1.0 inch - 10-15,6.99,6.99,+0%
patches-for-hoodies,Embroidery,UPDATE,1.5 inch - 10,1.5 inch - 10-15,6.99,6.99,+0%
patches-for-hoodies,Embroidery,UPDATE,2.0 inch - 10,2.0 inch - 10-15,6.99,6.99,+0%
patches-for-hoodies,Embroidery,UPDATE,2.5 inch - 10,2.5 inch - 10-15,6.99,6.99,+0%
patches-for-hoodies,Embroidery,UPDATE,3.0 inch - 10,3.0 inch - 10-15,7.99,7.99,+0%
patches-for-hoodies,Embroidery,UPDATE,3.5 inch - 10,3.5 inch - 10-15,7.99,7.99,+0%
patches-for-hoodies,Embroidery,UPDATE,4.0 inch - 10,4.0 inch - 10-15,7.99,7.99,+0%
patches-for-hoodies,Embroidery,UPDATE,4.5 inch - 10,4.5 inch - 10-15,8.99,8.99,+0%
patches-for-hoodies,Embroidery,UPDATE,5.0 inch - 10,5.0 inch - 10-15,10.00,10.00,+0%
patches-for-hoodies,Embroidery,UPDATE,6.0 inch - 10,6.0 inch - 10-15,11.00,11.00,+0%
patches-for-hoodies,Embroidery,UPDATE,7.0 inch - 10,7.0 inch - 10-15,12.00,12.00,+0%
patches-for-hoodies,Embroidery,UPDATE,8.0 inch - 10,8.0 inch - 10-15,14.00,14.00,+0%
patches-for-hoodies,Embroidery,UPDATE,9.0 inch - 10,9.0 inch - 10-15,16.00,16.00,+0%
patches-for-hoodies,Embroidery,UPDATE,10.0 inch - 10,10.0 inch - 10-15,18.00,18.00,+0%
patches-for-hoodies,Embroidery,UPDATE,11.0 inch - 10,11.0 inch - 10-15,20.00,20.00,+0%
patches-for-hoodies,Embroidery,UPDATE,12.0 inch - 10,12.0 inch - 10-15,22.00,22.00,+0%
patches-for-hoodies,Embroidery,UPDATE,13.0 inch - 10,13.0 inch - 10-15,23.00,23.00,+0%
patches-for-hoodies,Embroidery,UPDATE,14.0 inch - 10,14.0 inch - 10-15,24.20,24.20,+0%
patches-for-hoodies,Embroidery,UPDATE,15.0 inch - 10,15.0 inch - 10-15,25.40,25.40,+0%
patches-for-hoodies,Embroidery,UPDATE,16.0 inch - 10,16.0 inch - 10-15,26.60,26.60,+0%
patches-for-hoodies,Embroidery,UPDATE,1.0 inch - 11-25,1.0 inch - 16-25,6.36,3.75,-41%
patches-for-hoodies,Embroidery,UPDATE,1.5 inch - 11-25,1.5 inch - 16-25,6.36,3.80,-40%
patches-for-hoodies,Embroidery,UPDATE,2.0 inch - 11-25,2.0 inch - 16-25,6.36,3.95,-38%
patches-for-hoodies,Embroidery,UPDATE,2.5 inch - 11-25,2.5 inch - 16-25,6.36,4.50,-29%
patches-for-hoodies,Embroidery,UPDATE,3.0 inch - 11-25,3.0 inch - 16-25,6.36,5.00,-21%
patches-for-hoodies,Embroidery,UPDATE,3.5 inch - 11-25,3.5 inch - 16-25,6.36,5.20,-18%
patches-for-hoodies,Embroidery,UPDATE,4.0 inch - 11-25,4.0 inch - 16-25,6.36,5.80,-9%
patches-for-hoodies,Embroidery,UPDATE,4.5 inch - 11-25,4.5 inch - 16-25,6.36,6.00,-6%
patches-for-hoodies,Embroidery,UPDATE,5.0 inch - 11-25,5.0 inch - 16-25,7.20,7.20,+0%
patches-for-hoodies,Embroidery,UPDATE,6.0 inch - 11-25,6.0 inch - 16-25,7.30,7.30,+0%
patches-for-hoodies,Embroidery,UPDATE,7.0 inch - 11-25,7.0 inch - 16-25,9.00,9.00,+0%
patches-for-hoodies,Embroidery,UPDATE,8.0 inch - 11-25,8.0 inch - 16-25,11.00,11.00,+0%
patches-for-hoodies,Embroidery,UPDATE,9.0 inch - 11-25,9.0 inch - 16-25,13.00,13.00,+0%
patches-for-hoodies,Embroidery,UPDATE,10.0 inch - 11-25,10.0 inch - 16-25,16.00,16.00,+0%
patches-for-hoodies,Embroidery,UPDATE,11.0 inch - 11-25,11.0 inch - 16-25,18.00,18.00,+0%
patches-for-hoodies,Embroidery,UPDATE,12.0 inch - 11-25,12.0 inch - 16-25,20.00,20.00,+0%
patches-for-hoodies,Embroidery,UPDATE,13.0 inch - 11-25,13.0 inch - 16-25,21.00,21.00,+0%
patches-for-hoodies,Embroidery,UPDATE,14.0 inch - 11-25,14.0 inch - 16-25,22.50,22.50,+0%
patches-for-hoodies,Embroidery,UPDATE,15.0 inch - 11-25,15.0 inch - 16-25,23.70,23.70,+0%
patches-for-hoodies,Embroidery,UPDATE,16.0 inch - 11-25,16.0 inch - 16-25,24.80,24.80,+0%
patches-for-hoodies,Embroidery,UPDATE,1.0 inch - 26-50,1.0 inch - 26-50,3.75,3.75,+0%
patches-for-hoodies,Embroidery,UPDATE,1.5 inch - 26-50,1.5 inch - 26-50,3.75,3.75,+0%
patches-for-hoodies,Embroidery,UPDATE,2.0 inch - 26-50,2.0 inch - 26-50,3.75,3.75,+0%
patches-for-hoodies,Embroidery,UPDATE,2.5 inch - 26-50,2.5 inch - 26-50,3.75,3.75,+0%
patches-for-hoodies,Embroidery,UPDATE,3.0 inch - 26-50,3.0 inch - 26-50,3.75,3.75,+0%
patches-for-hoodies,Embroidery,UPDATE,3.5 inch - 26-50,3.5 inch - 26-50,3.80,3.80,+0%
patches-for-hoodies,Embroidery,UPDATE,4.0 inch - 26-50,4.0 inch - 26-50,3.80,3.80,+0%
patches-for-hoodies,Embroidery,UPDATE,4.5 inch - 26-50,4.5 inch - 26-50,4.00,4.00,+0%
patches-for-hoodies,Embroidery,UPDATE,5.0 inch - 26-50,5.0 inch - 26-50,4.50,4.50,+0%
patches-for-hoodies,Embroidery,UPDATE,6.0 inch - 26-50,6.0 inch - 26-50,6.00,6.00,+0%
patches-for-hoodies,Embroidery,UPDATE,7.0 inch - 26-50,7.0 inch - 26-50,8.00,8.00,+0%
patches-for-hoodies,Embroidery,UPDATE,8.0 inch - 26-50,8.0 inch - 26-50,10.00,10.00,+0%
patches-for-hoodies,Embroidery,UPDATE,9.0 inch - 26-50,9.0 inch - 26-50,12.00,12.00,+0%
patches-for-hoodies,Embroidery,UPDATE,10.0 inch - 26-50,10.0 inch - 26-50,15.00,15.00,+0%
patches-for-hoodies,Embroidery,UPDATE,11.0 inch - 26-50,11.0 inch - 26-50,16.00,16.00,+0%
patches-for-hoodies,Embroidery,UPDATE,12.0 inch - 26-50,12.0 inch - 26-50,18.00,18.00,+0%
patches-for-hoodies,Embroidery,UPDATE,13.0 inch - 26-50,13.0 inch - 26-50,19.00,19.00,+0%
patches-for-hoodies,Embroidery,UPDATE,14.0 inch - 26-50,14.0 inch - 26-50,20.20,20.20,+0%
patches-for-hoodies,Embroidery,UPDATE,15.0 inch - 26-50,15.0 inch - 26-50,21.40,21.40,+0%
patches-for-hoodies,Embroidery,UPDATE,16.0 inch - 26-50,16.0 inch - 26-50,22.70,22.70,+0%
patches-for-hoodies,Embroidery,UPDATE,1.0 inch - 51-100,1.0 inch - 51-100,2.40,2.40,+0%
patches-for-hoodies,Embroidery,UPDATE,1.5 inch - 51-100,1.5 inch - 51-100,2.40,2.40,+0%
patches-for-hoodies,Embroidery,UPDATE,2.0 inch - 51-100,2.0 inch - 51-100,2.40,2.40,+0%
patches-for-hoodies,Embroidery,UPDATE,2.5 inch - 51-100,2.5 inch - 51-100,2.40,2.20,-8%
patches-for-hoodies,Embroidery,UPDATE,3.0 inch - 51-100,3.0 inch - 51-100,2.40,2.14,-11%
patches-for-hoodies,Embroidery,UPDATE,3.5 inch - 51-100,3.5 inch - 51-100,2.50,2.50,+0%
patches-for-hoodies,Embroidery,UPDATE,4.0 inch - 51-100,4.0 inch - 51-100,2.86,2.86,+0%
patches-for-hoodies,Embroidery,UPDATE,4.5 inch - 51-100,4.5 inch - 51-100,3.21,3.21,+0%
patches-for-hoodies,Embroidery,UPDATE,5.0 inch - 51-100,5.0 inch - 51-100,3.58,3.58,+0%
patches-for-hoodies,Embroidery,UPDATE,6.0 inch - 51-100,6.0 inch - 51-100,4.29,4.29,+0%
patches-for-hoodies,Embroidery,UPDATE,7.0 inch - 51-100,7.0 inch - 51-100,5.01,5.01,+0%
patches-for-hoodies,Embroidery,UPDATE,8.0 inch - 51-100,8.0 inch - 51-100,5.72,5.72,+0%
patches-for-hoodies,Embroidery,UPDATE,9.0 inch - 51-100,9.0 inch - 51-100,6.43,6.43,+0%
patches-for-hoodies,Embroidery,UPDATE,10.0 inch - 51-100,10.0 inch - 51-100,7.15,7.15,+0%
patches-for-hoodies,Embroidery,UPDATE,11.0 inch - 51-100,11.0 inch - 51-100,7.87,7.87,+0%
patches-for-hoodies,Embroidery,UPDATE,12.0 inch - 51-100,12.0 inch - 51-100,8.59,8.59,+0%
patches-for-hoodies,Embroidery,UPDATE,13.0 inch - 51-100,13.0 inch - 51-100,10.20,10.20,+0%
patches-for-hoodies,Embroidery,UPDATE,14.0 inch - 51-100,14.0 inch - 51-100,11.40,11.40,+0%
patches-for-hoodies,Embroidery,UPDATE,15.0 inch - 51-100,15.0 inch - 51-100,12.80,12.80,+0%
patches-for-hoodies,Embroidery,UPDATE,16.0 inch - 51-100,16.0 inch - 51-100,13.90,13.90,+0%
patches-for-hoodies,Embroidery,UPDATE,1.0 inch - 101-199,1.0 inch - 101-200,0.70,2.20,+214%
patches-for-hoodies,Embroidery,UPDATE,1.5 inch - 101-199,1.5 inch - 101-200,0.79,2.20,+178%
patches-for-hoodies,Embroidery,UPDATE,2.0 inch - 101-199,2.0 inch - 101-200,1.06,2.20,+108%
patches-for-hoodies,Embroidery,UPDATE,2.5 inch - 101-199,2.5 inch - 101-200,1.33,2.05,+54%
patches-for-hoodies,Embroidery,UPDATE,3.0 inch - 101-199,3.0 inch - 101-200,1.59,1.98,+25%
patches-for-hoodies,Embroidery,UPDATE,3.5 inch - 101-199,3.5 inch - 101-200,1.86,2.20,+18%
patches-for-hoodies,Embroidery,UPDATE,4.0 inch - 101-199,4.0 inch - 101-200,2.11,2.50,+18%
patches-for-hoodies,Embroidery,UPDATE,4.5 inch - 101-199,4.5 inch - 101-200,2.38,3.00,+26%
patches-for-hoodies,Embroidery,UPDATE,5.0 inch - 101-199,5.0 inch - 101-200,2.64,3.30,+25%
patches-for-hoodies,Embroidery,UPDATE,6.0 inch - 101-199,6.0 inch - 101-200,3.18,4.05,+27%
patches-for-hoodies,Embroidery,UPDATE,7.0 inch - 101-199,7.0 inch - 101-200,3.71,4.80,+29%
patches-for-hoodies,Embroidery,UPDATE,8.0 inch - 101-199,8.0 inch - 101-200,4.23,5.40,+28%
patches-for-hoodies,Embroidery,UPDATE,9.0 inch - 101-199,9.0 inch - 101-200,4.76,6.10,+28%
patches-for-hoodies,Embroidery,UPDATE,10.0 inch - 101-199,10.0 inch - 101-200,5.30,6.90,+30%
patches-for-hoodies,Embroidery,UPDATE,11.0 inch - 101-199,11.0 inch - 101-200,5.82,7.40,+27%
patches-for-hoodies,Embroidery,UPDATE,12.0 inch - 101-199,12.0 inch - 101-200,6.35,8.30,+31%
patches-for-hoodies,Embroidery,UPDATE,13.0 inch - 101-199,13.0 inch - 101-200,7.50,9.90,+32%
patches-for-hoodies,Embroidery,UPDATE,14.0 inch - 101-199,14.0 inch - 101-200,8.80,11.05,+26%
patches-for-hoodies,Embroidery,UPDATE,15.0 inch - 101-199,15.0 inch - 101-200,9.95,12.20,+23%
patches-for-hoodies,Embroidery,UPDATE,16.0 inch - 101-199,16.0 inch - 101-200,10.95,13.30,+21%
patches-for-hoodies,Embroidery,UPDATE,1.0 inch - 200-499,1.0 inch - 201-300,0.38,1.80,+374%
patches-for-hoodies,Embroidery,UPDATE,1.5 inch - 200-499,1.5 inch - 201-300,0.56,1.80,+221%
patches-for-hoodies,Embroidery,UPDATE,2.0 inch - 200-499,2.0 inch - 201-300,0.71,1.80,+154%
patches-for-hoodies,Embroidery,UPDATE,2.5 inch - 200-499,2.5 inch - 201-300,0.94,1.80,+91%
patches-for-hoodies,Embroidery,UPDATE,3.0 inch - 200-499,3.0 inch - 201-300,1.11,1.50,+35%
patches-for-hoodies,Embroidery,UPDATE,3.5 inch - 200-499,3.5 inch - 201-300,1.30,1.80,+38%
patches-for-hoodies,Embroidery,UPDATE,4.0 inch - 200-499,4.0 inch - 201-300,1.49,2.00,+34%
patches-for-hoodies,Embroidery,UPDATE,4.5 inch - 200-499,4.5 inch - 201-300,1.68,2.55,+52%
patches-for-hoodies,Embroidery,UPDATE,5.0 inch - 200-499,5.0 inch - 201-300,1.86,3.00,+61%
patches-for-hoodies,Embroidery,UPDATE,6.0 inch - 200-499,6.0 inch - 201-300,2.24,3.80,+70%
patches-for-hoodies,Embroidery,UPDATE,7.0 inch - 200-499,7.0 inch - 201-300,2.60,4.50,+73%
patches-for-hoodies,Embroidery,UPDATE,8.0 inch - 200-499,8.0 inch - 201-300,2.98,5.10,+71%
patches-for-hoodies,Embroidery,UPDATE,9.0 inch - 200-499,9.0 inch - 201-300,3.34,5.90,+77%
patches-for-hoodies,Embroidery,UPDATE,10.0 inch - 200-499,10.0 inch - 201-300,3.72,6.50,+75%
patches-for-hoodies,Embroidery,UPDATE,11.0 inch - 200-499,11.0 inch - 201-300,4.09,7.10,+74%
patches-for-hoodies,Embroidery,UPDATE,12.0 inch - 200-499,12.0 inch - 201-300,4.47,8.00,+79%
patches-for-hoodies,Embroidery,UPDATE,13.0 inch - 200-499,13.0 inch - 201-300,5.60,9.60,+71%
patches-for-hoodies,Embroidery,UPDATE,14.0 inch - 200-499,14.0 inch - 201-300,6.75,10.80,+60%
patches-for-hoodies,Embroidery,UPDATE,15.0 inch - 200-499,15.0 inch - 201-300,7.80,12.00,+54%
patches-for-hoodies,Embroidery,UPDATE,16.0 inch - 200-499,16.0 inch - 201-300,8.85,13.00,+47%
patches-for-hoodies,Embroidery,UPDATE,1.0 inch - 500-999,1.0 inch - 301-400,0.27,1.60,+493%
patches-for-hoodies,Embroidery,UPDATE,1.5 inch - 500-999,1.5 inch - 301-400,0.41,1.60,+290%
patches-for-hoodies,Embroidery,UPDATE,2.0 inch - 500-999,2.0 inch - 301-400,0.54,1.60,+196%
patches-for-hoodies,Embroidery,UPDATE,2.5 inch - 500-999,2.5 inch - 301-400,0.68,1.60,+135%
patches-for-hoodies,Embroidery,UPDATE,3.0 inch - 500-999,3.0 inch - 301-400,0.81,1.20,+48%
patches-for-hoodies,Embroidery,UPDATE,3.5 inch - 500-999,3.5 inch - 301-400,0.94,1.60,+70%
patches-for-hoodies,Embroidery,UPDATE,4.0 inch - 500-999,4.0 inch - 301-400,1.09,1.80,+65%
patches-for-hoodies,Embroidery,UPDATE,4.5 inch - 500-999,4.5 inch - 301-400,1.22,2.45,+101%
patches-for-hoodies,Embroidery,UPDATE,5.0 inch - 500-999,5.0 inch - 301-400,1.36,2.80,+106%
patches-for-hoodies,Embroidery,UPDATE,6.0 inch - 500-999,6.0 inch - 301-400,1.64,3.60,+120%
patches-for-hoodies,Embroidery,UPDATE,7.0 inch - 500-999,7.0 inch - 301-400,1.90,4.30,+126%
patches-for-hoodies,Embroidery,UPDATE,8.0 inch - 500-999,8.0 inch - 301-400,2.17,4.80,+121%
patches-for-hoodies,Embroidery,UPDATE,9.0 inch - 500-999,9.0 inch - 301-400,2.45,5.70,+133%
patches-for-hoodies,Embroidery,UPDATE,10.0 inch - 500-999,10.0 inch - 301-400,2.72,6.30,+132%
patches-for-hoodies,Embroidery,UPDATE,11.0 inch - 500-999,11.0 inch - 301-400,2.99,6.80,+127%
patches-for-hoodies,Embroidery,UPDATE,12.0 inch - 500-999,12.0 inch - 301-400,3.26,7.80,+139%
patches-for-hoodies,Embroidery,UPDATE,13.0 inch - 500-999,13.0 inch - 301-400,4.30,9.30,+116%
patches-for-hoodies,Embroidery,UPDATE,14.0 inch - 500-999,14.0 inch - 301-400,5.45,10.40,+91%
patches-for-hoodies,Embroidery,UPDATE,15.0 inch - 500-999,15.0 inch - 301-400,6.80,11.80,+74%
patches-for-hoodies,Embroidery,UPDATE,16.0 inch - 500-999,16.0 inch - 301-400,7.95,12.80,+61%
patches-for-hoodies,Embroidery,UPDATE,1.0 inch - 1000+,1.0 inch - 401-500,0.25,1.40,+460%
patches-for-hoodies,Embroidery,UPDATE,1.5 inch - 1000+,1.5 inch - 401-500,0.37,1.40,+278%
patches-for-hoodies,Embroidery,UPDATE,2.0 inch - 1000+,2.0 inch - 401-500,0.49,1.40,+186%
patches-for-hoodies,Embroidery,UPDATE,2.5 inch - 1000+,2.5 inch - 401-500,0.61,1.40,+130%
patches-for-hoodies,Embroidery,UPDATE,3.0 inch - 1000+,3.0 inch - 401-500,0.73,1.00,+37%
patches-for-hoodies,Embroidery,UPDATE,3.5 inch - 1000+,3.5 inch - 401-500,0.84,1.40,+67%
patches-for-hoodies,Embroidery,UPDATE,4.0 inch - 1000+,4.0 inch - 401-500,0.98,1.60,+63%
patches-for-hoodies,Embroidery,UPDATE,4.5 inch - 1000+,4.5 inch - 401-500,1.11,2.25,+103%
patches-for-hoodies,Embroidery,UPDATE,5.0 inch - 1000+,5.0 inch - 401-500,1.21,2.60,+115%
patches-for-hoodies,Embroidery,UPDATE,6.0 inch - 1000+,6.0 inch - 401-500,1.46,3.40,+133%
patches-for-hoodies,Embroidery,UPDATE,7.0 inch - 1000+,7.0 inch - 401-500,1.70,4.10,+141%
patches-for-hoodies,Embroidery,UPDATE,8.0 inch - 1000+,8.0 inch - 401-500,1.96,4.60,+135%
patches-for-hoodies,Embroidery,UPDATE,9.0 inch - 1000+,9.0 inch - 401-500,2.19,5.50,+151%
patches-for-hoodies,Embroidery,UPDATE,10.0 inch - 1000+,10.0 inch - 401-500,2.43,6.10,+151%
patches-for-hoodies,Embroidery,UPDATE,11.0 inch - 1000+,11.0 inch - 401-500,2.67,6.50,+143%
patches-for-hoodies,Embroidery,UPDATE,12.0 inch - 1000+,12.0 inch - 401-500,2.92,7.60,+160%
patches-for-hoodies,Embroidery,UPDATE,13.0 inch - 1000+,13.0 inch - 401-500,3.98,9.10,+129%
patches-for-hoodies,Embroidery,UPDATE,14.0 inch - 1000+,14.0 inch - 401-500,5.10,10.20,+100%
patches-for-hoodies,Embroidery,UPDATE,15.0 inch - 1000+,15.0 inch - 401-500,6.40,11.50,+80%
patches-for-hoodies,Embroidery,UPDATE,16.0 inch - 1000+,16.0 inch - 401-500,7.60,12.40,+63%
patches-for-hoodies,Embroidery,CREATE,,1.0 inch - 501-700,,1.20,new
patches-for-hoodies,Embroidery,CREATE,,1.5 inch - 501-700,,1.20,new
patches-for-hoodies,Embroidery,CREATE,,2.0 inch - 501-700,,1.20,new
patches-for-hoodies,Embroidery,CREATE,,2.5 inch - 501-700,,1.20,new
patches-for-hoodies,Embroidery,CREATE,,3.0 inch - 501-700,,0.81,new
patches-for-hoodies,Embroidery,CREATE,,3.5 inch - 501-700,,1.05,new
patches-for-hoodies,Embroidery,CREATE,,4.0 inch - 501-700,,1.30,new
patches-for-hoodies,Embroidery,CREATE,,4.5 inch - 501-700,,2.00,new
patches-for-hoodies,Embroidery,CREATE,,5.0 inch - 501-700,,2.40,new
patches-for-hoodies,Embroidery,CREATE,,6.0 inch - 501-700,,3.10,new
patches-for-hoodies,Embroidery,CREATE,,7.0 inch - 501-700,,4.00,new
patches-for-hoodies,Embroidery,CREATE,,8.0 inch - 501-700,,4.30,new
patches-for-hoodies,Embroidery,CREATE,,9.0 inch - 501-700,,5.20,new
patches-for-hoodies,Embroidery,CREATE,,10.0 inch - 501-700,,5.80,new
patches-for-hoodies,Embroidery,CREATE,,11.0 inch - 501-700,,6.20,new
patches-for-hoodies,Embroidery,CREATE,,12.0 inch - 501-700,,7.30,new
patches-for-hoodies,Embroidery,CREATE,,13.0 inch - 501-700,,8.50,new
patches-for-hoodies,Embroidery,CREATE,,14.0 inch - 501-700,,9.50,new
patches-for-hoodies,Embroidery,CREATE,,15.0 inch - 501-700,,10.80,new
patches-for-hoodies,Embroidery,CREATE,,16.0 inch - 501-700,,12.00,new
patches-for-hoodies,Embroidery,CREATE,,1.0 inch - 701+,,0.95,new
patches-for-hoodies,Embroidery,CREATE,,1.5 inch - 701+,,0.95,new
patches-for-hoodies,Embroidery,CREATE,,2.0 inch - 701+,,0.95,new
patches-for-hoodies,Embroidery,CREATE,,2.5 inch - 701+,,0.95,new
patches-for-hoodies,Embroidery,CREATE,,3.0 inch - 701+,,0.75,new
patches-for-hoodies,Embroidery,CREATE,,3.5 inch - 701+,,1.00,new
patches-for-hoodies,Embroidery,CREATE,,4.0 inch - 701+,,1.10,new
patches-for-hoodies,Embroidery,CREATE,,4.5 inch - 701+,,1.80,new
patches-for-hoodies,Embroidery,CREATE,,5.0 inch - 701+,,2.20,new
patches-for-hoodies,Embroidery,CREATE,,6.0 inch - 701+,,2.80,new
patches-for-hoodies,Embroidery,CREATE,,7.0 inch - 701+,,3.80,new
patches-for-hoodies,Embroidery,CREATE,,8.0 inch - 701+,,4.00,new
patches-for-hoodies,Embroidery,CREATE,,9.0 inch - 701+,,5.00,new
patches-for-hoodies,Embroidery,CREATE,,10.0 inch - 701+,,5.50,new
patches-for-hoodies,Embroidery,CREATE,,11.0 inch - 701+,,6.00,new
patches-for-hoodies,Embroidery,CREATE,,12.0 inch - 701+,,7.00,new
patches-for-hoodies,Embroidery,CREATE,,13.0 inch - 701+,,8.20,new
patches-for-hoodies,Embroidery,CREATE,,14.0 inch - 701+,,9.00,new
patches-for-hoodies,Embroidery,CREATE,,15.0 inch - 701+,,10.00,new
patches-for-hoodies,Embroidery,CREATE,,16.0 inch - 701+,,12.00,new
patches-for-jackets,Embroidery,UPDATE,1.0 inch - 10,1.0 inch - 10-15,6.99,6.99,+0%
patches-for-jackets,Embroidery,UPDATE,1.5 inch - 10,1.5 inch - 10-15,6.99,6.99,+0%
patches-for-jackets,Embroidery,UPDATE,2.0 inch - 10,2.0 inch - 10-15,6.99,6.99,+0%
patches-for-jackets,Embroidery,UPDATE,2.5 inch - 10,2.5 inch - 10-15,6.99,6.99,+0%
patches-for-jackets,Embroidery,UPDATE,3.0 inch - 10,3.0 inch - 10-15,7.99,7.99,+0%
patches-for-jackets,Embroidery,UPDATE,3.5 inch - 10,3.5 inch - 10-15,7.99,7.99,+0%
patches-for-jackets,Embroidery,UPDATE,4.0 inch - 10,4.0 inch - 10-15,7.99,7.99,+0%
patches-for-jackets,Embroidery,UPDATE,4.5 inch - 10,4.5 inch - 10-15,8.99,8.99,+0%
patches-for-jackets,Embroidery,UPDATE,5.0 inch - 10,5.0 inch - 10-15,10.00,10.00,+0%
patches-for-jackets,Embroidery,UPDATE,6.0 inch - 10,6.0 inch - 10-15,11.00,11.00,+0%
patches-for-jackets,Embroidery,UPDATE,7.0 inch - 10,7.0 inch - 10-15,12.00,12.00,+0%
patches-for-jackets,Embroidery,UPDATE,8.0 inch - 10,8.0 inch - 10-15,14.00,14.00,+0%
patches-for-jackets,Embroidery,UPDATE,9.0 inch - 10,9.0 inch - 10-15,16.00,16.00,+0%
patches-for-jackets,Embroidery,UPDATE,10.0 inch - 10,10.0 inch - 10-15,18.00,18.00,+0%
patches-for-jackets,Embroidery,UPDATE,11.0 inch - 10,11.0 inch - 10-15,20.00,20.00,+0%
patches-for-jackets,Embroidery,UPDATE,12.0 inch - 10,12.0 inch - 10-15,22.00,22.00,+0%
patches-for-jackets,Embroidery,UPDATE,13.0 inch - 10,13.0 inch - 10-15,23.00,23.00,+0%
patches-for-jackets,Embroidery,UPDATE,14.0 inch - 10,14.0 inch - 10-15,24.20,24.20,+0%
patches-for-jackets,Embroidery,UPDATE,15.0 inch - 10,15.0 inch - 10-15,25.40,25.40,+0%
patches-for-jackets,Embroidery,UPDATE,16.0 inch - 10,16.0 inch - 10-15,26.60,26.60,+0%
patches-for-jackets,Embroidery,UPDATE,1.0 inch - 11-25,1.0 inch - 16-25,6.36,3.75,-41%
patches-for-jackets,Embroidery,UPDATE,1.5 inch - 11-25,1.5 inch - 16-25,6.36,3.80,-40%
patches-for-jackets,Embroidery,UPDATE,2.0 inch - 11-25,2.0 inch - 16-25,6.36,3.95,-38%
patches-for-jackets,Embroidery,UPDATE,2.5 inch - 11-25,2.5 inch - 16-25,6.36,4.50,-29%
patches-for-jackets,Embroidery,UPDATE,3.0 inch - 11-25,3.0 inch - 16-25,6.36,5.00,-21%
patches-for-jackets,Embroidery,UPDATE,3.5 inch - 11-25,3.5 inch - 16-25,6.36,5.20,-18%
patches-for-jackets,Embroidery,UPDATE,4.0 inch - 11-25,4.0 inch - 16-25,6.36,5.80,-9%
patches-for-jackets,Embroidery,UPDATE,4.5 inch - 11-25,4.5 inch - 16-25,6.36,6.00,-6%
patches-for-jackets,Embroidery,UPDATE,5.0 inch - 11-25,5.0 inch - 16-25,7.20,7.20,+0%
patches-for-jackets,Embroidery,UPDATE,6.0 inch - 11-25,6.0 inch - 16-25,7.30,7.30,+0%
patches-for-jackets,Embroidery,UPDATE,7.0 inch - 11-25,7.0 inch - 16-25,9.00,9.00,+0%
patches-for-jackets,Embroidery,UPDATE,8.0 inch - 11-25,8.0 inch - 16-25,11.00,11.00,+0%
patches-for-jackets,Embroidery,UPDATE,9.0 inch - 11-25,9.0 inch - 16-25,13.00,13.00,+0%
patches-for-jackets,Embroidery,UPDATE,10.0 inch - 11-25,10.0 inch - 16-25,16.00,16.00,+0%
patches-for-jackets,Embroidery,UPDATE,11.0 inch - 11-25,11.0 inch - 16-25,18.00,18.00,+0%
patches-for-jackets,Embroidery,UPDATE,12.0 inch - 11-25,12.0 inch - 16-25,20.00,20.00,+0%
patches-for-jackets,Embroidery,UPDATE,13.0 inch - 11-25,13.0 inch - 16-25,21.00,21.00,+0%
patches-for-jackets,Embroidery,UPDATE,14.0 inch - 11-25,14.0 inch - 16-25,22.50,22.50,+0%
patches-for-jackets,Embroidery,UPDATE,15.0 inch - 11-25,15.0 inch - 16-25,23.70,23.70,+0%
patches-for-jackets,Embroidery,UPDATE,16.0 inch - 11-25,16.0 inch - 16-25,24.80,24.80,+0%
patches-for-jackets,Embroidery,UPDATE,1.0 inch - 26-50,1.0 inch - 26-50,3.75,3.75,+0%
patches-for-jackets,Embroidery,UPDATE,1.5 inch - 26-50,1.5 inch - 26-50,3.75,3.75,+0%
patches-for-jackets,Embroidery,UPDATE,2.0 inch - 26-50,2.0 inch - 26-50,3.75,3.75,+0%
patches-for-jackets,Embroidery,UPDATE,2.5 inch - 26-50,2.5 inch - 26-50,3.75,3.75,+0%
patches-for-jackets,Embroidery,UPDATE,3.0 inch - 26-50,3.0 inch - 26-50,3.75,3.75,+0%
patches-for-jackets,Embroidery,UPDATE,3.5 inch - 26-50,3.5 inch - 26-50,3.80,3.80,+0%
patches-for-jackets,Embroidery,UPDATE,4.0 inch - 26-50,4.0 inch - 26-50,3.80,3.80,+0%
patches-for-jackets,Embroidery,UPDATE,4.5 inch - 26-50,4.5 inch - 26-50,4.00,4.00,+0%
patches-for-jackets,Embroidery,UPDATE,5.0 inch - 26-50,5.0 inch - 26-50,4.50,4.50,+0%
patches-for-jackets,Embroidery,UPDATE,6.0 inch - 26-50,6.0 inch - 26-50,6.00,6.00,+0%
patches-for-jackets,Embroidery,UPDATE,7.0 inch - 26-50,7.0 inch - 26-50,8.00,8.00,+0%
patches-for-jackets,Embroidery,UPDATE,8.0 inch - 26-50,8.0 inch - 26-50,10.00,10.00,+0%
patches-for-jackets,Embroidery,UPDATE,9.0 inch - 26-50,9.0 inch - 26-50,12.00,12.00,+0%
patches-for-jackets,Embroidery,UPDATE,10.0 inch - 26-50,10.0 inch - 26-50,15.00,15.00,+0%
patches-for-jackets,Embroidery,UPDATE,11.0 inch - 26-50,11.0 inch - 26-50,16.00,16.00,+0%
patches-for-jackets,Embroidery,UPDATE,12.0 inch - 26-50,12.0 inch - 26-50,18.00,18.00,+0%
patches-for-jackets,Embroidery,UPDATE,13.0 inch - 26-50,13.0 inch - 26-50,19.00,19.00,+0%
patches-for-jackets,Embroidery,UPDATE,14.0 inch - 26-50,14.0 inch - 26-50,20.20,20.20,+0%
patches-for-jackets,Embroidery,UPDATE,15.0 inch - 26-50,15.0 inch - 26-50,21.40,21.40,+0%
patches-for-jackets,Embroidery,UPDATE,16.0 inch - 26-50,16.0 inch - 26-50,22.70,22.70,+0%
patches-for-jackets,Embroidery,UPDATE,1.0 inch - 51-100,1.0 inch - 51-100,2.40,2.40,+0%
patches-for-jackets,Embroidery,UPDATE,1.5 inch - 51-100,1.5 inch - 51-100,2.40,2.40,+0%
patches-for-jackets,Embroidery,UPDATE,2.0 inch - 51-100,2.0 inch - 51-100,2.40,2.40,+0%
patches-for-jackets,Embroidery,UPDATE,2.5 inch - 51-100,2.5 inch - 51-100,2.40,2.20,-8%
patches-for-jackets,Embroidery,UPDATE,3.0 inch - 51-100,3.0 inch - 51-100,2.40,2.14,-11%
patches-for-jackets,Embroidery,UPDATE,3.5 inch - 51-100,3.5 inch - 51-100,2.50,2.50,+0%
patches-for-jackets,Embroidery,UPDATE,4.0 inch - 51-100,4.0 inch - 51-100,2.86,2.86,+0%
patches-for-jackets,Embroidery,UPDATE,4.5 inch - 51-100,4.5 inch - 51-100,3.21,3.21,+0%
patches-for-jackets,Embroidery,UPDATE,5.0 inch - 51-100,5.0 inch - 51-100,3.58,3.58,+0%
patches-for-jackets,Embroidery,UPDATE,6.0 inch - 51-100,6.0 inch - 51-100,4.29,4.29,+0%
patches-for-jackets,Embroidery,UPDATE,7.0 inch - 51-100,7.0 inch - 51-100,5.01,5.01,+0%
patches-for-jackets,Embroidery,UPDATE,8.0 inch - 51-100,8.0 inch - 51-100,5.72,5.72,+0%
patches-for-jackets,Embroidery,UPDATE,9.0 inch - 51-100,9.0 inch - 51-100,6.43,6.43,+0%
patches-for-jackets,Embroidery,UPDATE,10.0 inch - 51-100,10.0 inch - 51-100,7.15,7.15,+0%
patches-for-jackets,Embroidery,UPDATE,11.0 inch - 51-100,11.0 inch - 51-100,7.87,7.87,+0%
patches-for-jackets,Embroidery,UPDATE,12.0 inch - 51-100,12.0 inch - 51-100,8.59,8.59,+0%
patches-for-jackets,Embroidery,UPDATE,13.0 inch - 51-100,13.0 inch - 51-100,10.20,10.20,+0%
patches-for-jackets,Embroidery,UPDATE,14.0 inch - 51-100,14.0 inch - 51-100,11.40,11.40,+0%
patches-for-jackets,Embroidery,UPDATE,15.0 inch - 51-100,15.0 inch - 51-100,12.80,12.80,+0%
patches-for-jackets,Embroidery,UPDATE,16.0 inch - 51-100,16.0 inch - 51-100,13.90,13.90,+0%
patches-for-jackets,Embroidery,UPDATE,1.0 inch - 101-199,1.0 inch - 101-200,0.70,2.20,+214%
patches-for-jackets,Embroidery,UPDATE,1.5 inch - 101-199,1.5 inch - 101-200,0.79,2.20,+178%
patches-for-jackets,Embroidery,UPDATE,2.0 inch - 101-199,2.0 inch - 101-200,1.06,2.20,+108%
patches-for-jackets,Embroidery,UPDATE,2.5 inch - 101-199,2.5 inch - 101-200,1.33,2.05,+54%
patches-for-jackets,Embroidery,UPDATE,3.0 inch - 101-199,3.0 inch - 101-200,1.59,1.98,+25%
patches-for-jackets,Embroidery,UPDATE,3.5 inch - 101-199,3.5 inch - 101-200,1.86,2.20,+18%
patches-for-jackets,Embroidery,UPDATE,4.0 inch - 101-199,4.0 inch - 101-200,2.11,2.50,+18%
patches-for-jackets,Embroidery,UPDATE,4.5 inch - 101-199,4.5 inch - 101-200,2.38,3.00,+26%
patches-for-jackets,Embroidery,UPDATE,5.0 inch - 101-199,5.0 inch - 101-200,2.64,3.30,+25%
patches-for-jackets,Embroidery,UPDATE,6.0 inch - 101-199,6.0 inch - 101-200,3.18,4.05,+27%
patches-for-jackets,Embroidery,UPDATE,7.0 inch - 101-199,7.0 inch - 101-200,3.71,4.80,+29%
patches-for-jackets,Embroidery,UPDATE,8.0 inch - 101-199,8.0 inch - 101-200,4.23,5.40,+28%
patches-for-jackets,Embroidery,UPDATE,9.0 inch - 101-199,9.0 inch - 101-200,4.76,6.10,+28%
patches-for-jackets,Embroidery,UPDATE,10.0 inch - 101-199,10.0 inch - 101-200,5.30,6.90,+30%
patches-for-jackets,Embroidery,UPDATE,11.0 inch - 101-199,11.0 inch - 101-200,5.82,7.40,+27%
patches-for-jackets,Embroidery,UPDATE,12.0 inch - 101-199,12.0 inch - 101-200,6.35,8.30,+31%
patches-for-jackets,Embroidery,UPDATE,13.0 inch - 101-199,13.0 inch - 101-200,7.50,9.90,+32%
patches-for-jackets,Embroidery,UPDATE,14.0 inch - 101-199,14.0 inch - 101-200,8.80,11.05,+26%
patches-for-jackets,Embroidery,UPDATE,15.0 inch - 101-199,15.0 inch - 101-200,9.95,12.20,+23%
patches-for-jackets,Embroidery,UPDATE,16.0 inch - 101-199,16.0 inch - 101-200,10.95,13.30,+21%
patches-for-jackets,Embroidery,UPDATE,1.0 inch - 200-499,1.0 inch - 201-300,0.38,1.80,+374%
patches-for-jackets,Embroidery,UPDATE,1.5 inch - 200-499,1.5 inch - 201-300,0.56,1.80,+221%
patches-for-jackets,Embroidery,UPDATE,2.0 inch - 200-499,2.0 inch - 201-300,0.71,1.80,+154%
patches-for-jackets,Embroidery,UPDATE,2.5 inch - 200-499,2.5 inch - 201-300,0.94,1.80,+91%
patches-for-jackets,Embroidery,UPDATE,3.0 inch - 200-499,3.0 inch - 201-300,1.11,1.50,+35%
patches-for-jackets,Embroidery,UPDATE,3.5 inch - 200-499,3.5 inch - 201-300,1.30,1.80,+38%
patches-for-jackets,Embroidery,UPDATE,4.0 inch - 200-499,4.0 inch - 201-300,1.49,2.00,+34%
patches-for-jackets,Embroidery,UPDATE,4.5 inch - 200-499,4.5 inch - 201-300,1.68,2.55,+52%
patches-for-jackets,Embroidery,UPDATE,5.0 inch - 200-499,5.0 inch - 201-300,1.86,3.00,+61%
patches-for-jackets,Embroidery,UPDATE,6.0 inch - 200-499,6.0 inch - 201-300,2.24,3.80,+70%
patches-for-jackets,Embroidery,UPDATE,7.0 inch - 200-499,7.0 inch - 201-300,2.60,4.50,+73%
patches-for-jackets,Embroidery,UPDATE,8.0 inch - 200-499,8.0 inch - 201-300,2.98,5.10,+71%
patches-for-jackets,Embroidery,UPDATE,9.0 inch - 200-499,9.0 inch - 201-300,3.34,5.90,+77%
patches-for-jackets,Embroidery,UPDATE,10.0 inch - 200-499,10.0 inch - 201-300,3.72,6.50,+75%
patches-for-jackets,Embroidery,UPDATE,11.0 inch - 200-499,11.0 inch - 201-300,4.09,7.10,+74%
patches-for-jackets,Embroidery,UPDATE,12.0 inch - 200-499,12.0 inch - 201-300,4.47,8.00,+79%
patches-for-jackets,Embroidery,UPDATE,13.0 inch - 200-499,13.0 inch - 201-300,5.60,9.60,+71%
patches-for-jackets,Embroidery,UPDATE,14.0 inch - 200-499,14.0 inch - 201-300,6.75,10.80,+60%
patches-for-jackets,Embroidery,UPDATE,15.0 inch - 200-499,15.0 inch - 201-300,7.80,12.00,+54%
patches-for-jackets,Embroidery,UPDATE,16.0 inch - 200-499,16.0 inch - 201-300,8.85,13.00,+47%
patches-for-jackets,Embroidery,UPDATE,1.0 inch - 500-999,1.0 inch - 301-400,0.27,1.60,+493%
patches-for-jackets,Embroidery,UPDATE,1.5 inch - 500-999,1.5 inch - 301-400,0.41,1.60,+290%
patches-for-jackets,Embroidery,UPDATE,2.0 inch - 500-999,2.0 inch - 301-400,0.54,1.60,+196%
patches-for-jackets,Embroidery,UPDATE,2.5 inch - 500-999,2.5 inch - 301-400,0.68,1.60,+135%
patches-for-jackets,Embroidery,UPDATE,3.0 inch - 500-999,3.0 inch - 301-400,0.81,1.20,+48%
patches-for-jackets,Embroidery,UPDATE,3.5 inch - 500-999,3.5 inch - 301-400,0.94,1.60,+70%
patches-for-jackets,Embroidery,UPDATE,4.0 inch - 500-999,4.0 inch - 301-400,1.09,1.80,+65%
patches-for-jackets,Embroidery,UPDATE,4.5 inch - 500-999,4.5 inch - 301-400,1.22,2.45,+101%
patches-for-jackets,Embroidery,UPDATE,5.0 inch - 500-999,5.0 inch - 301-400,1.36,2.80,+106%
patches-for-jackets,Embroidery,UPDATE,6.0 inch - 500-999,6.0 inch - 301-400,1.64,3.60,+120%
patches-for-jackets,Embroidery,UPDATE,7.0 inch - 500-999,7.0 inch - 301-400,1.90,4.30,+126%
patches-for-jackets,Embroidery,UPDATE,8.0 inch - 500-999,8.0 inch - 301-400,2.17,4.80,+121%
patches-for-jackets,Embroidery,UPDATE,9.0 inch - 500-999,9.0 inch - 301-400,2.45,5.70,+133%
patches-for-jackets,Embroidery,UPDATE,10.0 inch - 500-999,10.0 inch - 301-400,2.72,6.30,+132%
patches-for-jackets,Embroidery,UPDATE,11.0 inch - 500-999,11.0 inch - 301-400,2.99,6.80,+127%
patches-for-jackets,Embroidery,UPDATE,12.0 inch - 500-999,12.0 inch - 301-400,3.26,7.80,+139%
patches-for-jackets,Embroidery,UPDATE,13.0 inch - 500-999,13.0 inch - 301-400,4.30,9.30,+116%
patches-for-jackets,Embroidery,UPDATE,14.0 inch - 500-999,14.0 inch - 301-400,5.45,10.40,+91%
patches-for-jackets,Embroidery,UPDATE,15.0 inch - 500-999,15.0 inch - 301-400,6.80,11.80,+74%
patches-for-jackets,Embroidery,UPDATE,16.0 inch - 500-999,16.0 inch - 301-400,7.95,12.80,+61%
patches-for-jackets,Embroidery,UPDATE,1.0 inch - 1000+,1.0 inch - 401-500,0.25,1.40,+460%
patches-for-jackets,Embroidery,UPDATE,1.5 inch - 1000+,1.5 inch - 401-500,0.37,1.40,+278%
patches-for-jackets,Embroidery,UPDATE,2.0 inch - 1000+,2.0 inch - 401-500,0.49,1.40,+186%
patches-for-jackets,Embroidery,UPDATE,2.5 inch - 1000+,2.5 inch - 401-500,0.61,1.40,+130%
patches-for-jackets,Embroidery,UPDATE,3.0 inch - 1000+,3.0 inch - 401-500,0.73,1.00,+37%
patches-for-jackets,Embroidery,UPDATE,3.5 inch - 1000+,3.5 inch - 401-500,0.84,1.40,+67%
patches-for-jackets,Embroidery,UPDATE,4.0 inch - 1000+,4.0 inch - 401-500,0.98,1.60,+63%
patches-for-jackets,Embroidery,UPDATE,4.5 inch - 1000+,4.5 inch - 401-500,1.11,2.25,+103%
patches-for-jackets,Embroidery,UPDATE,5.0 inch - 1000+,5.0 inch - 401-500,1.21,2.60,+115%
patches-for-jackets,Embroidery,UPDATE,6.0 inch - 1000+,6.0 inch - 401-500,1.46,3.40,+133%
patches-for-jackets,Embroidery,UPDATE,7.0 inch - 1000+,7.0 inch - 401-500,1.70,4.10,+141%
patches-for-jackets,Embroidery,UPDATE,8.0 inch - 1000+,8.0 inch - 401-500,1.96,4.60,+135%
patches-for-jackets,Embroidery,UPDATE,9.0 inch - 1000+,9.0 inch - 401-500,2.19,5.50,+151%
patches-for-jackets,Embroidery,UPDATE,10.0 inch - 1000+,10.0 inch - 401-500,2.43,6.10,+151%
patches-for-jackets,Embroidery,UPDATE,11.0 inch - 1000+,11.0 inch - 401-500,2.67,6.50,+143%
patches-for-jackets,Embroidery,UPDATE,12.0 inch - 1000+,12.0 inch - 401-500,2.92,7.60,+160%
patches-for-jackets,Embroidery,UPDATE,13.0 inch - 1000+,13.0 inch - 401-500,3.98,9.10,+129%
patches-for-jackets,Embroidery,UPDATE,14.0 inch - 1000+,14.0 inch - 401-500,5.10,10.20,+100%
patches-for-jackets,Embroidery,UPDATE,15.0 inch - 1000+,15.0 inch - 401-500,6.40,11.50,+80%
patches-for-jackets,Embroidery,UPDATE,16.0 inch - 1000+,16.0 inch - 401-500,7.60,12.40,+63%
patches-for-jackets,Embroidery,CREATE,,1.0 inch - 501-700,,1.20,new
patches-for-jackets,Embroidery,CREATE,,1.5 inch - 501-700,,1.20,new
patches-for-jackets,Embroidery,CREATE,,2.0 inch - 501-700,,1.20,new
patches-for-jackets,Embroidery,CREATE,,2.5 inch - 501-700,,1.20,new
patches-for-jackets,Embroidery,CREATE,,3.0 inch - 501-700,,0.81,new
patches-for-jackets,Embroidery,CREATE,,3.5 inch - 501-700,,1.05,new
patches-for-jackets,Embroidery,CREATE,,4.0 inch - 501-700,,1.30,new
patches-for-jackets,Embroidery,CREATE,,4.5 inch - 501-700,,2.00,new
patches-for-jackets,Embroidery,CREATE,,5.0 inch - 501-700,,2.40,new
patches-for-jackets,Embroidery,CREATE,,6.0 inch - 501-700,,3.10,new
patches-for-jackets,Embroidery,CREATE,,7.0 inch - 501-700,,4.00,new
patches-for-jackets,Embroidery,CREATE,,8.0 inch - 501-700,,4.30,new
patches-for-jackets,Embroidery,CREATE,,9.0 inch - 501-700,,5.20,new
patches-for-jackets,Embroidery,CREATE,,10.0 inch - 501-700,,5.80,new
patches-for-jackets,Embroidery,CREATE,,11.0 inch - 501-700,,6.20,new
patches-for-jackets,Embroidery,CREATE,,12.0 inch - 501-700,,7.30,new
patches-for-jackets,Embroidery,CREATE,,13.0 inch - 501-700,,8.50,new
patches-for-jackets,Embroidery,CREATE,,14.0 inch - 501-700,,9.50,new
patches-for-jackets,Embroidery,CREATE,,15.0 inch - 501-700,,10.80,new
patches-for-jackets,Embroidery,CREATE,,16.0 inch - 501-700,,12.00,new
patches-for-jackets,Embroidery,CREATE,,1.0 inch - 701+,,0.95,new
patches-for-jackets,Embroidery,CREATE,,1.5 inch - 701+,,0.95,new
patches-for-jackets,Embroidery,CREATE,,2.0 inch - 701+,,0.95,new
patches-for-jackets,Embroidery,CREATE,,2.5 inch - 701+,,0.95,new
patches-for-jackets,Embroidery,CREATE,,3.0 inch - 701+,,0.75,new
patches-for-jackets,Embroidery,CREATE,,3.5 inch - 701+,,1.00,new
patches-for-jackets,Embroidery,CREATE,,4.0 inch - 701+,,1.10,new
patches-for-jackets,Embroidery,CREATE,,4.5 inch - 701+,,1.80,new
patches-for-jackets,Embroidery,CREATE,,5.0 inch - 701+,,2.20,new
patches-for-jackets,Embroidery,CREATE,,6.0 inch - 701+,,2.80,new
patches-for-jackets,Embroidery,CREATE,,7.0 inch - 701+,,3.80,new
patches-for-jackets,Embroidery,CREATE,,8.0 inch - 701+,,4.00,new
patches-for-jackets,Embroidery,CREATE,,9.0 inch - 701+,,5.00,new
patches-for-jackets,Embroidery,CREATE,,10.0 inch - 701+,,5.50,new
patches-for-jackets,Embroidery,CREATE,,11.0 inch - 701+,,6.00,new
patches-for-jackets,Embroidery,CREATE,,12.0 inch - 701+,,7.00,new
patches-for-jackets,Embroidery,CREATE,,13.0 inch - 701+,,8.20,new
patches-for-jackets,Embroidery,CREATE,,14.0 inch - 701+,,9.00,new
patches-for-jackets,Embroidery,CREATE,,15.0 inch - 701+,,10.00,new
patches-for-jackets,Embroidery,CREATE,,16.0 inch - 701+,,12.00,new
patches-for-shirts,Embroidery,UPDATE,1.0 inch - 10,1.0 inch - 10-15,6.99,6.99,+0%
patches-for-shirts,Embroidery,UPDATE,1.5 inch - 10,1.5 inch - 10-15,6.99,6.99,+0%
patches-for-shirts,Embroidery,UPDATE,2.0 inch - 10,2.0 inch - 10-15,6.99,6.99,+0%
patches-for-shirts,Embroidery,UPDATE,2.5 inch - 10,2.5 inch - 10-15,6.99,6.99,+0%
patches-for-shirts,Embroidery,UPDATE,3.0 inch - 10,3.0 inch - 10-15,7.99,7.99,+0%
patches-for-shirts,Embroidery,UPDATE,3.5 inch - 10,3.5 inch - 10-15,7.99,7.99,+0%
patches-for-shirts,Embroidery,UPDATE,4.0 inch - 10,4.0 inch - 10-15,7.99,7.99,+0%
patches-for-shirts,Embroidery,UPDATE,4.5 inch - 10,4.5 inch - 10-15,8.99,8.99,+0%
patches-for-shirts,Embroidery,UPDATE,5.0 inch - 10,5.0 inch - 10-15,10.00,10.00,+0%
patches-for-shirts,Embroidery,UPDATE,6.0 inch - 10,6.0 inch - 10-15,11.00,11.00,+0%
patches-for-shirts,Embroidery,UPDATE,7.0 inch - 10,7.0 inch - 10-15,12.00,12.00,+0%
patches-for-shirts,Embroidery,UPDATE,8.0 inch - 10,8.0 inch - 10-15,14.00,14.00,+0%
patches-for-shirts,Embroidery,UPDATE,9.0 inch - 10,9.0 inch - 10-15,16.00,16.00,+0%
patches-for-shirts,Embroidery,UPDATE,10.0 inch - 10,10.0 inch - 10-15,18.00,18.00,+0%
patches-for-shirts,Embroidery,UPDATE,11.0 inch - 10,11.0 inch - 10-15,20.00,20.00,+0%
patches-for-shirts,Embroidery,UPDATE,12.0 inch - 10,12.0 inch - 10-15,22.00,22.00,+0%
patches-for-shirts,Embroidery,UPDATE,13.0 inch - 10,13.0 inch - 10-15,23.00,23.00,+0%
patches-for-shirts,Embroidery,UPDATE,14.0 inch - 10,14.0 inch - 10-15,24.20,24.20,+0%
patches-for-shirts,Embroidery,UPDATE,15.0 inch - 10,15.0 inch - 10-15,25.40,25.40,+0%
patches-for-shirts,Embroidery,UPDATE,16.0 inch - 10,16.0 inch - 10-15,26.60,26.60,+0%
patches-for-shirts,Embroidery,UPDATE,1.0 inch - 11-25,1.0 inch - 16-25,6.36,3.75,-41%
patches-for-shirts,Embroidery,UPDATE,1.5 inch - 11-25,1.5 inch - 16-25,6.36,3.80,-40%
patches-for-shirts,Embroidery,UPDATE,2.0 inch - 11-25,2.0 inch - 16-25,6.36,3.95,-38%
patches-for-shirts,Embroidery,UPDATE,2.5 inch - 11-25,2.5 inch - 16-25,6.36,4.50,-29%
patches-for-shirts,Embroidery,UPDATE,3.0 inch - 11-25,3.0 inch - 16-25,6.36,5.00,-21%
patches-for-shirts,Embroidery,UPDATE,3.5 inch - 11-25,3.5 inch - 16-25,6.36,5.20,-18%
patches-for-shirts,Embroidery,UPDATE,4.0 inch - 11-25,4.0 inch - 16-25,6.36,5.80,-9%
patches-for-shirts,Embroidery,UPDATE,4.5 inch - 11-25,4.5 inch - 16-25,6.36,6.00,-6%
patches-for-shirts,Embroidery,UPDATE,5.0 inch - 11-25,5.0 inch - 16-25,7.20,7.20,+0%
patches-for-shirts,Embroidery,UPDATE,6.0 inch - 11-25,6.0 inch - 16-25,7.30,7.30,+0%
patches-for-shirts,Embroidery,UPDATE,7.0 inch - 11-25,7.0 inch - 16-25,9.00,9.00,+0%
patches-for-shirts,Embroidery,UPDATE,8.0 inch - 11-25,8.0 inch - 16-25,11.00,11.00,+0%
patches-for-shirts,Embroidery,UPDATE,9.0 inch - 11-25,9.0 inch - 16-25,13.00,13.00,+0%
patches-for-shirts,Embroidery,UPDATE,10.0 inch - 11-25,10.0 inch - 16-25,16.00,16.00,+0%
patches-for-shirts,Embroidery,UPDATE,11.0 inch - 11-25,11.0 inch - 16-25,18.00,18.00,+0%
patches-for-shirts,Embroidery,UPDATE,12.0 inch - 11-25,12.0 inch - 16-25,20.00,20.00,+0%
patches-for-shirts,Embroidery,UPDATE,13.0 inch - 11-25,13.0 inch - 16-25,21.00,21.00,+0%
patches-for-shirts,Embroidery,UPDATE,14.0 inch - 11-25,14.0 inch - 16-25,22.50,22.50,+0%
patches-for-shirts,Embroidery,UPDATE,15.0 inch - 11-25,15.0 inch - 16-25,23.70,23.70,+0%
patches-for-shirts,Embroidery,UPDATE,16.0 inch - 11-25,16.0 inch - 16-25,24.80,24.80,+0%
patches-for-shirts,Embroidery,UPDATE,1.0 inch - 26-50,1.0 inch - 26-50,3.75,3.75,+0%
patches-for-shirts,Embroidery,UPDATE,1.5 inch - 26-50,1.5 inch - 26-50,3.75,3.75,+0%
patches-for-shirts,Embroidery,UPDATE,2.0 inch - 26-50,2.0 inch - 26-50,3.75,3.75,+0%
patches-for-shirts,Embroidery,UPDATE,2.5 inch - 26-50,2.5 inch - 26-50,3.75,3.75,+0%
patches-for-shirts,Embroidery,UPDATE,3.0 inch - 26-50,3.0 inch - 26-50,3.75,3.75,+0%
patches-for-shirts,Embroidery,UPDATE,3.5 inch - 26-50,3.5 inch - 26-50,3.80,3.80,+0%
patches-for-shirts,Embroidery,UPDATE,4.0 inch - 26-50,4.0 inch - 26-50,3.80,3.80,+0%
patches-for-shirts,Embroidery,UPDATE,4.5 inch - 26-50,4.5 inch - 26-50,4.00,4.00,+0%
patches-for-shirts,Embroidery,UPDATE,5.0 inch - 26-50,5.0 inch - 26-50,4.50,4.50,+0%
patches-for-shirts,Embroidery,UPDATE,6.0 inch - 26-50,6.0 inch - 26-50,6.00,6.00,+0%
patches-for-shirts,Embroidery,UPDATE,7.0 inch - 26-50,7.0 inch - 26-50,8.00,8.00,+0%
patches-for-shirts,Embroidery,UPDATE,8.0 inch - 26-50,8.0 inch - 26-50,10.00,10.00,+0%
patches-for-shirts,Embroidery,UPDATE,9.0 inch - 26-50,9.0 inch - 26-50,12.00,12.00,+0%
patches-for-shirts,Embroidery,UPDATE,10.0 inch - 26-50,10.0 inch - 26-50,15.00,15.00,+0%
patches-for-shirts,Embroidery,UPDATE,11.0 inch - 26-50,11.0 inch - 26-50,16.00,16.00,+0%
patches-for-shirts,Embroidery,UPDATE,12.0 inch - 26-50,12.0 inch - 26-50,18.00,18.00,+0%
patches-for-shirts,Embroidery,UPDATE,13.0 inch - 26-50,13.0 inch - 26-50,19.00,19.00,+0%
patches-for-shirts,Embroidery,UPDATE,14.0 inch - 26-50,14.0 inch - 26-50,20.20,20.20,+0%
patches-for-shirts,Embroidery,UPDATE,15.0 inch - 26-50,15.0 inch - 26-50,21.40,21.40,+0%
patches-for-shirts,Embroidery,UPDATE,16.0 inch - 26-50,16.0 inch - 26-50,22.70,22.70,+0%
patches-for-shirts,Embroidery,UPDATE,1.0 inch - 51-100,1.0 inch - 51-100,2.40,2.40,+0%
patches-for-shirts,Embroidery,UPDATE,1.5 inch - 51-100,1.5 inch - 51-100,2.40,2.40,+0%
patches-for-shirts,Embroidery,UPDATE,2.0 inch - 51-100,2.0 inch - 51-100,2.40,2.40,+0%
patches-for-shirts,Embroidery,UPDATE,2.5 inch - 51-100,2.5 inch - 51-100,2.40,2.20,-8%
patches-for-shirts,Embroidery,UPDATE,3.0 inch - 51-100,3.0 inch - 51-100,2.40,2.14,-11%
patches-for-shirts,Embroidery,UPDATE,3.5 inch - 51-100,3.5 inch - 51-100,2.50,2.50,+0%
patches-for-shirts,Embroidery,UPDATE,4.0 inch - 51-100,4.0 inch - 51-100,2.86,2.86,+0%
patches-for-shirts,Embroidery,UPDATE,4.5 inch - 51-100,4.5 inch - 51-100,3.21,3.21,+0%
patches-for-shirts,Embroidery,UPDATE,5.0 inch - 51-100,5.0 inch - 51-100,3.58,3.58,+0%
patches-for-shirts,Embroidery,UPDATE,6.0 inch - 51-100,6.0 inch - 51-100,4.29,4.29,+0%
patches-for-shirts,Embroidery,UPDATE,7.0 inch - 51-100,7.0 inch - 51-100,5.01,5.01,+0%
patches-for-shirts,Embroidery,UPDATE,8.0 inch - 51-100,8.0 inch - 51-100,5.72,5.72,+0%
patches-for-shirts,Embroidery,UPDATE,9.0 inch - 51-100,9.0 inch - 51-100,6.43,6.43,+0%
patches-for-shirts,Embroidery,UPDATE,10.0 inch - 51-100,10.0 inch - 51-100,7.15,7.15,+0%
patches-for-shirts,Embroidery,UPDATE,11.0 inch - 51-100,11.0 inch - 51-100,7.87,7.87,+0%
patches-for-shirts,Embroidery,UPDATE,12.0 inch - 51-100,12.0 inch - 51-100,8.59,8.59,+0%
patches-for-shirts,Embroidery,UPDATE,13.0 inch - 51-100,13.0 inch - 51-100,10.20,10.20,+0%
patches-for-shirts,Embroidery,UPDATE,14.0 inch - 51-100,14.0 inch - 51-100,11.40,11.40,+0%
patches-for-shirts,Embroidery,UPDATE,15.0 inch - 51-100,15.0 inch - 51-100,12.80,12.80,+0%
patches-for-shirts,Embroidery,UPDATE,16.0 inch - 51-100,16.0 inch - 51-100,13.90,13.90,+0%
patches-for-shirts,Embroidery,UPDATE,1.0 inch - 101-199,1.0 inch - 101-200,0.70,2.20,+214%
patches-for-shirts,Embroidery,UPDATE,1.5 inch - 101-199,1.5 inch - 101-200,0.79,2.20,+178%
patches-for-shirts,Embroidery,UPDATE,2.0 inch - 101-199,2.0 inch - 101-200,1.06,2.20,+108%
patches-for-shirts,Embroidery,UPDATE,2.5 inch - 101-199,2.5 inch - 101-200,1.33,2.05,+54%
patches-for-shirts,Embroidery,UPDATE,3.0 inch - 101-199,3.0 inch - 101-200,1.59,1.98,+25%
patches-for-shirts,Embroidery,UPDATE,3.5 inch - 101-199,3.5 inch - 101-200,1.86,2.20,+18%
patches-for-shirts,Embroidery,UPDATE,4.0 inch - 101-199,4.0 inch - 101-200,2.11,2.50,+18%
patches-for-shirts,Embroidery,UPDATE,4.5 inch - 101-199,4.5 inch - 101-200,2.38,3.00,+26%
patches-for-shirts,Embroidery,UPDATE,5.0 inch - 101-199,5.0 inch - 101-200,2.64,3.30,+25%
patches-for-shirts,Embroidery,UPDATE,6.0 inch - 101-199,6.0 inch - 101-200,3.18,4.05,+27%
patches-for-shirts,Embroidery,UPDATE,7.0 inch - 101-199,7.0 inch - 101-200,3.71,4.80,+29%
patches-for-shirts,Embroidery,UPDATE,8.0 inch - 101-199,8.0 inch - 101-200,4.23,5.40,+28%
patches-for-shirts,Embroidery,UPDATE,9.0 inch - 101-199,9.0 inch - 101-200,4.76,6.10,+28%
patches-for-shirts,Embroidery,UPDATE,10.0 inch - 101-199,10.0 inch - 101-200,5.30,6.90,+30%
patches-for-shirts,Embroidery,UPDATE,11.0 inch - 101-199,11.0 inch - 101-200,5.82,7.40,+27%
patches-for-shirts,Embroidery,UPDATE,12.0 inch - 101-199,12.0 inch - 101-200,6.35,8.30,+31%
patches-for-shirts,Embroidery,UPDATE,13.0 inch - 101-199,13.0 inch - 101-200,7.50,9.90,+32%
patches-for-shirts,Embroidery,UPDATE,14.0 inch - 101-199,14.0 inch - 101-200,8.80,11.05,+26%
patches-for-shirts,Embroidery,UPDATE,15.0 inch - 101-199,15.0 inch - 101-200,9.95,12.20,+23%
patches-for-shirts,Embroidery,UPDATE,16.0 inch - 101-199,16.0 inch - 101-200,10.95,13.30,+21%
patches-for-shirts,Embroidery,UPDATE,1.0 inch - 200-499,1.0 inch - 201-300,0.38,1.80,+374%
patches-for-shirts,Embroidery,UPDATE,1.5 inch - 200-499,1.5 inch - 201-300,0.56,1.80,+221%
patches-for-shirts,Embroidery,UPDATE,2.0 inch - 200-499,2.0 inch - 201-300,0.71,1.80,+154%
patches-for-shirts,Embroidery,UPDATE,2.5 inch - 200-499,2.5 inch - 201-300,0.94,1.80,+91%
patches-for-shirts,Embroidery,UPDATE,3.0 inch - 200-499,3.0 inch - 201-300,1.11,1.50,+35%
patches-for-shirts,Embroidery,UPDATE,3.5 inch - 200-499,3.5 inch - 201-300,1.30,1.80,+38%
patches-for-shirts,Embroidery,UPDATE,4.0 inch - 200-499,4.0 inch - 201-300,1.49,2.00,+34%
patches-for-shirts,Embroidery,UPDATE,4.5 inch - 200-499,4.5 inch - 201-300,1.68,2.55,+52%
patches-for-shirts,Embroidery,UPDATE,5.0 inch - 200-499,5.0 inch - 201-300,1.86,3.00,+61%
patches-for-shirts,Embroidery,UPDATE,6.0 inch - 200-499,6.0 inch - 201-300,2.24,3.80,+70%
patches-for-shirts,Embroidery,UPDATE,7.0 inch - 200-499,7.0 inch - 201-300,2.60,4.50,+73%
patches-for-shirts,Embroidery,UPDATE,8.0 inch - 200-499,8.0 inch - 201-300,2.98,5.10,+71%
patches-for-shirts,Embroidery,UPDATE,9.0 inch - 200-499,9.0 inch - 201-300,3.34,5.90,+77%
patches-for-shirts,Embroidery,UPDATE,10.0 inch - 200-499,10.0 inch - 201-300,3.72,6.50,+75%
patches-for-shirts,Embroidery,UPDATE,11.0 inch - 200-499,11.0 inch - 201-300,4.09,7.10,+74%
patches-for-shirts,Embroidery,UPDATE,12.0 inch - 200-499,12.0 inch - 201-300,4.47,8.00,+79%
patches-for-shirts,Embroidery,UPDATE,13.0 inch - 200-499,13.0 inch - 201-300,5.60,9.60,+71%
patches-for-shirts,Embroidery,UPDATE,14.0 inch - 200-499,14.0 inch - 201-300,6.75,10.80,+60%
patches-for-shirts,Embroidery,UPDATE,15.0 inch - 200-499,15.0 inch - 201-300,7.80,12.00,+54%
patches-for-shirts,Embroidery,UPDATE,16.0 inch - 200-499,16.0 inch - 201-300,8.85,13.00,+47%
patches-for-shirts,Embroidery,UPDATE,1.0 inch - 500-999,1.0 inch - 301-400,0.27,1.60,+493%
patches-for-shirts,Embroidery,UPDATE,1.5 inch - 500-999,1.5 inch - 301-400,0.41,1.60,+290%
patches-for-shirts,Embroidery,UPDATE,2.0 inch - 500-999,2.0 inch - 301-400,0.54,1.60,+196%
patches-for-shirts,Embroidery,UPDATE,2.5 inch - 500-999,2.5 inch - 301-400,0.68,1.60,+135%
patches-for-shirts,Embroidery,UPDATE,3.0 inch - 500-999,3.0 inch - 301-400,0.81,1.20,+48%
patches-for-shirts,Embroidery,UPDATE,3.5 inch - 500-999,3.5 inch - 301-400,0.94,1.60,+70%
patches-for-shirts,Embroidery,UPDATE,4.0 inch - 500-999,4.0 inch - 301-400,1.09,1.80,+65%
patches-for-shirts,Embroidery,UPDATE,4.5 inch - 500-999,4.5 inch - 301-400,1.22,2.45,+101%
patches-for-shirts,Embroidery,UPDATE,5.0 inch - 500-999,5.0 inch - 301-400,1.36,2.80,+106%
patches-for-shirts,Embroidery,UPDATE,6.0 inch - 500-999,6.0 inch - 301-400,1.64,3.60,+120%
patches-for-shirts,Embroidery,UPDATE,7.0 inch - 500-999,7.0 inch - 301-400,1.90,4.30,+126%
patches-for-shirts,Embroidery,UPDATE,8.0 inch - 500-999,8.0 inch - 301-400,2.17,4.80,+121%
patches-for-shirts,Embroidery,UPDATE,9.0 inch - 500-999,9.0 inch - 301-400,2.45,5.70,+133%
patches-for-shirts,Embroidery,UPDATE,10.0 inch - 500-999,10.0 inch - 301-400,2.72,6.30,+132%
patches-for-shirts,Embroidery,UPDATE,11.0 inch - 500-999,11.0 inch - 301-400,2.99,6.80,+127%
patches-for-shirts,Embroidery,UPDATE,12.0 inch - 500-999,12.0 inch - 301-400,3.26,7.80,+139%
patches-for-shirts,Embroidery,UPDATE,13.0 inch - 500-999,13.0 inch - 301-400,4.30,9.30,+116%
patches-for-shirts,Embroidery,UPDATE,14.0 inch - 500-999,14.0 inch - 301-400,5.45,10.40,+91%
patches-for-shirts,Embroidery,UPDATE,15.0 inch - 500-999,15.0 inch - 301-400,6.80,11.80,+74%
patches-for-shirts,Embroidery,UPDATE,16.0 inch - 500-999,16.0 inch - 301-400,7.95,12.80,+61%
patches-for-shirts,Embroidery,UPDATE,1.0 inch - 1000+,1.0 inch - 401-500,0.25,1.40,+460%
patches-for-shirts,Embroidery,UPDATE,1.5 inch - 1000+,1.5 inch - 401-500,0.37,1.40,+278%
patches-for-shirts,Embroidery,UPDATE,2.0 inch - 1000+,2.0 inch - 401-500,0.49,1.40,+186%
patches-for-shirts,Embroidery,UPDATE,2.5 inch - 1000+,2.5 inch - 401-500,0.61,1.40,+130%
patches-for-shirts,Embroidery,UPDATE,3.0 inch - 1000+,3.0 inch - 401-500,0.73,1.00,+37%
patches-for-shirts,Embroidery,UPDATE,3.5 inch - 1000+,3.5 inch - 401-500,0.84,1.40,+67%
patches-for-shirts,Embroidery,UPDATE,4.0 inch - 1000+,4.0 inch - 401-500,0.98,1.60,+63%
patches-for-shirts,Embroidery,UPDATE,4.5 inch - 1000+,4.5 inch - 401-500,1.11,2.25,+103%
patches-for-shirts,Embroidery,UPDATE,5.0 inch - 1000+,5.0 inch - 401-500,1.21,2.60,+115%
patches-for-shirts,Embroidery,UPDATE,6.0 inch - 1000+,6.0 inch - 401-500,1.46,3.40,+133%
patches-for-shirts,Embroidery,UPDATE,7.0 inch - 1000+,7.0 inch - 401-500,1.70,4.10,+141%
patches-for-shirts,Embroidery,UPDATE,8.0 inch - 1000+,8.0 inch - 401-500,1.96,4.60,+135%
patches-for-shirts,Embroidery,UPDATE,9.0 inch - 1000+,9.0 inch - 401-500,2.19,5.50,+151%
patches-for-shirts,Embroidery,UPDATE,10.0 inch - 1000+,10.0 inch - 401-500,2.43,6.10,+151%
patches-for-shirts,Embroidery,UPDATE,11.0 inch - 1000+,11.0 inch - 401-500,2.67,6.50,+143%
patches-for-shirts,Embroidery,UPDATE,12.0 inch - 1000+,12.0 inch - 401-500,2.92,7.60,+160%
patches-for-shirts,Embroidery,UPDATE,13.0 inch - 1000+,13.0 inch - 401-500,3.98,9.10,+129%
patches-for-shirts,Embroidery,UPDATE,14.0 inch - 1000+,14.0 inch - 401-500,5.10,10.20,+100%
patches-for-shirts,Embroidery,UPDATE,15.0 inch - 1000+,15.0 inch - 401-500,6.40,11.50,+80%
patches-for-shirts,Embroidery,UPDATE,16.0 inch - 1000+,16.0 inch - 401-500,7.60,12.40,+63%
patches-for-shirts,Embroidery,CREATE,,1.0 inch - 501-700,,1.20,new
patches-for-shirts,Embroidery,CREATE,,1.5 inch - 501-700,,1.20,new
patches-for-shirts,Embroidery,CREATE,,2.0 inch - 501-700,,1.20,new
patches-for-shirts,Embroidery,CREATE,,2.5 inch - 501-700,,1.20,new
patches-for-shirts,Embroidery,CREATE,,3.0 inch - 501-700,,0.81,new
patches-for-shirts,Embroidery,CREATE,,3.5 inch - 501-700,,1.05,new
patches-for-shirts,Embroidery,CREATE,,4.0 inch - 501-700,,1.30,new
patches-for-shirts,Embroidery,CREATE,,4.5 inch - 501-700,,2.00,new
patches-for-shirts,Embroidery,CREATE,,5.0 inch - 501-700,,2.40,new
patches-for-shirts,Embroidery,CREATE,,6.0 inch - 501-700,,3.10,new
patches-for-shirts,Embroidery,CREATE,,7.0 inch - 501-700,,4.00,new
patches-for-shirts,Embroidery,CREATE,,8.0 inch - 501-700,,4.30,new
patches-for-shirts,Embroidery,CREATE,,9.0 inch - 501-700,,5.20,new
patches-for-shirts,Embroidery,CREATE,,10.0 inch - 501-700,,5.80,new
patches-for-shirts,Embroidery,CREATE,,11.0 inch - 501-700,,6.20,new
patches-for-shirts,Embroidery,CREATE,,12.0 inch - 501-700,,7.30,new
patches-for-shirts,Embroidery,CREATE,,13.0 inch - 501-700,,8.50,new
patches-for-shirts,Embroidery,CREATE,,14.0 inch - 501-700,,9.50,new
patches-for-shirts,Embroidery,CREATE,,15.0 inch - 501-700,,10.80,new
patches-for-shirts,Embroidery,CREATE,,16.0 inch - 501-700,,12.00,new
patches-for-shirts,Embroidery,CREATE,,1.0 inch - 701+,,0.95,new
patches-for-shirts,Embroidery,CREATE,,1.5 inch - 701+,,0.95,new
patches-for-shirts,Embroidery,CREATE,,2.0 inch - 701+,,0.95,new
patches-for-shirts,Embroidery,CREATE,,2.5 inch - 701+,,0.95,new
patches-for-shirts,Embroidery,CREATE,,3.0 inch - 701+,,0.75,new
patches-for-shirts,Embroidery,CREATE,,3.5 inch - 701+,,1.00,new
patches-for-shirts,Embroidery,CREATE,,4.0 inch - 701+,,1.10,new
patches-for-shirts,Embroidery,CREATE,,4.5 inch - 701+,,1.80,new
patches-for-shirts,Embroidery,CREATE,,5.0 inch - 701+,,2.20,new
patches-for-shirts,Embroidery,CREATE,,6.0 inch - 701+,,2.80,new
patches-for-shirts,Embroidery,CREATE,,7.0 inch - 701+,,3.80,new
patches-for-shirts,Embroidery,CREATE,,8.0 inch - 701+,,4.00,new
patches-for-shirts,Embroidery,CREATE,,9.0 inch - 701+,,5.00,new
patches-for-shirts,Embroidery,CREATE,,10.0 inch - 701+,,5.50,new
patches-for-shirts,Embroidery,CREATE,,11.0 inch - 701+,,6.00,new
patches-for-shirts,Embroidery,CREATE,,12.0 inch - 701+,,7.00,new
patches-for-shirts,Embroidery,CREATE,,13.0 inch - 701+,,8.20,new
patches-for-shirts,Embroidery,CREATE,,14.0 inch - 701+,,9.00,new
patches-for-shirts,Embroidery,CREATE,,15.0 inch - 701+,,10.00,new
patches-for-shirts,Embroidery,CREATE,,16.0 inch - 701+,,12.00,new
patches-for-hats,Embroidery,UPDATE,1.0 inch - 10,1.0 inch - 10-15,6.99,6.99,+0%
patches-for-hats,Embroidery,UPDATE,1.5 inch - 10,1.5 inch - 10-15,6.99,6.99,+0%
patches-for-hats,Embroidery,UPDATE,2.0 inch - 10,2.0 inch - 10-15,6.99,6.99,+0%
patches-for-hats,Embroidery,UPDATE,2.5 inch - 10,2.5 inch - 10-15,6.99,6.99,+0%
patches-for-hats,Embroidery,UPDATE,3.0 inch - 10,3.0 inch - 10-15,7.99,7.99,+0%
patches-for-hats,Embroidery,UPDATE,3.5 inch - 10,3.5 inch - 10-15,7.99,7.99,+0%
patches-for-hats,Embroidery,UPDATE,4.0 inch - 10,4.0 inch - 10-15,7.99,7.99,+0%
patches-for-hats,Embroidery,UPDATE,4.5 inch - 10,4.5 inch - 10-15,8.99,8.99,+0%
patches-for-hats,Embroidery,UPDATE,5.0 inch - 10,5.0 inch - 10-15,10.00,10.00,+0%
patches-for-hats,Embroidery,UPDATE,6.0 inch - 10,6.0 inch - 10-15,11.00,11.00,+0%
patches-for-hats,Embroidery,UPDATE,7.0 inch - 10,7.0 inch - 10-15,12.00,12.00,+0%
patches-for-hats,Embroidery,UPDATE,8.0 inch - 10,8.0 inch - 10-15,14.00,14.00,+0%
patches-for-hats,Embroidery,UPDATE,9.0 inch - 10,9.0 inch - 10-15,16.00,16.00,+0%
patches-for-hats,Embroidery,UPDATE,10.0 inch - 10,10.0 inch - 10-15,18.00,18.00,+0%
patches-for-hats,Embroidery,UPDATE,11.0 inch - 10,11.0 inch - 10-15,20.00,20.00,+0%
patches-for-hats,Embroidery,UPDATE,12.0 inch - 10,12.0 inch - 10-15,22.00,22.00,+0%
patches-for-hats,Embroidery,UPDATE,13.0 inch - 10,13.0 inch - 10-15,23.00,23.00,+0%
patches-for-hats,Embroidery,UPDATE,14.0 inch - 10,14.0 inch - 10-15,24.20,24.20,+0%
patches-for-hats,Embroidery,UPDATE,15.0 inch - 10,15.0 inch - 10-15,25.40,25.40,+0%
patches-for-hats,Embroidery,UPDATE,16.0 inch - 10,16.0 inch - 10-15,26.60,26.60,+0%
patches-for-hats,Embroidery,UPDATE,1.0 inch - 11-25,1.0 inch - 16-25,6.36,3.75,-41%
patches-for-hats,Embroidery,UPDATE,1.5 inch - 11-25,1.5 inch - 16-25,6.36,3.80,-40%
patches-for-hats,Embroidery,UPDATE,2.0 inch - 11-25,2.0 inch - 16-25,6.36,3.95,-38%
patches-for-hats,Embroidery,UPDATE,2.5 inch - 11-25,2.5 inch - 16-25,6.36,4.50,-29%
patches-for-hats,Embroidery,UPDATE,3.0 inch - 11-25,3.0 inch - 16-25,6.36,5.00,-21%
patches-for-hats,Embroidery,UPDATE,3.5 inch - 11-25,3.5 inch - 16-25,6.36,5.20,-18%
patches-for-hats,Embroidery,UPDATE,4.0 inch - 11-25,4.0 inch - 16-25,6.36,5.80,-9%
patches-for-hats,Embroidery,UPDATE,4.5 inch - 11-25,4.5 inch - 16-25,6.36,6.00,-6%
patches-for-hats,Embroidery,UPDATE,5.0 inch - 11-25,5.0 inch - 16-25,7.20,7.20,+0%
patches-for-hats,Embroidery,UPDATE,6.0 inch - 11-25,6.0 inch - 16-25,7.30,7.30,+0%
patches-for-hats,Embroidery,UPDATE,7.0 inch - 11-25,7.0 inch - 16-25,9.00,9.00,+0%
patches-for-hats,Embroidery,UPDATE,8.0 inch - 11-25,8.0 inch - 16-25,11.00,11.00,+0%
patches-for-hats,Embroidery,UPDATE,9.0 inch - 11-25,9.0 inch - 16-25,13.00,13.00,+0%
patches-for-hats,Embroidery,UPDATE,10.0 inch - 11-25,10.0 inch - 16-25,16.00,16.00,+0%
patches-for-hats,Embroidery,UPDATE,11.0 inch - 11-25,11.0 inch - 16-25,18.00,18.00,+0%
patches-for-hats,Embroidery,UPDATE,12.0 inch - 11-25,12.0 inch - 16-25,20.00,20.00,+0%
patches-for-hats,Embroidery,UPDATE,13.0 inch - 11-25,13.0 inch - 16-25,21.00,21.00,+0%
patches-for-hats,Embroidery,UPDATE,14.0 inch - 11-25,14.0 inch - 16-25,22.50,22.50,+0%
patches-for-hats,Embroidery,UPDATE,15.0 inch - 11-25,15.0 inch - 16-25,23.70,23.70,+0%
patches-for-hats,Embroidery,UPDATE,16.0 inch - 11-25,16.0 inch - 16-25,24.80,24.80,+0%
patches-for-hats,Embroidery,UPDATE,1.0 inch - 26-50,1.0 inch - 26-50,3.75,3.75,+0%
patches-for-hats,Embroidery,UPDATE,1.5 inch - 26-50,1.5 inch - 26-50,3.75,3.75,+0%
patches-for-hats,Embroidery,UPDATE,2.0 inch - 26-50,2.0 inch - 26-50,3.75,3.75,+0%
patches-for-hats,Embroidery,UPDATE,2.5 inch - 26-50,2.5 inch - 26-50,3.75,3.75,+0%
patches-for-hats,Embroidery,UPDATE,3.0 inch - 26-50,3.0 inch - 26-50,3.75,3.75,+0%
patches-for-hats,Embroidery,UPDATE,3.5 inch - 26-50,3.5 inch - 26-50,3.80,3.80,+0%
patches-for-hats,Embroidery,UPDATE,4.0 inch - 26-50,4.0 inch - 26-50,3.80,3.80,+0%
patches-for-hats,Embroidery,UPDATE,4.5 inch - 26-50,4.5 inch - 26-50,4.00,4.00,+0%
patches-for-hats,Embroidery,UPDATE,5.0 inch - 26-50,5.0 inch - 26-50,4.50,4.50,+0%
patches-for-hats,Embroidery,UPDATE,6.0 inch - 26-50,6.0 inch - 26-50,6.00,6.00,+0%
patches-for-hats,Embroidery,UPDATE,7.0 inch - 26-50,7.0 inch - 26-50,8.00,8.00,+0%
patches-for-hats,Embroidery,UPDATE,8.0 inch - 26-50,8.0 inch - 26-50,10.00,10.00,+0%
patches-for-hats,Embroidery,UPDATE,9.0 inch - 26-50,9.0 inch - 26-50,12.00,12.00,+0%
patches-for-hats,Embroidery,UPDATE,10.0 inch - 26-50,10.0 inch - 26-50,15.00,15.00,+0%
patches-for-hats,Embroidery,UPDATE,11.0 inch - 26-50,11.0 inch - 26-50,16.00,16.00,+0%
patches-for-hats,Embroidery,UPDATE,12.0 inch - 26-50,12.0 inch - 26-50,18.00,18.00,+0%
patches-for-hats,Embroidery,UPDATE,13.0 inch - 26-50,13.0 inch - 26-50,19.00,19.00,+0%
patches-for-hats,Embroidery,UPDATE,14.0 inch - 26-50,14.0 inch - 26-50,20.20,20.20,+0%
patches-for-hats,Embroidery,UPDATE,15.0 inch - 26-50,15.0 inch - 26-50,21.40,21.40,+0%
patches-for-hats,Embroidery,UPDATE,16.0 inch - 26-50,16.0 inch - 26-50,22.70,22.70,+0%
patches-for-hats,Embroidery,UPDATE,1.0 inch - 51-100,1.0 inch - 51-100,2.40,2.40,+0%
patches-for-hats,Embroidery,UPDATE,1.5 inch - 51-100,1.5 inch - 51-100,2.40,2.40,+0%
patches-for-hats,Embroidery,UPDATE,2.0 inch - 51-100,2.0 inch - 51-100,2.40,2.40,+0%
patches-for-hats,Embroidery,UPDATE,2.5 inch - 51-100,2.5 inch - 51-100,2.40,2.20,-8%
patches-for-hats,Embroidery,UPDATE,3.0 inch - 51-100,3.0 inch - 51-100,2.40,2.14,-11%
patches-for-hats,Embroidery,UPDATE,3.5 inch - 51-100,3.5 inch - 51-100,2.50,2.50,+0%
patches-for-hats,Embroidery,UPDATE,4.0 inch - 51-100,4.0 inch - 51-100,2.86,2.86,+0%
patches-for-hats,Embroidery,UPDATE,4.5 inch - 51-100,4.5 inch - 51-100,3.21,3.21,+0%
patches-for-hats,Embroidery,UPDATE,5.0 inch - 51-100,5.0 inch - 51-100,3.58,3.58,+0%
patches-for-hats,Embroidery,UPDATE,6.0 inch - 51-100,6.0 inch - 51-100,4.29,4.29,+0%
patches-for-hats,Embroidery,UPDATE,7.0 inch - 51-100,7.0 inch - 51-100,5.01,5.01,+0%
patches-for-hats,Embroidery,UPDATE,8.0 inch - 51-100,8.0 inch - 51-100,5.72,5.72,+0%
patches-for-hats,Embroidery,UPDATE,9.0 inch - 51-100,9.0 inch - 51-100,6.43,6.43,+0%
patches-for-hats,Embroidery,UPDATE,10.0 inch - 51-100,10.0 inch - 51-100,7.15,7.15,+0%
patches-for-hats,Embroidery,UPDATE,11.0 inch - 51-100,11.0 inch - 51-100,7.87,7.87,+0%
patches-for-hats,Embroidery,UPDATE,12.0 inch - 51-100,12.0 inch - 51-100,8.59,8.59,+0%
patches-for-hats,Embroidery,UPDATE,13.0 inch - 51-100,13.0 inch - 51-100,10.20,10.20,+0%
patches-for-hats,Embroidery,UPDATE,14.0 inch - 51-100,14.0 inch - 51-100,11.40,11.40,+0%
patches-for-hats,Embroidery,UPDATE,15.0 inch - 51-100,15.0 inch - 51-100,12.80,12.80,+0%
patches-for-hats,Embroidery,UPDATE,16.0 inch - 51-100,16.0 inch - 51-100,13.90,13.90,+0%
patches-for-hats,Embroidery,UPDATE,1.0 inch - 101-199,1.0 inch - 101-200,0.70,2.20,+214%
patches-for-hats,Embroidery,UPDATE,1.5 inch - 101-199,1.5 inch - 101-200,0.79,2.20,+178%
patches-for-hats,Embroidery,UPDATE,2.0 inch - 101-199,2.0 inch - 101-200,1.06,2.20,+108%
patches-for-hats,Embroidery,UPDATE,2.5 inch - 101-199,2.5 inch - 101-200,1.33,2.05,+54%
patches-for-hats,Embroidery,UPDATE,3.0 inch - 101-199,3.0 inch - 101-200,1.59,1.98,+25%
patches-for-hats,Embroidery,UPDATE,3.5 inch - 101-199,3.5 inch - 101-200,1.86,2.20,+18%
patches-for-hats,Embroidery,UPDATE,4.0 inch - 101-199,4.0 inch - 101-200,2.11,2.50,+18%
patches-for-hats,Embroidery,UPDATE,4.5 inch - 101-199,4.5 inch - 101-200,2.38,3.00,+26%
patches-for-hats,Embroidery,UPDATE,5.0 inch - 101-199,5.0 inch - 101-200,2.64,3.30,+25%
patches-for-hats,Embroidery,UPDATE,6.0 inch - 101-199,6.0 inch - 101-200,3.18,4.05,+27%
patches-for-hats,Embroidery,UPDATE,7.0 inch - 101-199,7.0 inch - 101-200,3.71,4.80,+29%
patches-for-hats,Embroidery,UPDATE,8.0 inch - 101-199,8.0 inch - 101-200,4.23,5.40,+28%
patches-for-hats,Embroidery,UPDATE,9.0 inch - 101-199,9.0 inch - 101-200,4.76,6.10,+28%
patches-for-hats,Embroidery,UPDATE,10.0 inch - 101-199,10.0 inch - 101-200,5.30,6.90,+30%
patches-for-hats,Embroidery,UPDATE,11.0 inch - 101-199,11.0 inch - 101-200,5.82,7.40,+27%
patches-for-hats,Embroidery,UPDATE,12.0 inch - 101-199,12.0 inch - 101-200,6.35,8.30,+31%
patches-for-hats,Embroidery,UPDATE,13.0 inch - 101-199,13.0 inch - 101-200,7.50,9.90,+32%
patches-for-hats,Embroidery,UPDATE,14.0 inch - 101-199,14.0 inch - 101-200,8.80,11.05,+26%
patches-for-hats,Embroidery,UPDATE,15.0 inch - 101-199,15.0 inch - 101-200,9.95,12.20,+23%
patches-for-hats,Embroidery,UPDATE,16.0 inch - 101-199,16.0 inch - 101-200,10.95,13.30,+21%
patches-for-hats,Embroidery,UPDATE,1.0 inch - 200-499,1.0 inch - 201-300,0.38,1.80,+374%
patches-for-hats,Embroidery,UPDATE,1.5 inch - 200-499,1.5 inch - 201-300,0.56,1.80,+221%
patches-for-hats,Embroidery,UPDATE,2.0 inch - 200-499,2.0 inch - 201-300,0.71,1.80,+154%
patches-for-hats,Embroidery,UPDATE,2.5 inch - 200-499,2.5 inch - 201-300,0.94,1.80,+91%
patches-for-hats,Embroidery,UPDATE,3.0 inch - 200-499,3.0 inch - 201-300,1.11,1.50,+35%
patches-for-hats,Embroidery,UPDATE,3.5 inch - 200-499,3.5 inch - 201-300,1.30,1.80,+38%
patches-for-hats,Embroidery,UPDATE,4.0 inch - 200-499,4.0 inch - 201-300,1.49,2.00,+34%
patches-for-hats,Embroidery,UPDATE,4.5 inch - 200-499,4.5 inch - 201-300,1.68,2.55,+52%
patches-for-hats,Embroidery,UPDATE,5.0 inch - 200-499,5.0 inch - 201-300,1.86,3.00,+61%
patches-for-hats,Embroidery,UPDATE,6.0 inch - 200-499,6.0 inch - 201-300,2.24,3.80,+70%
patches-for-hats,Embroidery,UPDATE,7.0 inch - 200-499,7.0 inch - 201-300,2.60,4.50,+73%
patches-for-hats,Embroidery,UPDATE,8.0 inch - 200-499,8.0 inch - 201-300,2.98,5.10,+71%
patches-for-hats,Embroidery,UPDATE,9.0 inch - 200-499,9.0 inch - 201-300,3.34,5.90,+77%
patches-for-hats,Embroidery,UPDATE,10.0 inch - 200-499,10.0 inch - 201-300,3.72,6.50,+75%
patches-for-hats,Embroidery,UPDATE,11.0 inch - 200-499,11.0 inch - 201-300,4.09,7.10,+74%
patches-for-hats,Embroidery,UPDATE,12.0 inch - 200-499,12.0 inch - 201-300,4.47,8.00,+79%
patches-for-hats,Embroidery,UPDATE,13.0 inch - 200-499,13.0 inch - 201-300,5.60,9.60,+71%
patches-for-hats,Embroidery,UPDATE,14.0 inch - 200-499,14.0 inch - 201-300,6.75,10.80,+60%
patches-for-hats,Embroidery,UPDATE,15.0 inch - 200-499,15.0 inch - 201-300,7.80,12.00,+54%
patches-for-hats,Embroidery,UPDATE,16.0 inch - 200-499,16.0 inch - 201-300,8.85,13.00,+47%
patches-for-hats,Embroidery,UPDATE,1.0 inch - 500-999,1.0 inch - 301-400,0.27,1.60,+493%
patches-for-hats,Embroidery,UPDATE,1.5 inch - 500-999,1.5 inch - 301-400,0.41,1.60,+290%
patches-for-hats,Embroidery,UPDATE,2.0 inch - 500-999,2.0 inch - 301-400,0.54,1.60,+196%
patches-for-hats,Embroidery,UPDATE,2.5 inch - 500-999,2.5 inch - 301-400,0.68,1.60,+135%
patches-for-hats,Embroidery,UPDATE,3.0 inch - 500-999,3.0 inch - 301-400,0.81,1.20,+48%
patches-for-hats,Embroidery,UPDATE,3.5 inch - 500-999,3.5 inch - 301-400,0.94,1.60,+70%
patches-for-hats,Embroidery,UPDATE,4.0 inch - 500-999,4.0 inch - 301-400,1.09,1.80,+65%
patches-for-hats,Embroidery,UPDATE,4.5 inch - 500-999,4.5 inch - 301-400,1.22,2.45,+101%
patches-for-hats,Embroidery,UPDATE,5.0 inch - 500-999,5.0 inch - 301-400,1.36,2.80,+106%
patches-for-hats,Embroidery,UPDATE,6.0 inch - 500-999,6.0 inch - 301-400,1.64,3.60,+120%
patches-for-hats,Embroidery,UPDATE,7.0 inch - 500-999,7.0 inch - 301-400,1.90,4.30,+126%
patches-for-hats,Embroidery,UPDATE,8.0 inch - 500-999,8.0 inch - 301-400,2.17,4.80,+121%
patches-for-hats,Embroidery,UPDATE,9.0 inch - 500-999,9.0 inch - 301-400,2.45,5.70,+133%
patches-for-hats,Embroidery,UPDATE,10.0 inch - 500-999,10.0 inch - 301-400,2.72,6.30,+132%
patches-for-hats,Embroidery,UPDATE,11.0 inch - 500-999,11.0 inch - 301-400,2.99,6.80,+127%
patches-for-hats,Embroidery,UPDATE,12.0 inch - 500-999,12.0 inch - 301-400,3.26,7.80,+139%
patches-for-hats,Embroidery,UPDATE,13.0 inch - 500-999,13.0 inch - 301-400,4.30,9.30,+116%
patches-for-hats,Embroidery,UPDATE,14.0 inch - 500-999,14.0 inch - 301-400,5.45,10.40,+91%
patches-for-hats,Embroidery,UPDATE,15.0 inch - 500-999,15.0 inch - 301-400,6.80,11.80,+74%
patches-for-hats,Embroidery,UPDATE,16.0 inch - 500-999,16.0 inch - 301-400,7.95,12.80,+61%
patches-for-hats,Embroidery,UPDATE,1.0 inch - 1000+,1.0 inch - 401-500,0.25,1.40,+460%
patches-for-hats,Embroidery,UPDATE,1.5 inch - 1000+,1.5 inch - 401-500,0.37,1.40,+278%
patches-for-hats,Embroidery,UPDATE,2.0 inch - 1000+,2.0 inch - 401-500,0.49,1.40,+186%
patches-for-hats,Embroidery,UPDATE,2.5 inch - 1000+,2.5 inch - 401-500,0.61,1.40,+130%
patches-for-hats,Embroidery,UPDATE,3.0 inch - 1000+,3.0 inch - 401-500,0.73,1.00,+37%
patches-for-hats,Embroidery,UPDATE,3.5 inch - 1000+,3.5 inch - 401-500,0.84,1.40,+67%
patches-for-hats,Embroidery,UPDATE,4.0 inch - 1000+,4.0 inch - 401-500,0.98,1.60,+63%
patches-for-hats,Embroidery,UPDATE,4.5 inch - 1000+,4.5 inch - 401-500,1.11,2.25,+103%
patches-for-hats,Embroidery,UPDATE,5.0 inch - 1000+,5.0 inch - 401-500,1.21,2.60,+115%
patches-for-hats,Embroidery,UPDATE,6.0 inch - 1000+,6.0 inch - 401-500,1.46,3.40,+133%
patches-for-hats,Embroidery,UPDATE,7.0 inch - 1000+,7.0 inch - 401-500,1.70,4.10,+141%
patches-for-hats,Embroidery,UPDATE,8.0 inch - 1000+,8.0 inch - 401-500,1.96,4.60,+135%
patches-for-hats,Embroidery,UPDATE,9.0 inch - 1000+,9.0 inch - 401-500,2.19,5.50,+151%
patches-for-hats,Embroidery,UPDATE,10.0 inch - 1000+,10.0 inch - 401-500,2.43,6.10,+151%
patches-for-hats,Embroidery,UPDATE,11.0 inch - 1000+,11.0 inch - 401-500,2.67,6.50,+143%
patches-for-hats,Embroidery,UPDATE,12.0 inch - 1000+,12.0 inch - 401-500,2.92,7.60,+160%
patches-for-hats,Embroidery,UPDATE,13.0 inch - 1000+,13.0 inch - 401-500,3.98,9.10,+129%
patches-for-hats,Embroidery,UPDATE,14.0 inch - 1000+,14.0 inch - 401-500,5.10,10.20,+100%
patches-for-hats,Embroidery,UPDATE,15.0 inch - 1000+,15.0 inch - 401-500,6.40,11.50,+80%
patches-for-hats,Embroidery,UPDATE,16.0 inch - 1000+,16.0 inch - 401-500,7.60,12.40,+63%
patches-for-hats,Embroidery,CREATE,,1.0 inch - 501-700,,1.20,new
patches-for-hats,Embroidery,CREATE,,1.5 inch - 501-700,,1.20,new
patches-for-hats,Embroidery,CREATE,,2.0 inch - 501-700,,1.20,new
patches-for-hats,Embroidery,CREATE,,2.5 inch - 501-700,,1.20,new
patches-for-hats,Embroidery,CREATE,,3.0 inch - 501-700,,0.81,new
patches-for-hats,Embroidery,CREATE,,3.5 inch - 501-700,,1.05,new
patches-for-hats,Embroidery,CREATE,,4.0 inch - 501-700,,1.30,new
patches-for-hats,Embroidery,CREATE,,4.5 inch - 501-700,,2.00,new
patches-for-hats,Embroidery,CREATE,,5.0 inch - 501-700,,2.40,new
patches-for-hats,Embroidery,CREATE,,6.0 inch - 501-700,,3.10,new
patches-for-hats,Embroidery,CREATE,,7.0 inch - 501-700,,4.00,new
patches-for-hats,Embroidery,CREATE,,8.0 inch - 501-700,,4.30,new
patches-for-hats,Embroidery,CREATE,,9.0 inch - 501-700,,5.20,new
patches-for-hats,Embroidery,CREATE,,10.0 inch - 501-700,,5.80,new
patches-for-hats,Embroidery,CREATE,,11.0 inch - 501-700,,6.20,new
patches-for-hats,Embroidery,CREATE,,12.0 inch - 501-700,,7.30,new
patches-for-hats,Embroidery,CREATE,,13.0 inch - 501-700,,8.50,new
patches-for-hats,Embroidery,CREATE,,14.0 inch - 501-700,,9.50,new
patches-for-hats,Embroidery,CREATE,,15.0 inch - 501-700,,10.80,new
patches-for-hats,Embroidery,CREATE,,16.0 inch - 501-700,,12.00,new
patches-for-hats,Embroidery,CREATE,,1.0 inch - 701+,,0.95,new
patches-for-hats,Embroidery,CREATE,,1.5 inch - 701+,,0.95,new
patches-for-hats,Embroidery,CREATE,,2.0 inch - 701+,,0.95,new
patches-for-hats,Embroidery,CREATE,,2.5 inch - 701+,,0.95,new
patches-for-hats,Embroidery,CREATE,,3.0 inch - 701+,,0.75,new
patches-for-hats,Embroidery,CREATE,,3.5 inch - 701+,,1.00,new
patches-for-hats,Embroidery,CREATE,,4.0 inch - 701+,,1.10,new
patches-for-hats,Embroidery,CREATE,,4.5 inch - 701+,,1.80,new
patches-for-hats,Embroidery,CREATE,,5.0 inch - 701+,,2.20,new
patches-for-hats,Embroidery,CREATE,,6.0 inch - 701+,,2.80,new
patches-for-hats,Embroidery,CREATE,,7.0 inch - 701+,,3.80,new
patches-for-hats,Embroidery,CREATE,,8.0 inch - 701+,,4.00,new
patches-for-hats,Embroidery,CREATE,,9.0 inch - 701+,,5.00,new
patches-for-hats,Embroidery,CREATE,,10.0 inch - 701+,,5.50,new
patches-for-hats,Embroidery,CREATE,,11.0 inch - 701+,,6.00,new
patches-for-hats,Embroidery,CREATE,,12.0 inch - 701+,,7.00,new
patches-for-hats,Embroidery,CREATE,,13.0 inch - 701+,,8.20,new
patches-for-hats,Embroidery,CREATE,,14.0 inch - 701+,,9.00,new
patches-for-hats,Embroidery,CREATE,,15.0 inch - 701+,,10.00,new
patches-for-hats,Embroidery,CREATE,,16.0 inch - 701+,,12.00,new
faux-leather-patches,Faux Leather Dye Debossed,UPDATE,1.5 inch - 25-49,1.5 inch - 25-49,3.00,4.00,+33%
faux-leather-patches,Faux Leather Dye Debossed,UPDATE,2.0 inch - 25-49,2.0 inch - 25-49,3.00,4.20,+40%
faux-leather-patches,Faux Leather Dye Debossed,UPDATE,2.5 inch - 25-49,2.5 inch - 25-49,3.00,4.60,+53%
faux-leather-patches,Faux Leather Dye Debossed,UPDATE,3.0 inch - 25-49,3.0 inch - 25-49,3.00,4.80,+60%
faux-leather-patches,Faux Leather Dye Debossed,UPDATE,3.5 inch - 25-49,3.5 inch - 25-49,2.94,5.00,+70%
faux-leather-patches,Faux Leather Dye Debossed,UPDATE,4.0 inch - 25-49,4.0 inch - 25-49,3.20,5.20,+62%
faux-leather-patches,Faux Leather Dye Debossed,UPDATE,4.5 inch - 25-49,4.5 inch - 25-49,3.35,5.40,+61%
faux-leather-patches,Faux Leather Dye Debossed,UPDATE,6.0 inch - 25-49,6.0 inch - 25-49,3.48,5.60,+61%
faux-leather-patches,Faux Leather Dye Debossed,UPDATE,1.5 inch - 50-99,1.5 inch - 50-99,1.50,3.50,+133%
faux-leather-patches,Faux Leather Dye Debossed,UPDATE,2.0 inch - 50-99,2.0 inch - 50-99,1.49,3.70,+148%
faux-leather-patches,Faux Leather Dye Debossed,UPDATE,2.5 inch - 50-99,2.5 inch - 50-99,1.79,4.00,+123%
faux-leather-patches,Faux Leather Dye Debossed,UPDATE,3.0 inch - 50-99,3.0 inch - 50-99,2.18,4.20,+93%
faux-leather-patches,Faux Leather Dye Debossed,UPDATE,3.5 inch - 50-99,3.5 inch - 50-99,2.45,4.50,+84%
faux-leather-patches,Faux Leather Dye Debossed,UPDATE,4.0 inch - 50-99,4.0 inch - 50-99,2.60,4.00,+54%
faux-leather-patches,Faux Leather Dye Debossed,UPDATE,4.5 inch - 50-99,4.5 inch - 50-99,2.76,4.50,+63%
faux-leather-patches,Faux Leather Dye Debossed,UPDATE,6.0 inch - 50-99,6.0 inch - 50-99,2.90,4.70,+62%
faux-leather-patches,Faux Leather Dye Debossed,UPDATE,1.5 inch - 100-199,1.5 inch - 100-199,0.90,1.90,+111%
faux-leather-patches,Faux Leather Dye Debossed,UPDATE,2.0 inch - 100-199,2.0 inch - 100-199,1.14,2.00,+75%
faux-leather-patches,Faux Leather Dye Debossed,UPDATE,2.5 inch - 100-199,2.5 inch - 100-199,1.52,2.10,+38%
faux-leather-patches,Faux Leather Dye Debossed,UPDATE,3.0 inch - 100-199,3.0 inch - 100-199,1.76,2.30,+31%
faux-leather-patches,Faux Leather Dye Debossed,UPDATE,3.5 inch - 100-199,3.5 inch - 100-199,1.82,2.40,+32%
faux-leather-patches,Faux Leather Dye Debossed,UPDATE,4.0 inch - 100-199,4.0 inch - 100-199,1.95,2.60,+33%
faux-leather-patches,Faux Leather Dye Debossed,UPDATE,4.5 inch - 100-199,4.5 inch - 100-199,2.09,2.80,+34%
faux-leather-patches,Faux Leather Dye Debossed,UPDATE,6.0 inch - 100-199,6.0 inch - 100-199,2.22,3.00,+35%
faux-leather-patches,Faux Leather Dye Debossed,UPDATE,1.5 inch - 200-499,1.5 inch - 200-499,0.68,1.50,+121%
faux-leather-patches,Faux Leather Dye Debossed,UPDATE,2.0 inch - 200-499,2.0 inch - 200-499,0.92,1.60,+74%
faux-leather-patches,Faux Leather Dye Debossed,UPDATE,2.5 inch - 200-499,2.5 inch - 200-499,1.32,1.80,+36%
faux-leather-patches,Faux Leather Dye Debossed,UPDATE,3.0 inch - 200-499,3.0 inch - 200-499,1.41,1.95,+38%
faux-leather-patches,Faux Leather Dye Debossed,UPDATE,3.5 inch - 200-499,3.5 inch - 200-499,1.47,2.10,+43%
faux-leather-patches,Faux Leather Dye Debossed,UPDATE,4.0 inch - 200-499,4.0 inch - 200-499,1.65,2.20,+33%
faux-leather-patches,Faux Leather Dye Debossed,UPDATE,4.5 inch - 200-499,4.5 inch - 200-499,1.79,2.30,+28%
faux-leather-patches,Faux Leather Dye Debossed,UPDATE,6.0 inch - 200-499,6.0 inch - 200-499,1.88,2.50,+33%
faux-leather-patches,Faux Leather Dye Debossed,UPDATE,1.5 inch - 500-999,1.5 inch - 500-999,0.62,1.20,+94%
faux-leather-patches,Faux Leather Dye Debossed,UPDATE,2.0 inch - 500-999,2.0 inch - 500-999,0.86,1.25,+45%
faux-leather-patches,Faux Leather Dye Debossed,UPDATE,2.5 inch - 500-999,2.5 inch - 500-999,1.02,1.30,+27%
faux-leather-patches,Faux Leather Dye Debossed,UPDATE,3.0 inch - 500-999,3.0 inch - 500-999,1.08,1.50,+39%
faux-leather-patches,Faux Leather Dye Debossed,UPDATE,3.5 inch - 500-999,3.5 inch - 500-999,1.16,1.60,+38%
faux-leather-patches,Faux Leather Dye Debossed,UPDATE,4.0 inch - 500-999,4.0 inch - 500-999,1.34,1.80,+34%
faux-leather-patches,Faux Leather Dye Debossed,UPDATE,4.5 inch - 500-999,4.5 inch - 500-999,1.47,2.00,+36%
faux-leather-patches,Faux Leather Dye Debossed,UPDATE,6.0 inch - 500-999,6.0 inch - 500-999,1.58,2.20,+39%
faux-leather-patches,Faux Leather Dye Debossed,UPDATE,1.5 inch - 1000+,1.5 inch - 1000+,0.57,0.80,+40%
faux-leather-patches,Faux Leather Dye Debossed,UPDATE,2.0 inch - 1000+,2.0 inch - 1000+,0.83,0.85,+2%
faux-leather-patches,Faux Leather Dye Debossed,UPDATE,2.5 inch - 1000+,2.5 inch - 1000+,0.93,0.90,-3%
faux-leather-patches,Faux Leather Dye Debossed,UPDATE,3.0 inch - 1000+,3.0 inch - 1000+,1.01,1.00,-1%
faux-leather-patches,Faux Leather Dye Debossed,UPDATE,3.5 inch - 1000+,3.5 inch - 1000+,1.07,1.10,+3%
faux-leather-patches,Faux Leather Dye Debossed,UPDATE,4.0 inch - 1000+,4.0 inch - 1000+,1.20,1.02,-15%
faux-leather-patches,Faux Leather Dye Debossed,UPDATE,4.5 inch - 1000+,4.5 inch - 1000+,1.34,1.30,-3%
faux-leather-patches,Faux Leather Dye Debossed,UPDATE,6.0 inch - 1000+,6.0 inch - 1000+,1.47,1.50,+2%
print-stitch-patches,Embroidery,UPDATE,1.0 inch - 10,1.0 inch - 10-15,6.99,6.99,+0%
print-stitch-patches,Embroidery,UPDATE,1.5 inch - 10,1.5 inch - 10-15,6.99,6.99,+0%
print-stitch-patches,Embroidery,UPDATE,2.0 inch - 10,2.0 inch - 10-15,6.99,6.99,+0%
print-stitch-patches,Embroidery,UPDATE,2.5 inch - 10,2.5 inch - 10-15,6.99,6.99,+0%
print-stitch-patches,Embroidery,UPDATE,3.0 inch - 10,3.0 inch - 10-15,7.99,7.99,+0%
print-stitch-patches,Embroidery,UPDATE,3.5 inch - 10,3.5 inch - 10-15,7.99,7.99,+0%
print-stitch-patches,Embroidery,UPDATE,4.0 inch - 10,4.0 inch - 10-15,7.99,7.99,+0%
print-stitch-patches,Embroidery,UPDATE,4.5 inch - 10,4.5 inch - 10-15,8.99,8.99,+0%
print-stitch-patches,Embroidery,UPDATE,5.0 inch - 10,5.0 inch - 10-15,10.00,10.00,+0%
print-stitch-patches,Embroidery,UPDATE,6.0 inch - 10,6.0 inch - 10-15,11.00,11.00,+0%
print-stitch-patches,Embroidery,UPDATE,7.0 inch - 10,7.0 inch - 10-15,12.00,12.00,+0%
print-stitch-patches,Embroidery,UPDATE,8.0 inch - 10,8.0 inch - 10-15,14.00,14.00,+0%
print-stitch-patches,Embroidery,UPDATE,9.0 inch - 10,9.0 inch - 10-15,16.00,16.00,+0%
print-stitch-patches,Embroidery,UPDATE,10.0 inch - 10,10.0 inch - 10-15,18.00,18.00,+0%
print-stitch-patches,Embroidery,UPDATE,11.0 inch - 10,11.0 inch - 10-15,20.00,20.00,+0%
print-stitch-patches,Embroidery,UPDATE,12.0 inch - 10,12.0 inch - 10-15,22.00,22.00,+0%
print-stitch-patches,Embroidery,UPDATE,13.0 inch - 10,13.0 inch - 10-15,23.00,23.00,+0%
print-stitch-patches,Embroidery,UPDATE,14.0 inch - 10,14.0 inch - 10-15,24.20,24.20,+0%
print-stitch-patches,Embroidery,UPDATE,15.0 inch - 10,15.0 inch - 10-15,25.40,25.40,+0%
print-stitch-patches,Embroidery,UPDATE,16.0 inch - 10,16.0 inch - 10-15,26.60,26.60,+0%
print-stitch-patches,Embroidery,UPDATE,1.0 inch - 11-25,1.0 inch - 16-25,6.36,3.75,-41%
print-stitch-patches,Embroidery,UPDATE,1.5 inch - 11-25,1.5 inch - 16-25,6.36,3.80,-40%
print-stitch-patches,Embroidery,UPDATE,2.0 inch - 11-25,2.0 inch - 16-25,6.36,3.95,-38%
print-stitch-patches,Embroidery,UPDATE,2.5 inch - 11-25,2.5 inch - 16-25,6.36,4.50,-29%
print-stitch-patches,Embroidery,UPDATE,3.0 inch - 11-25,3.0 inch - 16-25,6.36,5.00,-21%
print-stitch-patches,Embroidery,UPDATE,3.5 inch - 11-25,3.5 inch - 16-25,6.36,5.20,-18%
print-stitch-patches,Embroidery,UPDATE,4.0 inch - 11-25,4.0 inch - 16-25,6.36,5.80,-9%
print-stitch-patches,Embroidery,UPDATE,4.5 inch - 11-25,4.5 inch - 16-25,6.36,6.00,-6%
print-stitch-patches,Embroidery,UPDATE,5.0 inch - 11-25,5.0 inch - 16-25,7.20,7.20,+0%
print-stitch-patches,Embroidery,UPDATE,6.0 inch - 11-25,6.0 inch - 16-25,7.30,7.30,+0%
print-stitch-patches,Embroidery,UPDATE,7.0 inch - 11-25,7.0 inch - 16-25,9.00,9.00,+0%
print-stitch-patches,Embroidery,UPDATE,8.0 inch - 11-25,8.0 inch - 16-25,11.00,11.00,+0%
print-stitch-patches,Embroidery,UPDATE,9.0 inch - 11-25,9.0 inch - 16-25,13.00,13.00,+0%
print-stitch-patches,Embroidery,UPDATE,10.0 inch - 11-25,10.0 inch - 16-25,16.00,16.00,+0%
print-stitch-patches,Embroidery,UPDATE,11.0 inch - 11-25,11.0 inch - 16-25,18.00,18.00,+0%
print-stitch-patches,Embroidery,UPDATE,12.0 inch - 11-25,12.0 inch - 16-25,20.00,20.00,+0%
print-stitch-patches,Embroidery,UPDATE,13.0 inch - 11-25,13.0 inch - 16-25,21.00,21.00,+0%
print-stitch-patches,Embroidery,UPDATE,14.0 inch - 11-25,14.0 inch - 16-25,22.50,22.50,+0%
print-stitch-patches,Embroidery,UPDATE,15.0 inch - 11-25,15.0 inch - 16-25,23.70,23.70,+0%
print-stitch-patches,Embroidery,UPDATE,16.0 inch - 11-25,16.0 inch - 16-25,24.80,24.80,+0%
print-stitch-patches,Embroidery,UPDATE,1.0 inch - 26-50,1.0 inch - 26-50,3.75,3.75,+0%
print-stitch-patches,Embroidery,UPDATE,1.5 inch - 26-50,1.5 inch - 26-50,3.75,3.75,+0%
print-stitch-patches,Embroidery,UPDATE,2.0 inch - 26-50,2.0 inch - 26-50,3.75,3.75,+0%
print-stitch-patches,Embroidery,UPDATE,2.5 inch - 26-50,2.5 inch - 26-50,3.75,3.75,+0%
print-stitch-patches,Embroidery,UPDATE,3.0 inch - 26-50,3.0 inch - 26-50,3.75,3.75,+0%
print-stitch-patches,Embroidery,UPDATE,3.5 inch - 26-50,3.5 inch - 26-50,3.80,3.80,+0%
print-stitch-patches,Embroidery,UPDATE,4.0 inch - 26-50,4.0 inch - 26-50,3.80,3.80,+0%
print-stitch-patches,Embroidery,UPDATE,4.5 inch - 26-50,4.5 inch - 26-50,4.00,4.00,+0%
print-stitch-patches,Embroidery,UPDATE,5.0 inch - 26-50,5.0 inch - 26-50,4.50,4.50,+0%
print-stitch-patches,Embroidery,UPDATE,6.0 inch - 26-50,6.0 inch - 26-50,6.00,6.00,+0%
print-stitch-patches,Embroidery,UPDATE,7.0 inch - 26-50,7.0 inch - 26-50,8.00,8.00,+0%
print-stitch-patches,Embroidery,UPDATE,8.0 inch - 26-50,8.0 inch - 26-50,10.00,10.00,+0%
print-stitch-patches,Embroidery,UPDATE,9.0 inch - 26-50,9.0 inch - 26-50,12.00,12.00,+0%
print-stitch-patches,Embroidery,UPDATE,10.0 inch - 26-50,10.0 inch - 26-50,15.00,15.00,+0%
print-stitch-patches,Embroidery,UPDATE,11.0 inch - 26-50,11.0 inch - 26-50,16.00,16.00,+0%
print-stitch-patches,Embroidery,UPDATE,12.0 inch - 26-50,12.0 inch - 26-50,18.00,18.00,+0%
print-stitch-patches,Embroidery,UPDATE,13.0 inch - 26-50,13.0 inch - 26-50,19.00,19.00,+0%
print-stitch-patches,Embroidery,UPDATE,14.0 inch - 26-50,14.0 inch - 26-50,20.20,20.20,+0%
print-stitch-patches,Embroidery,UPDATE,15.0 inch - 26-50,15.0 inch - 26-50,21.40,21.40,+0%
print-stitch-patches,Embroidery,UPDATE,16.0 inch - 26-50,16.0 inch - 26-50,22.70,22.70,+0%
print-stitch-patches,Embroidery,UPDATE,1.0 inch - 51-100,1.0 inch - 51-100,2.40,2.40,+0%
print-stitch-patches,Embroidery,UPDATE,1.5 inch - 51-100,1.5 inch - 51-100,2.40,2.40,+0%
print-stitch-patches,Embroidery,UPDATE,2.0 inch - 51-100,2.0 inch - 51-100,2.40,2.40,+0%
print-stitch-patches,Embroidery,UPDATE,2.5 inch - 51-100,2.5 inch - 51-100,2.40,2.20,-8%
print-stitch-patches,Embroidery,UPDATE,3.0 inch - 51-100,3.0 inch - 51-100,2.40,2.14,-11%
print-stitch-patches,Embroidery,UPDATE,3.5 inch - 51-100,3.5 inch - 51-100,2.50,2.50,+0%
print-stitch-patches,Embroidery,UPDATE,4.0 inch - 51-100,4.0 inch - 51-100,2.86,2.86,+0%
print-stitch-patches,Embroidery,UPDATE,4.5 inch - 51-100,4.5 inch - 51-100,3.21,3.21,+0%
print-stitch-patches,Embroidery,UPDATE,5.0 inch - 51-100,5.0 inch - 51-100,3.58,3.58,+0%
print-stitch-patches,Embroidery,UPDATE,6.0 inch - 51-100,6.0 inch - 51-100,4.29,4.29,+0%
print-stitch-patches,Embroidery,UPDATE,7.0 inch - 51-100,7.0 inch - 51-100,5.01,5.01,+0%
print-stitch-patches,Embroidery,UPDATE,8.0 inch - 51-100,8.0 inch - 51-100,5.72,5.72,+0%
print-stitch-patches,Embroidery,UPDATE,9.0 inch - 51-100,9.0 inch - 51-100,6.43,6.43,+0%
print-stitch-patches,Embroidery,UPDATE,10.0 inch - 51-100,10.0 inch - 51-100,7.15,7.15,+0%
print-stitch-patches,Embroidery,UPDATE,11.0 inch - 51-100,11.0 inch - 51-100,7.87,7.87,+0%
print-stitch-patches,Embroidery,UPDATE,12.0 inch - 51-100,12.0 inch - 51-100,8.59,8.59,+0%
print-stitch-patches,Embroidery,UPDATE,13.0 inch - 51-100,13.0 inch - 51-100,10.20,10.20,+0%
print-stitch-patches,Embroidery,UPDATE,14.0 inch - 51-100,14.0 inch - 51-100,11.40,11.40,+0%
print-stitch-patches,Embroidery,UPDATE,15.0 inch - 51-100,15.0 inch - 51-100,12.80,12.80,+0%
print-stitch-patches,Embroidery,UPDATE,16.0 inch - 51-100,16.0 inch - 51-100,13.90,13.90,+0%
print-stitch-patches,Embroidery,UPDATE,1.0 inch - 101-199,1.0 inch - 101-200,0.70,2.20,+214%
print-stitch-patches,Embroidery,UPDATE,1.5 inch - 101-199,1.5 inch - 101-200,0.79,2.20,+178%
print-stitch-patches,Embroidery,UPDATE,2.0 inch - 101-199,2.0 inch - 101-200,1.06,2.20,+108%
print-stitch-patches,Embroidery,UPDATE,2.5 inch - 101-199,2.5 inch - 101-200,1.33,2.05,+54%
print-stitch-patches,Embroidery,UPDATE,3.0 inch - 101-199,3.0 inch - 101-200,1.59,1.98,+25%
print-stitch-patches,Embroidery,UPDATE,3.5 inch - 101-199,3.5 inch - 101-200,1.86,2.20,+18%
print-stitch-patches,Embroidery,UPDATE,4.0 inch - 101-199,4.0 inch - 101-200,2.11,2.50,+18%
print-stitch-patches,Embroidery,UPDATE,4.5 inch - 101-199,4.5 inch - 101-200,2.38,3.00,+26%
print-stitch-patches,Embroidery,UPDATE,5.0 inch - 101-199,5.0 inch - 101-200,2.64,3.30,+25%
print-stitch-patches,Embroidery,UPDATE,6.0 inch - 101-199,6.0 inch - 101-200,3.18,4.05,+27%
print-stitch-patches,Embroidery,UPDATE,7.0 inch - 101-199,7.0 inch - 101-200,3.71,4.80,+29%
print-stitch-patches,Embroidery,UPDATE,8.0 inch - 101-199,8.0 inch - 101-200,4.23,5.40,+28%
print-stitch-patches,Embroidery,UPDATE,9.0 inch - 101-199,9.0 inch - 101-200,4.76,6.10,+28%
print-stitch-patches,Embroidery,UPDATE,10.0 inch - 101-199,10.0 inch - 101-200,5.30,6.90,+30%
print-stitch-patches,Embroidery,UPDATE,11.0 inch - 101-199,11.0 inch - 101-200,5.82,7.40,+27%
print-stitch-patches,Embroidery,UPDATE,12.0 inch - 101-199,12.0 inch - 101-200,6.35,8.30,+31%
print-stitch-patches,Embroidery,UPDATE,13.0 inch - 101-199,13.0 inch - 101-200,7.50,9.90,+32%
print-stitch-patches,Embroidery,UPDATE,14.0 inch - 101-199,14.0 inch - 101-200,8.80,11.05,+26%
print-stitch-patches,Embroidery,UPDATE,15.0 inch - 101-199,15.0 inch - 101-200,9.95,12.20,+23%
print-stitch-patches,Embroidery,UPDATE,16.0 inch - 101-199,16.0 inch - 101-200,10.95,13.30,+21%
print-stitch-patches,Embroidery,UPDATE,1.0 inch - 200-499,1.0 inch - 201-300,0.38,1.80,+374%
print-stitch-patches,Embroidery,UPDATE,1.5 inch - 200-499,1.5 inch - 201-300,0.56,1.80,+221%
print-stitch-patches,Embroidery,UPDATE,2.0 inch - 200-499,2.0 inch - 201-300,0.71,1.80,+154%
print-stitch-patches,Embroidery,UPDATE,2.5 inch - 200-499,2.5 inch - 201-300,0.94,1.80,+91%
print-stitch-patches,Embroidery,UPDATE,3.0 inch - 200-499,3.0 inch - 201-300,1.11,1.50,+35%
print-stitch-patches,Embroidery,UPDATE,3.5 inch - 200-499,3.5 inch - 201-300,1.30,1.80,+38%
print-stitch-patches,Embroidery,UPDATE,4.0 inch - 200-499,4.0 inch - 201-300,1.49,2.00,+34%
print-stitch-patches,Embroidery,UPDATE,4.5 inch - 200-499,4.5 inch - 201-300,1.68,2.55,+52%
print-stitch-patches,Embroidery,UPDATE,5.0 inch - 200-499,5.0 inch - 201-300,1.86,3.00,+61%
print-stitch-patches,Embroidery,UPDATE,6.0 inch - 200-499,6.0 inch - 201-300,2.24,3.80,+70%
print-stitch-patches,Embroidery,UPDATE,7.0 inch - 200-499,7.0 inch - 201-300,2.60,4.50,+73%
print-stitch-patches,Embroidery,UPDATE,8.0 inch - 200-499,8.0 inch - 201-300,2.98,5.10,+71%
print-stitch-patches,Embroidery,UPDATE,9.0 inch - 200-499,9.0 inch - 201-300,3.34,5.90,+77%
print-stitch-patches,Embroidery,UPDATE,10.0 inch - 200-499,10.0 inch - 201-300,3.72,6.50,+75%
print-stitch-patches,Embroidery,UPDATE,11.0 inch - 200-499,11.0 inch - 201-300,4.09,7.10,+74%
print-stitch-patches,Embroidery,UPDATE,12.0 inch - 200-499,12.0 inch - 201-300,4.47,8.00,+79%
print-stitch-patches,Embroidery,UPDATE,13.0 inch - 200-499,13.0 inch - 201-300,5.60,9.60,+71%
print-stitch-patches,Embroidery,UPDATE,14.0 inch - 200-499,14.0 inch - 201-300,6.75,10.80,+60%
print-stitch-patches,Embroidery,UPDATE,15.0 inch - 200-499,15.0 inch - 201-300,7.80,12.00,+54%
print-stitch-patches,Embroidery,UPDATE,16.0 inch - 200-499,16.0 inch - 201-300,8.85,13.00,+47%
print-stitch-patches,Embroidery,UPDATE,1.0 inch - 500-999,1.0 inch - 301-400,0.27,1.60,+493%
print-stitch-patches,Embroidery,UPDATE,1.5 inch - 500-999,1.5 inch - 301-400,0.41,1.60,+290%
print-stitch-patches,Embroidery,UPDATE,2.0 inch - 500-999,2.0 inch - 301-400,0.54,1.60,+196%
print-stitch-patches,Embroidery,UPDATE,2.5 inch - 500-999,2.5 inch - 301-400,0.68,1.60,+135%
print-stitch-patches,Embroidery,UPDATE,3.0 inch - 500-999,3.0 inch - 301-400,0.81,1.20,+48%
print-stitch-patches,Embroidery,UPDATE,3.5 inch - 500-999,3.5 inch - 301-400,0.94,1.60,+70%
print-stitch-patches,Embroidery,UPDATE,4.0 inch - 500-999,4.0 inch - 301-400,1.09,1.80,+65%
print-stitch-patches,Embroidery,UPDATE,4.5 inch - 500-999,4.5 inch - 301-400,1.22,2.45,+101%
print-stitch-patches,Embroidery,UPDATE,5.0 inch - 500-999,5.0 inch - 301-400,1.36,2.80,+106%
print-stitch-patches,Embroidery,UPDATE,6.0 inch - 500-999,6.0 inch - 301-400,1.64,3.60,+120%
print-stitch-patches,Embroidery,UPDATE,7.0 inch - 500-999,7.0 inch - 301-400,1.90,4.30,+126%
print-stitch-patches,Embroidery,UPDATE,8.0 inch - 500-999,8.0 inch - 301-400,2.17,4.80,+121%
print-stitch-patches,Embroidery,UPDATE,9.0 inch - 500-999,9.0 inch - 301-400,2.45,5.70,+133%
print-stitch-patches,Embroidery,UPDATE,10.0 inch - 500-999,10.0 inch - 301-400,2.72,6.30,+132%
print-stitch-patches,Embroidery,UPDATE,11.0 inch - 500-999,11.0 inch - 301-400,2.99,6.80,+127%
print-stitch-patches,Embroidery,UPDATE,12.0 inch - 500-999,12.0 inch - 301-400,3.26,7.80,+139%
print-stitch-patches,Embroidery,UPDATE,13.0 inch - 500-999,13.0 inch - 301-400,4.30,9.30,+116%
print-stitch-patches,Embroidery,UPDATE,14.0 inch - 500-999,14.0 inch - 301-400,5.45,10.40,+91%
print-stitch-patches,Embroidery,UPDATE,15.0 inch - 500-999,15.0 inch - 301-400,6.80,11.80,+74%
print-stitch-patches,Embroidery,UPDATE,16.0 inch - 500-999,16.0 inch - 301-400,7.95,12.80,+61%
print-stitch-patches,Embroidery,UPDATE,1.0 inch - 1000+,1.0 inch - 401-500,0.25,1.40,+460%
print-stitch-patches,Embroidery,UPDATE,1.5 inch - 1000+,1.5 inch - 401-500,0.37,1.40,+278%
print-stitch-patches,Embroidery,UPDATE,2.0 inch - 1000+,2.0 inch - 401-500,0.49,1.40,+186%
print-stitch-patches,Embroidery,UPDATE,2.5 inch - 1000+,2.5 inch - 401-500,0.61,1.40,+130%
print-stitch-patches,Embroidery,UPDATE,3.0 inch - 1000+,3.0 inch - 401-500,0.73,1.00,+37%
print-stitch-patches,Embroidery,UPDATE,3.5 inch - 1000+,3.5 inch - 401-500,0.84,1.40,+67%
print-stitch-patches,Embroidery,UPDATE,4.0 inch - 1000+,4.0 inch - 401-500,0.98,1.60,+63%
print-stitch-patches,Embroidery,UPDATE,4.5 inch - 1000+,4.5 inch - 401-500,1.11,2.25,+103%
print-stitch-patches,Embroidery,UPDATE,5.0 inch - 1000+,5.0 inch - 401-500,1.21,2.60,+115%
print-stitch-patches,Embroidery,UPDATE,6.0 inch - 1000+,6.0 inch - 401-500,1.46,3.40,+133%
print-stitch-patches,Embroidery,UPDATE,7.0 inch - 1000+,7.0 inch - 401-500,1.70,4.10,+141%
print-stitch-patches,Embroidery,UPDATE,8.0 inch - 1000+,8.0 inch - 401-500,1.96,4.60,+135%
print-stitch-patches,Embroidery,UPDATE,9.0 inch - 1000+,9.0 inch - 401-500,2.19,5.50,+151%
print-stitch-patches,Embroidery,UPDATE,10.0 inch - 1000+,10.0 inch - 401-500,2.43,6.10,+151%
print-stitch-patches,Embroidery,UPDATE,11.0 inch - 1000+,11.0 inch - 401-500,2.67,6.50,+143%
print-stitch-patches,Embroidery,UPDATE,12.0 inch - 1000+,12.0 inch - 401-500,2.92,7.60,+160%
print-stitch-patches,Embroidery,UPDATE,13.0 inch - 1000+,13.0 inch - 401-500,3.98,9.10,+129%
print-stitch-patches,Embroidery,UPDATE,14.0 inch - 1000+,14.0 inch - 401-500,5.10,10.20,+100%
print-stitch-patches,Embroidery,UPDATE,15.0 inch - 1000+,15.0 inch - 401-500,6.40,11.50,+80%
print-stitch-patches,Embroidery,UPDATE,16.0 inch - 1000+,16.0 inch - 401-500,7.60,12.40,+63%
print-stitch-patches,Embroidery,CREATE,,1.0 inch - 501-700,,1.20,new
print-stitch-patches,Embroidery,CREATE,,1.5 inch - 501-700,,1.20,new
print-stitch-patches,Embroidery,CREATE,,2.0 inch - 501-700,,1.20,new
print-stitch-patches,Embroidery,CREATE,,2.5 inch - 501-700,,1.20,new
print-stitch-patches,Embroidery,CREATE,,3.0 inch - 501-700,,0.81,new
print-stitch-patches,Embroidery,CREATE,,3.5 inch - 501-700,,1.05,new
print-stitch-patches,Embroidery,CREATE,,4.0 inch - 501-700,,1.30,new
print-stitch-patches,Embroidery,CREATE,,4.5 inch - 501-700,,2.00,new
print-stitch-patches,Embroidery,CREATE,,5.0 inch - 501-700,,2.40,new
print-stitch-patches,Embroidery,CREATE,,6.0 inch - 501-700,,3.10,new
print-stitch-patches,Embroidery,CREATE,,7.0 inch - 501-700,,4.00,new
print-stitch-patches,Embroidery,CREATE,,8.0 inch - 501-700,,4.30,new
print-stitch-patches,Embroidery,CREATE,,9.0 inch - 501-700,,5.20,new
print-stitch-patches,Embroidery,CREATE,,10.0 inch - 501-700,,5.80,new
print-stitch-patches,Embroidery,CREATE,,11.0 inch - 501-700,,6.20,new
print-stitch-patches,Embroidery,CREATE,,12.0 inch - 501-700,,7.30,new
print-stitch-patches,Embroidery,CREATE,,13.0 inch - 501-700,,8.50,new
print-stitch-patches,Embroidery,CREATE,,14.0 inch - 501-700,,9.50,new
print-stitch-patches,Embroidery,CREATE,,15.0 inch - 501-700,,10.80,new
print-stitch-patches,Embroidery,CREATE,,16.0 inch - 501-700,,12.00,new
print-stitch-patches,Embroidery,CREATE,,1.0 inch - 701+,,0.95,new
print-stitch-patches,Embroidery,CREATE,,1.5 inch - 701+,,0.95,new
print-stitch-patches,Embroidery,CREATE,,2.0 inch - 701+,,0.95,new
print-stitch-patches,Embroidery,CREATE,,2.5 inch - 701+,,0.95,new
print-stitch-patches,Embroidery,CREATE,,3.0 inch - 701+,,0.75,new
print-stitch-patches,Embroidery,CREATE,,3.5 inch - 701+,,1.00,new
print-stitch-patches,Embroidery,CREATE,,4.0 inch - 701+,,1.10,new
print-stitch-patches,Embroidery,CREATE,,4.5 inch - 701+,,1.80,new
print-stitch-patches,Embroidery,CREATE,,5.0 inch - 701+,,2.20,new
print-stitch-patches,Embroidery,CREATE,,6.0 inch - 701+,,2.80,new
print-stitch-patches,Embroidery,CREATE,,7.0 inch - 701+,,3.80,new
print-stitch-patches,Embroidery,CREATE,,8.0 inch - 701+,,4.00,new
print-stitch-patches,Embroidery,CREATE,,9.0 inch - 701+,,5.00,new
print-stitch-patches,Embroidery,CREATE,,10.0 inch - 701+,,5.50,new
print-stitch-patches,Embroidery,CREATE,,11.0 inch - 701+,,6.00,new
print-stitch-patches,Embroidery,CREATE,,12.0 inch - 701+,,7.00,new
print-stitch-patches,Embroidery,CREATE,,13.0 inch - 701+,,8.20,new
print-stitch-patches,Embroidery,CREATE,,14.0 inch - 701+,,9.00,new
print-stitch-patches,Embroidery,CREATE,,15.0 inch - 701+,,10.00,new
print-stitch-patches,Embroidery,CREATE,,16.0 inch - 701+,,12.00,new
full-color-printed-patches,Sublimation Patches,UPDATE,1 inch - 10,1 inch - 10,6.99,4.19,-40%
full-color-printed-patches,Sublimation Patches,UPDATE,1.5 inch - 10,1.5 inch - 10,6.99,4.19,-40%
full-color-printed-patches,Sublimation Patches,UPDATE,2 inch - 10,2 inch - 10,6.99,4.19,-40%
full-color-printed-patches,Sublimation Patches,UPDATE,2.5 inch - 10,2.5 inch - 10,6.99,4.19,-40%
full-color-printed-patches,Sublimation Patches,UPDATE,3 inch - 10,3 inch - 10,6.99,4.79,-31%
full-color-printed-patches,Sublimation Patches,UPDATE,3.5 inch - 10,3.5 inch - 10,6.99,4.79,-31%
full-color-printed-patches,Sublimation Patches,UPDATE,4 inch - 10,4 inch - 10,6.99,4.79,-31%
full-color-printed-patches,Sublimation Patches,UPDATE,4.5 inch - 10,4.5 inch - 10,6.99,5.39,-23%
full-color-printed-patches,Sublimation Patches,UPDATE,5 inch - 10,5 inch - 10,6.99,6.00,-14%
full-color-printed-patches,Sublimation Patches,UPDATE,6 inch - 10,6 inch - 10,6.99,6.60,-6%
full-color-printed-patches,Sublimation Patches,UPDATE,7 inch - 10,7 inch - 10,7.20,7.20,+0%
full-color-printed-patches,Sublimation Patches,UPDATE,8 inch - 10,8 inch - 10,8.40,8.40,+0%
full-color-printed-patches,Sublimation Patches,UPDATE,9 inch - 10,9 inch - 10,9.60,9.60,+0%
full-color-printed-patches,Sublimation Patches,UPDATE,10 inch - 10,10 inch - 10,10.80,10.80,+0%
full-color-printed-patches,Sublimation Patches,UPDATE,11 inch - 10,11 inch - 10,12.00,12.00,+0%
full-color-printed-patches,Sublimation Patches,UPDATE,12 inch - 10,12 inch - 10,13.20,13.20,+0%
full-color-printed-patches,Sublimation Patches,UPDATE,13 inch - 10,13 inch - 10,13.80,13.80,+0%
full-color-printed-patches,Sublimation Patches,UPDATE,14 inch - 10,14 inch - 10,14.52,14.52,+0%
full-color-printed-patches,Sublimation Patches,UPDATE,15 inch - 10,15 inch - 10,15.24,15.24,+0%
full-color-printed-patches,Sublimation Patches,UPDATE,16 inch - 10,16 inch - 10,15.96,15.96,+0%
full-color-printed-patches,Sublimation Patches,UPDATE,1 inch - 11-25,1 inch - 11-25,6.36,4.19,-34%
full-color-printed-patches,Sublimation Patches,UPDATE,1.5 inch - 11-25,1.5 inch - 11-25,6.36,4.19,-34%
full-color-printed-patches,Sublimation Patches,UPDATE,2 inch - 11-25,2 inch - 11-25,6.36,4.19,-34%
full-color-printed-patches,Sublimation Patches,UPDATE,2.5 inch - 11-25,2.5 inch - 11-25,6.36,2.40,-62%
full-color-printed-patches,Sublimation Patches,UPDATE,3 inch - 11-25,3 inch - 11-25,6.36,3.00,-53%
full-color-printed-patches,Sublimation Patches,UPDATE,3.5 inch - 11-25,3.5 inch - 11-25,6.36,3.12,-51%
full-color-printed-patches,Sublimation Patches,UPDATE,4 inch - 11-25,4 inch - 11-25,6.36,3.48,-45%
full-color-printed-patches,Sublimation Patches,UPDATE,4.5 inch - 11-25,4.5 inch - 11-25,6.36,3.60,-43%
full-color-printed-patches,Sublimation Patches,UPDATE,5 inch - 11-25,5 inch - 11-25,6.36,4.32,-32%
full-color-printed-patches,Sublimation Patches,UPDATE,6 inch - 11-25,6 inch - 11-25,6.36,4.38,-31%
full-color-printed-patches,Sublimation Patches,UPDATE,7 inch - 11-25,7 inch - 11-25,6.36,5.40,-15%
full-color-printed-patches,Sublimation Patches,UPDATE,8 inch - 11-25,8 inch - 11-25,6.60,6.60,+0%
full-color-printed-patches,Sublimation Patches,UPDATE,9 inch - 11-25,9 inch - 11-25,7.80,7.80,+0%
full-color-printed-patches,Sublimation Patches,UPDATE,10 inch - 11-25,10 inch - 11-25,9.60,9.60,+0%
full-color-printed-patches,Sublimation Patches,UPDATE,11 inch - 11-25,11 inch - 11-25,10.80,10.80,+0%
full-color-printed-patches,Sublimation Patches,UPDATE,12 inch - 11-25,12 inch - 11-25,12.00,12.00,+0%
full-color-printed-patches,Sublimation Patches,UPDATE,13 inch - 11-25,13 inch - 11-25,12.60,12.60,+0%
full-color-printed-patches,Sublimation Patches,UPDATE,14 inch - 11-25,14 inch - 11-25,13.50,13.50,+0%
full-color-printed-patches,Sublimation Patches,UPDATE,15 inch - 11-25,15 inch - 11-25,14.22,14.22,+0%
full-color-printed-patches,Sublimation Patches,UPDATE,16 inch - 11-25,16 inch - 11-25,14.88,14.88,+0%
full-color-printed-patches,Sublimation Patches,UPDATE,1 inch - 26-50,1 inch - 26-50,2.70,2.25,-17%
full-color-printed-patches,Sublimation Patches,UPDATE,1.5 inch - 26-50,1.5 inch - 26-50,2.70,2.25,-17%
full-color-printed-patches,Sublimation Patches,UPDATE,2 inch - 26-50,2 inch - 26-50,2.70,2.25,-17%
full-color-printed-patches,Sublimation Patches,UPDATE,2.5 inch - 26-50,2.5 inch - 26-50,2.70,2.25,-17%
full-color-printed-patches,Sublimation Patches,UPDATE,3 inch - 26-50,3 inch - 26-50,2.70,2.25,-17%
full-color-printed-patches,Sublimation Patches,UPDATE,3.5 inch - 26-50,3.5 inch - 26-50,2.70,2.28,-16%
full-color-printed-patches,Sublimation Patches,UPDATE,4 inch - 26-50,4 inch - 26-50,2.70,2.28,-16%
full-color-printed-patches,Sublimation Patches,UPDATE,4.5 inch - 26-50,4.5 inch - 26-50,2.70,2.40,-11%
full-color-printed-patches,Sublimation Patches,UPDATE,5 inch - 26-50,5 inch - 26-50,2.70,2.70,+0%
full-color-printed-patches,Sublimation Patches,UPDATE,6 inch - 26-50,6 inch - 26-50,3.60,3.60,+0%
full-color-printed-patches,Sublimation Patches,UPDATE,7 inch - 26-50,7 inch - 26-50,4.80,4.80,+0%
full-color-printed-patches,Sublimation Patches,UPDATE,8 inch - 26-50,8 inch - 26-50,6.00,6.00,+0%
full-color-printed-patches,Sublimation Patches,UPDATE,9 inch - 26-50,9 inch - 26-50,7.20,7.20,+0%
full-color-printed-patches,Sublimation Patches,UPDATE,10 inch - 26-50,10 inch - 26-50,9.00,9.00,+0%
full-color-printed-patches,Sublimation Patches,UPDATE,11 inch - 26-50,11 inch - 26-50,9.60,9.60,+0%
full-color-printed-patches,Sublimation Patches,UPDATE,12 inch - 26-50,12 inch - 26-50,10.80,10.80,+0%
full-color-printed-patches,Sublimation Patches,UPDATE,13 inch - 26-50,13 inch - 26-50,11.40,11.40,+0%
full-color-printed-patches,Sublimation Patches,UPDATE,14 inch - 26-50,14 inch - 26-50,12.12,12.12,+0%
full-color-printed-patches,Sublimation Patches,UPDATE,15 inch - 26-50,15 inch - 26-50,12.84,12.84,+0%
full-color-printed-patches,Sublimation Patches,UPDATE,16 inch - 26-50,16 inch - 26-50,13.62,13.62,+0%
full-color-printed-patches,Sublimation Patches,UPDATE,1 inch - 51-100,1 inch - 51-100,1.44,1.44,+0%
full-color-printed-patches,Sublimation Patches,UPDATE,1.5 inch - 51-100,1.5 inch - 51-100,1.44,1.44,+0%
full-color-printed-patches,Sublimation Patches,UPDATE,2 inch - 51-100,2 inch - 51-100,1.44,1.44,+0%
full-color-printed-patches,Sublimation Patches,UPDATE,2.5 inch - 51-100,2.5 inch - 51-100,1.44,1.32,-8%
full-color-printed-patches,Sublimation Patches,UPDATE,3 inch - 51-100,3 inch - 51-100,1.44,1.28,-11%
full-color-printed-patches,Sublimation Patches,UPDATE,3.5 inch - 51-100,3.5 inch - 51-100,1.50,1.50,+0%
full-color-printed-patches,Sublimation Patches,UPDATE,4 inch - 51-100,4 inch - 51-100,1.72,1.72,+0%
full-color-printed-patches,Sublimation Patches,UPDATE,4.5 inch - 51-100,4.5 inch - 51-100,1.93,1.93,+0%
full-color-printed-patches,Sublimation Patches,UPDATE,5 inch - 51-100,5 inch - 51-100,2.15,2.15,+0%
full-color-printed-patches,Sublimation Patches,UPDATE,6 inch - 51-100,6 inch - 51-100,2.57,2.57,+0%
full-color-printed-patches,Sublimation Patches,UPDATE,7 inch - 51-100,7 inch - 51-100,3.01,3.01,+0%
full-color-printed-patches,Sublimation Patches,UPDATE,8 inch - 51-100,8 inch - 51-100,3.43,3.43,+0%
full-color-printed-patches,Sublimation Patches,UPDATE,9 inch - 51-100,9 inch - 51-100,3.86,3.86,+0%
full-color-printed-patches,Sublimation Patches,UPDATE,10 inch - 51-100,10 inch - 51-100,4.29,4.29,+0%
full-color-printed-patches,Sublimation Patches,UPDATE,11 inch - 51-100,11 inch - 51-100,4.72,4.72,+0%
full-color-printed-patches,Sublimation Patches,UPDATE,12 inch - 51-100,12 inch - 51-100,5.15,5.15,+0%
full-color-printed-patches,Sublimation Patches,UPDATE,13 inch - 51-100,13 inch - 51-100,6.12,6.12,+0%
full-color-printed-patches,Sublimation Patches,UPDATE,14 inch - 51-100,14 inch - 51-100,6.84,6.84,+0%
full-color-printed-patches,Sublimation Patches,UPDATE,15 inch - 51-100,15 inch - 51-100,7.68,7.68,+0%
full-color-printed-patches,Sublimation Patches,UPDATE,16 inch - 51-100,16 inch - 51-100,8.34,8.34,+0%
full-color-printed-patches,Sublimation Patches,UPDATE,1 inch - 101-199,1 inch - 101-199,0.70,0.32,-54%
full-color-printed-patches,Sublimation Patches,UPDATE,1.5 inch - 101-199,1.5 inch - 101-199,0.70,0.47,-33%
full-color-printed-patches,Sublimation Patches,UPDATE,2 inch - 101-199,2 inch - 101-199,0.70,0.64,-9%
full-color-printed-patches,Sublimation Patches,UPDATE,2.5 inch - 101-199,2.5 inch - 101-199,0.80,0.80,+0%
full-color-printed-patches,Sublimation Patches,UPDATE,3 inch - 101-199,3 inch - 101-199,0.95,0.95,+0%
full-color-printed-patches,Sublimation Patches,UPDATE,3.5 inch - 101-199,3.5 inch - 101-199,1.12,1.12,+0%
full-color-printed-patches,Sublimation Patches,UPDATE,4 inch - 101-199,4 inch - 101-199,1.27,1.27,+0%
full-color-printed-patches,Sublimation Patches,UPDATE,4.5 inch - 101-199,4.5 inch - 101-199,1.43,1.43,+0%
full-color-printed-patches,Sublimation Patches,UPDATE,5 inch - 101-199,5 inch - 101-199,1.58,1.58,+0%
full-color-printed-patches,Sublimation Patches,UPDATE,6 inch - 101-199,6 inch - 101-199,1.91,1.91,+0%
full-color-printed-patches,Sublimation Patches,UPDATE,7 inch - 101-199,7 inch - 101-199,2.23,2.23,+0%
full-color-printed-patches,Sublimation Patches,UPDATE,8 inch - 101-199,8 inch - 101-199,2.54,2.54,+0%
full-color-printed-patches,Sublimation Patches,UPDATE,9 inch - 101-199,9 inch - 101-199,2.86,2.86,+0%
full-color-printed-patches,Sublimation Patches,UPDATE,10 inch - 101-199,10 inch - 101-199,3.18,3.18,+0%
full-color-printed-patches,Sublimation Patches,UPDATE,11 inch - 101-199,11 inch - 101-199,3.49,3.49,+0%
full-color-printed-patches,Sublimation Patches,UPDATE,12 inch - 101-199,12 inch - 101-199,3.81,3.81,+0%
full-color-printed-patches,Sublimation Patches,UPDATE,13 inch - 101-199,13 inch - 101-199,4.50,4.50,+0%
full-color-printed-patches,Sublimation Patches,UPDATE,14 inch - 101-199,14 inch - 101-199,5.28,5.28,+0%
full-color-printed-patches,Sublimation Patches,UPDATE,15 inch - 101-199,15 inch - 101-199,5.97,5.97,+0%
full-color-printed-patches,Sublimation Patches,UPDATE,16 inch - 101-199,16 inch - 101-199,6.57,6.57,+0%
full-color-printed-patches,Sublimation Patches,UPDATE,1 inch - 200-499,1 inch - 200-499,0.35,0.23,-34%
full-color-printed-patches,Sublimation Patches,UPDATE,1.5 inch - 200-499,1.5 inch - 200-499,0.35,0.34,-3%
full-color-printed-patches,Sublimation Patches,UPDATE,2 inch - 200-499,2 inch - 200-499,0.43,0.43,+0%
full-color-printed-patches,Sublimation Patches,UPDATE,2.5 inch - 200-499,2.5 inch - 200-499,0.56,0.56,+0%
full-color-printed-patches,Sublimation Patches,UPDATE,3 inch - 200-499,3 inch - 200-499,0.67,0.67,+0%
full-color-printed-patches,Sublimation Patches,UPDATE,3.5 inch - 200-499,3.5 inch - 200-499,0.78,0.78,+0%
full-color-printed-patches,Sublimation Patches,UPDATE,4 inch - 200-499,4 inch - 200-499,0.89,0.89,+0%
full-color-printed-patches,Sublimation Patches,UPDATE,4.5 inch - 200-499,4.5 inch - 200-499,1.01,1.01,+0%
full-color-printed-patches,Sublimation Patches,UPDATE,5 inch - 200-499,5 inch - 200-499,1.12,1.12,+0%
full-color-printed-patches,Sublimation Patches,UPDATE,6 inch - 200-499,6 inch - 200-499,1.34,1.34,+0%
full-color-printed-patches,Sublimation Patches,UPDATE,7 inch - 200-499,7 inch - 200-499,1.56,1.56,+0%
full-color-printed-patches,Sublimation Patches,UPDATE,8 inch - 200-499,8 inch - 200-499,1.79,1.79,+0%
full-color-printed-patches,Sublimation Patches,UPDATE,9 inch - 200-499,9 inch - 200-499,2.00,2.00,+0%
full-color-printed-patches,Sublimation Patches,UPDATE,10 inch - 200-499,10 inch - 200-499,2.23,2.23,+0%
full-color-printed-patches,Sublimation Patches,UPDATE,11 inch - 200-499,11 inch - 200-499,2.45,2.45,+0%
full-color-printed-patches,Sublimation Patches,UPDATE,12 inch - 200-499,12 inch - 200-499,2.68,2.68,+0%
full-color-printed-patches,Sublimation Patches,UPDATE,13 inch - 200-499,13 inch - 200-499,3.36,3.36,+0%
full-color-printed-patches,Sublimation Patches,UPDATE,14 inch - 200-499,14 inch - 200-499,4.05,4.05,+0%
full-color-printed-patches,Sublimation Patches,UPDATE,15 inch - 200-499,15 inch - 200-499,4.68,4.68,+0%
full-color-printed-patches,Sublimation Patches,UPDATE,16 inch - 200-499,16 inch - 200-499,5.31,5.31,+0%
full-color-printed-patches,Sublimation Patches,UPDATE,1 inch - 500-999,1 inch - 500-999,0.16,0.16,+0%
full-color-printed-patches,Sublimation Patches,UPDATE,1.5 inch - 500-999,1.5 inch - 500-999,0.25,0.25,+0%
full-color-printed-patches,Sublimation Patches,UPDATE,2 inch - 500-999,2 inch - 500-999,0.32,0.32,+0%
full-color-printed-patches,Sublimation Patches,UPDATE,2.5 inch - 500-999,2.5 inch - 500-999,0.41,0.41,+0%
full-color-printed-patches,Sublimation Patches,UPDATE,3 inch - 500-999,3 inch - 500-999,0.49,0.49,+0%
full-color-printed-patches,Sublimation Patches,UPDATE,3.5 inch - 500-999,3.5 inch - 500-999,0.56,0.56,+0%
full-color-printed-patches,Sublimation Patches,UPDATE,4 inch - 500-999,4 inch - 500-999,0.65,0.65,+0%
full-color-printed-patches,Sublimation Patches,UPDATE,4.5 inch - 500-999,4.5 inch - 500-999,0.73,0.73,+0%
full-color-printed-patches,Sublimation Patches,UPDATE,5 inch - 500-999,5 inch - 500-999,0.82,0.82,+0%
full-color-printed-patches,Sublimation Patches,UPDATE,6 inch - 500-999,6 inch - 500-999,0.98,0.98,+0%
full-color-printed-patches,Sublimation Patches,UPDATE,7 inch - 500-999,7 inch - 500-999,1.14,1.14,+0%
full-color-printed-patches,Sublimation Patches,UPDATE,8 inch - 500-999,8 inch - 500-999,1.30,1.30,+0%
full-color-printed-patches,Sublimation Patches,UPDATE,9 inch - 500-999,9 inch - 500-999,1.47,1.47,+0%
full-color-printed-patches,Sublimation Patches,UPDATE,10 inch - 500-999,10 inch - 500-999,1.63,1.63,+0%
full-color-printed-patches,Sublimation Patches,UPDATE,11 inch - 500-999,11 inch - 500-999,1.79,1.79,+0%
full-color-printed-patches,Sublimation Patches,UPDATE,12 inch - 500-999,12 inch - 500-999,1.96,1.96,+0%
full-color-printed-patches,Sublimation Patches,UPDATE,13 inch - 500-999,13 inch - 500-999,2.58,2.58,+0%
full-color-printed-patches,Sublimation Patches,UPDATE,14 inch - 500-999,14 inch - 500-999,3.27,3.27,+0%
full-color-printed-patches,Sublimation Patches,UPDATE,15 inch - 500-999,15 inch - 500-999,4.08,4.08,+0%
full-color-printed-patches,Sublimation Patches,UPDATE,16 inch - 500-999,16 inch - 500-999,4.77,4.77,+0%
full-color-printed-patches,Sublimation Patches,UPDATE,1 inch - 1000+,1 inch - 1000+,0.15,0.15,+0%
full-color-printed-patches,Sublimation Patches,UPDATE,1.5 inch - 1000+,1.5 inch - 1000+,0.22,0.22,+0%
full-color-printed-patches,Sublimation Patches,UPDATE,2 inch - 1000+,2 inch - 1000+,0.29,0.29,+0%
full-color-printed-patches,Sublimation Patches,UPDATE,2.5 inch - 1000+,2.5 inch - 1000+,0.37,0.37,+0%
full-color-printed-patches,Sublimation Patches,UPDATE,3 inch - 1000+,3 inch - 1000+,0.44,0.44,+0%
full-color-printed-patches,Sublimation Patches,UPDATE,3.5 inch - 1000+,3.5 inch - 1000+,0.50,0.50,+0%
full-color-printed-patches,Sublimation Patches,UPDATE,4 inch - 1000+,4 inch - 1000+,0.59,0.59,+0%
full-color-printed-patches,Sublimation Patches,UPDATE,4.5 inch - 1000+,4.5 inch - 1000+,0.67,0.67,+0%
full-color-printed-patches,Sublimation Patches,UPDATE,5 inch - 1000+,5 inch - 1000+,0.73,0.73,+0%
full-color-printed-patches,Sublimation Patches,UPDATE,6 inch - 1000+,6 inch - 1000+,0.88,0.88,+0%
full-color-printed-patches,Sublimation Patches,UPDATE,7 inch - 1000+,7 inch - 1000+,1.02,1.02,+0%
full-color-printed-patches,Sublimation Patches,UPDATE,8 inch - 1000+,8 inch - 1000+,1.18,1.18,+0%
full-color-printed-patches,Sublimation Patches,UPDATE,9 inch - 1000+,9 inch - 1000+,1.31,1.31,+0%
full-color-printed-patches,Sublimation Patches,UPDATE,10 inch - 1000+,10 inch - 1000+,1.46,1.46,+0%
full-color-printed-patches,Sublimation Patches,UPDATE,11 inch - 1000+,11 inch - 1000+,1.60,1.60,+0%
full-color-printed-patches,Sublimation Patches,UPDATE,12 inch - 1000+,12 inch - 1000+,1.75,1.75,+0%
full-color-printed-patches,Sublimation Patches,UPDATE,13 inch - 1000+,13 inch - 1000+,2.39,2.39,+0%
full-color-printed-patches,Sublimation Patches,UPDATE,14 inch - 1000+,14 inch - 1000+,3.06,3.06,+0%
full-color-printed-patches,Sublimation Patches,UPDATE,15 inch - 1000+,15 inch - 1000+,3.84,3.84,+0%
full-color-printed-patches,Sublimation Patches,UPDATE,16 inch - 1000+,16 inch - 1000+,4.56,4.56,+0%
embroidered-patches,Embroidery,UPDATE,1.0 inch - 10,1.0 inch - 10-15,6.99,6.99,+0%
embroidered-patches,Embroidery,UPDATE,1.5 inch - 10,1.5 inch - 10-15,6.99,6.99,+0%
embroidered-patches,Embroidery,UPDATE,2.0 inch - 10,2.0 inch - 10-15,6.99,6.99,+0%
embroidered-patches,Embroidery,UPDATE,2.5 inch - 10,2.5 inch - 10-15,6.99,6.99,+0%
embroidered-patches,Embroidery,UPDATE,3.0 inch - 10,3.0 inch - 10-15,7.99,7.99,+0%
embroidered-patches,Embroidery,UPDATE,3.5 inch - 10,3.5 inch - 10-15,7.99,7.99,+0%
embroidered-patches,Embroidery,UPDATE,4.0 inch - 10,4.0 inch - 10-15,7.99,7.99,+0%
embroidered-patches,Embroidery,UPDATE,4.5 inch - 10,4.5 inch - 10-15,8.99,8.99,+0%
embroidered-patches,Embroidery,UPDATE,5.0 inch - 10,5.0 inch - 10-15,10.00,10.00,+0%
embroidered-patches,Embroidery,UPDATE,6.0 inch - 10,6.0 inch - 10-15,11.00,11.00,+0%
embroidered-patches,Embroidery,UPDATE,7.0 inch - 10,7.0 inch - 10-15,12.00,12.00,+0%
embroidered-patches,Embroidery,UPDATE,8.0 inch - 10,8.0 inch - 10-15,14.00,14.00,+0%
embroidered-patches,Embroidery,UPDATE,9.0 inch - 10,9.0 inch - 10-15,16.00,16.00,+0%
embroidered-patches,Embroidery,UPDATE,10.0 inch - 10,10.0 inch - 10-15,18.00,18.00,+0%
embroidered-patches,Embroidery,UPDATE,11.0 inch - 10,11.0 inch - 10-15,20.00,20.00,+0%
embroidered-patches,Embroidery,UPDATE,12.0 inch - 10,12.0 inch - 10-15,22.00,22.00,+0%
embroidered-patches,Embroidery,UPDATE,13.0 inch - 10,13.0 inch - 10-15,23.00,23.00,+0%
embroidered-patches,Embroidery,UPDATE,14.0 inch - 10,14.0 inch - 10-15,24.20,24.20,+0%
embroidered-patches,Embroidery,UPDATE,15.0 inch - 10,15.0 inch - 10-15,25.40,25.40,+0%
embroidered-patches,Embroidery,UPDATE,16.0 inch - 10,16.0 inch - 10-15,26.60,26.60,+0%
embroidered-patches,Embroidery,UPDATE,1.0 inch - 11-25,1.0 inch - 16-25,6.36,3.75,-41%
embroidered-patches,Embroidery,UPDATE,1.5 inch - 11-25,1.5 inch - 16-25,6.36,3.80,-40%
embroidered-patches,Embroidery,UPDATE,2.0 inch - 11-25,2.0 inch - 16-25,6.36,3.95,-38%
embroidered-patches,Embroidery,UPDATE,2.5 inch - 11-25,2.5 inch - 16-25,6.36,4.50,-29%
embroidered-patches,Embroidery,UPDATE,3.0 inch - 11-25,3.0 inch - 16-25,6.36,5.00,-21%
embroidered-patches,Embroidery,UPDATE,3.5 inch - 11-25,3.5 inch - 16-25,6.36,5.20,-18%
embroidered-patches,Embroidery,UPDATE,4.0 inch - 11-25,4.0 inch - 16-25,6.36,5.80,-9%
embroidered-patches,Embroidery,UPDATE,4.5 inch - 11-25,4.5 inch - 16-25,6.36,6.00,-6%
embroidered-patches,Embroidery,UPDATE,5.0 inch - 11-25,5.0 inch - 16-25,7.20,7.20,+0%
embroidered-patches,Embroidery,UPDATE,6.0 inch - 11-25,6.0 inch - 16-25,7.30,7.30,+0%
embroidered-patches,Embroidery,UPDATE,7.0 inch - 11-25,7.0 inch - 16-25,9.00,9.00,+0%
embroidered-patches,Embroidery,UPDATE,8.0 inch - 11-25,8.0 inch - 16-25,11.00,11.00,+0%
embroidered-patches,Embroidery,UPDATE,9.0 inch - 11-25,9.0 inch - 16-25,13.00,13.00,+0%
embroidered-patches,Embroidery,UPDATE,10.0 inch - 11-25,10.0 inch - 16-25,16.00,16.00,+0%
embroidered-patches,Embroidery,UPDATE,11.0 inch - 11-25,11.0 inch - 16-25,18.00,18.00,+0%
embroidered-patches,Embroidery,UPDATE,12.0 inch - 11-25,12.0 inch - 16-25,20.00,20.00,+0%
embroidered-patches,Embroidery,UPDATE,13.0 inch - 11-25,13.0 inch - 16-25,21.00,21.00,+0%
embroidered-patches,Embroidery,UPDATE,14.0 inch - 11-25,14.0 inch - 16-25,22.50,22.50,+0%
embroidered-patches,Embroidery,UPDATE,15.0 inch - 11-25,15.0 inch - 16-25,23.70,23.70,+0%
embroidered-patches,Embroidery,UPDATE,16.0 inch - 11-25,16.0 inch - 16-25,24.80,24.80,+0%
embroidered-patches,Embroidery,UPDATE,1.0 inch - 26-50,1.0 inch - 26-50,3.75,3.75,+0%
embroidered-patches,Embroidery,UPDATE,1.5 inch - 26-50,1.5 inch - 26-50,3.75,3.75,+0%
embroidered-patches,Embroidery,UPDATE,2.0 inch - 26-50,2.0 inch - 26-50,3.75,3.75,+0%
embroidered-patches,Embroidery,UPDATE,2.5 inch - 26-50,2.5 inch - 26-50,3.75,3.75,+0%
embroidered-patches,Embroidery,UPDATE,3.0 inch - 26-50,3.0 inch - 26-50,3.75,3.75,+0%
embroidered-patches,Embroidery,UPDATE,3.5 inch - 26-50,3.5 inch - 26-50,3.80,3.80,+0%
embroidered-patches,Embroidery,UPDATE,4.0 inch - 26-50,4.0 inch - 26-50,3.80,3.80,+0%
embroidered-patches,Embroidery,UPDATE,4.5 inch - 26-50,4.5 inch - 26-50,4.00,4.00,+0%
embroidered-patches,Embroidery,UPDATE,5.0 inch - 26-50,5.0 inch - 26-50,4.50,4.50,+0%
embroidered-patches,Embroidery,UPDATE,6.0 inch - 26-50,6.0 inch - 26-50,6.00,6.00,+0%
embroidered-patches,Embroidery,UPDATE,7.0 inch - 26-50,7.0 inch - 26-50,8.00,8.00,+0%
embroidered-patches,Embroidery,UPDATE,8.0 inch - 26-50,8.0 inch - 26-50,10.00,10.00,+0%
embroidered-patches,Embroidery,UPDATE,9.0 inch - 26-50,9.0 inch - 26-50,12.00,12.00,+0%
embroidered-patches,Embroidery,UPDATE,10.0 inch - 26-50,10.0 inch - 26-50,15.00,15.00,+0%
embroidered-patches,Embroidery,UPDATE,11.0 inch - 26-50,11.0 inch - 26-50,16.00,16.00,+0%
embroidered-patches,Embroidery,UPDATE,12.0 inch - 26-50,12.0 inch - 26-50,18.00,18.00,+0%
embroidered-patches,Embroidery,UPDATE,13.0 inch - 26-50,13.0 inch - 26-50,19.00,19.00,+0%
embroidered-patches,Embroidery,UPDATE,14.0 inch - 26-50,14.0 inch - 26-50,20.20,20.20,+0%
embroidered-patches,Embroidery,UPDATE,15.0 inch - 26-50,15.0 inch - 26-50,21.40,21.40,+0%
embroidered-patches,Embroidery,UPDATE,16.0 inch - 26-50,16.0 inch - 26-50,22.70,22.70,+0%
embroidered-patches,Embroidery,UPDATE,1.0 inch - 51-100,1.0 inch - 51-100,2.40,2.40,+0%
embroidered-patches,Embroidery,UPDATE,1.5 inch - 51-100,1.5 inch - 51-100,2.40,2.40,+0%
embroidered-patches,Embroidery,UPDATE,2.0 inch - 51-100,2.0 inch - 51-100,2.40,2.40,+0%
embroidered-patches,Embroidery,UPDATE,2.5 inch - 51-100,2.5 inch - 51-100,2.40,2.20,-8%
embroidered-patches,Embroidery,UPDATE,3.0 inch - 51-100,3.0 inch - 51-100,2.40,2.14,-11%
embroidered-patches,Embroidery,UPDATE,3.5 inch - 51-100,3.5 inch - 51-100,2.50,2.50,+0%
embroidered-patches,Embroidery,UPDATE,4.0 inch - 51-100,4.0 inch - 51-100,2.86,2.86,+0%
embroidered-patches,Embroidery,UPDATE,4.5 inch - 51-100,4.5 inch - 51-100,3.21,3.21,+0%
embroidered-patches,Embroidery,UPDATE,5.0 inch - 51-100,5.0 inch - 51-100,3.58,3.58,+0%
embroidered-patches,Embroidery,UPDATE,6.0 inch - 51-100,6.0 inch - 51-100,4.29,4.29,+0%
embroidered-patches,Embroidery,UPDATE,7.0 inch - 51-100,7.0 inch - 51-100,5.01,5.01,+0%
embroidered-patches,Embroidery,UPDATE,8.0 inch - 51-100,8.0 inch - 51-100,5.72,5.72,+0%
embroidered-patches,Embroidery,UPDATE,9.0 inch - 51-100,9.0 inch - 51-100,6.43,6.43,+0%
embroidered-patches,Embroidery,UPDATE,10.0 inch - 51-100,10.0 inch - 51-100,7.15,7.15,+0%
embroidered-patches,Embroidery,UPDATE,11.0 inch - 51-100,11.0 inch - 51-100,7.87,7.87,+0%
embroidered-patches,Embroidery,UPDATE,12.0 inch - 51-100,12.0 inch - 51-100,8.59,8.59,+0%
embroidered-patches,Embroidery,UPDATE,13.0 inch - 51-100,13.0 inch - 51-100,10.20,10.20,+0%
embroidered-patches,Embroidery,UPDATE,14.0 inch - 51-100,14.0 inch - 51-100,11.40,11.40,+0%
embroidered-patches,Embroidery,UPDATE,15.0 inch - 51-100,15.0 inch - 51-100,12.80,12.80,+0%
embroidered-patches,Embroidery,UPDATE,16.0 inch - 51-100,16.0 inch - 51-100,13.90,13.90,+0%
embroidered-patches,Embroidery,UPDATE,1.0 inch - 101-199,1.0 inch - 101-200,0.70,2.20,+214%
embroidered-patches,Embroidery,UPDATE,1.5 inch - 101-199,1.5 inch - 101-200,0.79,2.20,+178%
embroidered-patches,Embroidery,UPDATE,2.0 inch - 101-199,2.0 inch - 101-200,1.06,2.20,+108%
embroidered-patches,Embroidery,UPDATE,2.5 inch - 101-199,2.5 inch - 101-200,1.33,2.05,+54%
embroidered-patches,Embroidery,UPDATE,3.0 inch - 101-199,3.0 inch - 101-200,1.59,1.98,+25%
embroidered-patches,Embroidery,UPDATE,3.5 inch - 101-199,3.5 inch - 101-200,1.86,2.20,+18%
embroidered-patches,Embroidery,UPDATE,4.0 inch - 101-199,4.0 inch - 101-200,2.11,2.50,+18%
embroidered-patches,Embroidery,UPDATE,4.5 inch - 101-199,4.5 inch - 101-200,2.38,3.00,+26%
embroidered-patches,Embroidery,UPDATE,5.0 inch - 101-199,5.0 inch - 101-200,2.64,3.30,+25%
embroidered-patches,Embroidery,UPDATE,6.0 inch - 101-199,6.0 inch - 101-200,3.18,4.05,+27%
embroidered-patches,Embroidery,UPDATE,7.0 inch - 101-199,7.0 inch - 101-200,3.71,4.80,+29%
embroidered-patches,Embroidery,UPDATE,8.0 inch - 101-199,8.0 inch - 101-200,4.23,5.40,+28%
embroidered-patches,Embroidery,UPDATE,9.0 inch - 101-199,9.0 inch - 101-200,4.76,6.10,+28%
embroidered-patches,Embroidery,UPDATE,10.0 inch - 101-199,10.0 inch - 101-200,5.30,6.90,+30%
embroidered-patches,Embroidery,UPDATE,11.0 inch - 101-199,11.0 inch - 101-200,5.82,7.40,+27%
embroidered-patches,Embroidery,UPDATE,12.0 inch - 101-199,12.0 inch - 101-200,6.35,8.30,+31%
embroidered-patches,Embroidery,UPDATE,13.0 inch - 101-199,13.0 inch - 101-200,7.50,9.90,+32%
embroidered-patches,Embroidery,UPDATE,14.0 inch - 101-199,14.0 inch - 101-200,8.80,11.05,+26%
embroidered-patches,Embroidery,UPDATE,15.0 inch - 101-199,15.0 inch - 101-200,9.95,12.20,+23%
embroidered-patches,Embroidery,UPDATE,16.0 inch - 101-199,16.0 inch - 101-200,10.95,13.30,+21%
embroidered-patches,Embroidery,UPDATE,1.0 inch - 200-499,1.0 inch - 201-300,0.38,1.80,+374%
embroidered-patches,Embroidery,UPDATE,1.5 inch - 200-499,1.5 inch - 201-300,0.56,1.80,+221%
embroidered-patches,Embroidery,UPDATE,2.0 inch - 200-499,2.0 inch - 201-300,0.71,1.80,+154%
embroidered-patches,Embroidery,UPDATE,2.5 inch - 200-499,2.5 inch - 201-300,0.94,1.80,+91%
embroidered-patches,Embroidery,UPDATE,3.0 inch - 200-499,3.0 inch - 201-300,1.11,1.50,+35%
embroidered-patches,Embroidery,UPDATE,3.5 inch - 200-499,3.5 inch - 201-300,1.30,1.80,+38%
embroidered-patches,Embroidery,UPDATE,4.0 inch - 200-499,4.0 inch - 201-300,1.49,2.00,+34%
embroidered-patches,Embroidery,UPDATE,4.5 inch - 200-499,4.5 inch - 201-300,1.68,2.55,+52%
embroidered-patches,Embroidery,UPDATE,5.0 inch - 200-499,5.0 inch - 201-300,1.86,3.00,+61%
embroidered-patches,Embroidery,UPDATE,6.0 inch - 200-499,6.0 inch - 201-300,2.24,3.80,+70%
embroidered-patches,Embroidery,UPDATE,7.0 inch - 200-499,7.0 inch - 201-300,2.60,4.50,+73%
embroidered-patches,Embroidery,UPDATE,8.0 inch - 200-499,8.0 inch - 201-300,2.98,5.10,+71%
embroidered-patches,Embroidery,UPDATE,9.0 inch - 200-499,9.0 inch - 201-300,3.34,5.90,+77%
embroidered-patches,Embroidery,UPDATE,10.0 inch - 200-499,10.0 inch - 201-300,3.72,6.50,+75%
embroidered-patches,Embroidery,UPDATE,11.0 inch - 200-499,11.0 inch - 201-300,4.09,7.10,+74%
embroidered-patches,Embroidery,UPDATE,12.0 inch - 200-499,12.0 inch - 201-300,4.47,8.00,+79%
embroidered-patches,Embroidery,UPDATE,13.0 inch - 200-499,13.0 inch - 201-300,5.60,9.60,+71%
embroidered-patches,Embroidery,UPDATE,14.0 inch - 200-499,14.0 inch - 201-300,6.75,10.80,+60%
embroidered-patches,Embroidery,UPDATE,15.0 inch - 200-499,15.0 inch - 201-300,7.80,12.00,+54%
embroidered-patches,Embroidery,UPDATE,16.0 inch - 200-499,16.0 inch - 201-300,8.85,13.00,+47%
embroidered-patches,Embroidery,UPDATE,1.0 inch - 500-999,1.0 inch - 301-400,0.27,1.60,+493%
embroidered-patches,Embroidery,UPDATE,1.5 inch - 500-999,1.5 inch - 301-400,0.41,1.60,+290%
embroidered-patches,Embroidery,UPDATE,2.0 inch - 500-999,2.0 inch - 301-400,0.54,1.60,+196%
embroidered-patches,Embroidery,UPDATE,2.5 inch - 500-999,2.5 inch - 301-400,0.68,1.60,+135%
embroidered-patches,Embroidery,UPDATE,3.0 inch - 500-999,3.0 inch - 301-400,0.81,1.20,+48%
embroidered-patches,Embroidery,UPDATE,3.5 inch - 500-999,3.5 inch - 301-400,0.94,1.60,+70%
embroidered-patches,Embroidery,UPDATE,4.0 inch - 500-999,4.0 inch - 301-400,1.09,1.80,+65%
embroidered-patches,Embroidery,UPDATE,4.5 inch - 500-999,4.5 inch - 301-400,1.22,2.45,+101%
embroidered-patches,Embroidery,UPDATE,5.0 inch - 500-999,5.0 inch - 301-400,1.36,2.80,+106%
embroidered-patches,Embroidery,UPDATE,6.0 inch - 500-999,6.0 inch - 301-400,1.64,3.60,+120%
embroidered-patches,Embroidery,UPDATE,7.0 inch - 500-999,7.0 inch - 301-400,1.90,4.30,+126%
embroidered-patches,Embroidery,UPDATE,8.0 inch - 500-999,8.0 inch - 301-400,2.17,4.80,+121%
embroidered-patches,Embroidery,UPDATE,9.0 inch - 500-999,9.0 inch - 301-400,2.45,5.70,+133%
embroidered-patches,Embroidery,UPDATE,10.0 inch - 500-999,10.0 inch - 301-400,2.72,6.30,+132%
embroidered-patches,Embroidery,UPDATE,11.0 inch - 500-999,11.0 inch - 301-400,2.99,6.80,+127%
embroidered-patches,Embroidery,UPDATE,12.0 inch - 500-999,12.0 inch - 301-400,3.26,7.80,+139%
embroidered-patches,Embroidery,UPDATE,13.0 inch - 500-999,13.0 inch - 301-400,4.30,9.30,+116%
embroidered-patches,Embroidery,UPDATE,14.0 inch - 500-999,14.0 inch - 301-400,5.45,10.40,+91%
embroidered-patches,Embroidery,UPDATE,15.0 inch - 500-999,15.0 inch - 301-400,6.80,11.80,+74%
embroidered-patches,Embroidery,UPDATE,16.0 inch - 500-999,16.0 inch - 301-400,7.95,12.80,+61%
embroidered-patches,Embroidery,UPDATE,1.0 inch - 1000+,1.0 inch - 401-500,0.25,1.40,+460%
embroidered-patches,Embroidery,UPDATE,1.5 inch - 1000+,1.5 inch - 401-500,0.37,1.40,+278%
embroidered-patches,Embroidery,UPDATE,2.0 inch - 1000+,2.0 inch - 401-500,0.49,1.40,+186%
embroidered-patches,Embroidery,UPDATE,2.5 inch - 1000+,2.5 inch - 401-500,0.61,1.40,+130%
embroidered-patches,Embroidery,UPDATE,3.0 inch - 1000+,3.0 inch - 401-500,0.73,1.00,+37%
embroidered-patches,Embroidery,UPDATE,3.5 inch - 1000+,3.5 inch - 401-500,0.84,1.40,+67%
embroidered-patches,Embroidery,UPDATE,4.0 inch - 1000+,4.0 inch - 401-500,0.98,1.60,+63%
embroidered-patches,Embroidery,UPDATE,4.5 inch - 1000+,4.5 inch - 401-500,1.11,2.25,+103%
embroidered-patches,Embroidery,UPDATE,5.0 inch - 1000+,5.0 inch - 401-500,1.21,2.60,+115%
embroidered-patches,Embroidery,UPDATE,6.0 inch - 1000+,6.0 inch - 401-500,1.46,3.40,+133%
embroidered-patches,Embroidery,UPDATE,7.0 inch - 1000+,7.0 inch - 401-500,1.70,4.10,+141%
embroidered-patches,Embroidery,UPDATE,8.0 inch - 1000+,8.0 inch - 401-500,1.96,4.60,+135%
embroidered-patches,Embroidery,UPDATE,9.0 inch - 1000+,9.0 inch - 401-500,2.19,5.50,+151%
embroidered-patches,Embroidery,UPDATE,10.0 inch - 1000+,10.0 inch - 401-500,2.43,6.10,+151%
embroidered-patches,Embroidery,UPDATE,11.0 inch - 1000+,11.0 inch - 401-500,2.67,6.50,+143%
embroidered-patches,Embroidery,UPDATE,12.0 inch - 1000+,12.0 inch - 401-500,2.92,7.60,+160%
embroidered-patches,Embroidery,UPDATE,13.0 inch - 1000+,13.0 inch - 401-500,3.98,9.10,+129%
embroidered-patches,Embroidery,UPDATE,14.0 inch - 1000+,14.0 inch - 401-500,5.10,10.20,+100%
embroidered-patches,Embroidery,UPDATE,15.0 inch - 1000+,15.0 inch - 401-500,6.40,11.50,+80%
embroidered-patches,Embroidery,UPDATE,16.0 inch - 1000+,16.0 inch - 401-500,7.60,12.40,+63%
embroidered-patches,Embroidery,CREATE,,1.0 inch - 501-700,,1.20,new
embroidered-patches,Embroidery,CREATE,,1.5 inch - 501-700,,1.20,new
embroidered-patches,Embroidery,CREATE,,2.0 inch - 501-700,,1.20,new
embroidered-patches,Embroidery,CREATE,,2.5 inch - 501-700,,1.20,new
embroidered-patches,Embroidery,CREATE,,3.0 inch - 501-700,,0.81,new
embroidered-patches,Embroidery,CREATE,,3.5 inch - 501-700,,1.05,new
embroidered-patches,Embroidery,CREATE,,4.0 inch - 501-700,,1.30,new
embroidered-patches,Embroidery,CREATE,,4.5 inch - 501-700,,2.00,new
embroidered-patches,Embroidery,CREATE,,5.0 inch - 501-700,,2.40,new
embroidered-patches,Embroidery,CREATE,,6.0 inch - 501-700,,3.10,new
embroidered-patches,Embroidery,CREATE,,7.0 inch - 501-700,,4.00,new
embroidered-patches,Embroidery,CREATE,,8.0 inch - 501-700,,4.30,new
embroidered-patches,Embroidery,CREATE,,9.0 inch - 501-700,,5.20,new
embroidered-patches,Embroidery,CREATE,,10.0 inch - 501-700,,5.80,new
embroidered-patches,Embroidery,CREATE,,11.0 inch - 501-700,,6.20,new
embroidered-patches,Embroidery,CREATE,,12.0 inch - 501-700,,7.30,new
embroidered-patches,Embroidery,CREATE,,13.0 inch - 501-700,,8.50,new
embroidered-patches,Embroidery,CREATE,,14.0 inch - 501-700,,9.50,new
embroidered-patches,Embroidery,CREATE,,15.0 inch - 501-700,,10.80,new
embroidered-patches,Embroidery,CREATE,,16.0 inch - 501-700,,12.00,new
embroidered-patches,Embroidery,CREATE,,1.0 inch - 701+,,0.95,new
embroidered-patches,Embroidery,CREATE,,1.5 inch - 701+,,0.95,new
embroidered-patches,Embroidery,CREATE,,2.0 inch - 701+,,0.95,new
embroidered-patches,Embroidery,CREATE,,2.5 inch - 701+,,0.95,new
embroidered-patches,Embroidery,CREATE,,3.0 inch - 701+,,0.75,new
embroidered-patches,Embroidery,CREATE,,3.5 inch - 701+,,1.00,new
embroidered-patches,Embroidery,CREATE,,4.0 inch - 701+,,1.10,new
embroidered-patches,Embroidery,CREATE,,4.5 inch - 701+,,1.80,new
embroidered-patches,Embroidery,CREATE,,5.0 inch - 701+,,2.20,new
embroidered-patches,Embroidery,CREATE,,6.0 inch - 701+,,2.80,new
embroidered-patches,Embroidery,CREATE,,7.0 inch - 701+,,3.80,new
embroidered-patches,Embroidery,CREATE,,8.0 inch - 701+,,4.00,new
embroidered-patches,Embroidery,CREATE,,9.0 inch - 701+,,5.00,new
embroidered-patches,Embroidery,CREATE,,10.0 inch - 701+,,5.50,new
embroidered-patches,Embroidery,CREATE,,11.0 inch - 701+,,6.00,new
embroidered-patches,Embroidery,CREATE,,12.0 inch - 701+,,7.00,new
embroidered-patches,Embroidery,CREATE,,13.0 inch - 701+,,8.20,new
embroidered-patches,Embroidery,CREATE,,14.0 inch - 701+,,9.00,new
embroidered-patches,Embroidery,CREATE,,15.0 inch - 701+,,10.00,new
embroidered-patches,Embroidery,CREATE,,16.0 inch - 701+,,12.00,new
leather-patches,Original Leather engraving,UPDATE,1.5 inch - 25-49,1.5 inch - 25-49,3.00,4.00,+33%
leather-patches,Original Leather engraving,UPDATE,2.0 inch - 25-49,2.0 inch - 25-49,2.84,4.20,+48%
leather-patches,Original Leather engraving,UPDATE,2.5 inch - 25-49,2.5 inch - 25-49,3.20,4.60,+44%
leather-patches,Original Leather engraving,UPDATE,3.0 inch - 25-49,3.0 inch - 25-49,3.53,4.80,+36%
leather-patches,Original Leather engraving,UPDATE,3.5 inch - 25-49,3.5 inch - 25-49,3.83,5.00,+31%
leather-patches,Original Leather engraving,UPDATE,4.0 inch - 25-49,4.0 inch - 25-49,4.17,5.20,+25%
leather-patches,Original Leather engraving,UPDATE,4.5 inch - 25-49,4.5 inch - 25-49,4.34,5.40,+24%
leather-patches,Original Leather engraving,UPDATE,6.0 inch - 25-49,6.0 inch - 25-49,4.52,5.60,+24%
leather-patches,Original Leather engraving,UPDATE,1.5 inch - 50-99,1.5 inch - 50-99,1.62,3.50,+116%
leather-patches,Original Leather engraving,UPDATE,2.0 inch - 50-99,2.0 inch - 50-99,1.92,3.70,+93%
leather-patches,Original Leather engraving,UPDATE,2.5 inch - 50-99,2.5 inch - 50-99,2.33,4.00,+72%
leather-patches,Original Leather engraving,UPDATE,3.0 inch - 50-99,3.0 inch - 50-99,2.84,4.20,+48%
leather-patches,Original Leather engraving,UPDATE,3.5 inch - 50-99,3.5 inch - 50-99,3.20,4.50,+41%
leather-patches,Original Leather engraving,UPDATE,4.0 inch - 50-99,4.0 inch - 50-99,3.36,4.00,+19%
leather-patches,Original Leather engraving,UPDATE,4.5 inch - 50-99,4.5 inch - 50-99,3.59,4.50,+25%
leather-patches,Original Leather engraving,UPDATE,6.0 inch - 50-99,6.0 inch - 50-99,3.77,4.70,+25%
leather-patches,Original Leather engraving,UPDATE,1.5 inch - 100-199,1.5 inch - 100-199,1.16,1.90,+64%
leather-patches,Original Leather engraving,UPDATE,2.0 inch - 100-199,2.0 inch - 100-199,1.49,2.00,+34%
leather-patches,Original Leather engraving,UPDATE,2.5 inch - 100-199,2.5 inch - 100-199,1.97,2.10,+7%
leather-patches,Original Leather engraving,UPDATE,3.0 inch - 100-199,3.0 inch - 100-199,2.30,2.30,+0%
leather-patches,Original Leather engraving,UPDATE,3.5 inch - 100-199,3.5 inch - 100-199,2.37,2.40,+1%
leather-patches,Original Leather engraving,UPDATE,4.0 inch - 100-199,4.0 inch - 100-199,2.54,2.60,+2%
leather-patches,Original Leather engraving,UPDATE,4.5 inch - 100-199,4.5 inch - 100-199,2.72,2.80,+3%
leather-patches,Original Leather engraving,UPDATE,6.0 inch - 100-199,6.0 inch - 100-199,2.90,3.00,+3%
leather-patches,Original Leather engraving,UPDATE,1.5 inch - 200-499,1.5 inch - 200-499,0.89,1.50,+69%
leather-patches,Original Leather engraving,UPDATE,2.0 inch - 200-499,2.0 inch - 200-499,1.20,1.60,+33%
leather-patches,Original Leather engraving,UPDATE,2.5 inch - 200-499,2.5 inch - 200-499,1.71,1.80,+5%
leather-patches,Original Leather engraving,UPDATE,3.0 inch - 200-499,3.0 inch - 200-499,1.82,1.95,+7%
leather-patches,Original Leather engraving,UPDATE,3.5 inch - 200-499,3.5 inch - 200-499,1.92,2.10,+9%
leather-patches,Original Leather engraving,UPDATE,4.0 inch - 200-499,4.0 inch - 200-499,2.15,2.20,+2%
leather-patches,Original Leather engraving,UPDATE,4.5 inch - 200-499,4.5 inch - 200-499,2.33,2.30,-1%
leather-patches,Original Leather engraving,UPDATE,6.0 inch - 200-499,6.0 inch - 200-499,2.43,2.50,+3%
leather-patches,Original Leather engraving,UPDATE,1.5 inch - 500-999,1.5 inch - 500-999,0.80,1.20,+50%
leather-patches,Original Leather engraving,UPDATE,2.0 inch - 500-999,2.0 inch - 500-999,1.13,1.25,+11%
leather-patches,Original Leather engraving,UPDATE,2.5 inch - 500-999,2.5 inch - 500-999,1.34,1.30,-3%
leather-patches,Original Leather engraving,UPDATE,3.0 inch - 500-999,3.0 inch - 500-999,1.41,1.50,+6%
leather-patches,Original Leather engraving,UPDATE,3.5 inch - 500-999,3.5 inch - 500-999,1.50,1.60,+7%
leather-patches,Original Leather engraving,UPDATE,4.0 inch - 500-999,4.0 inch - 500-999,1.74,1.80,+3%
leather-patches,Original Leather engraving,UPDATE,4.5 inch - 500-999,4.5 inch - 500-999,1.92,2.00,+4%
leather-patches,Original Leather engraving,UPDATE,6.0 inch - 500-999,6.0 inch - 500-999,2.03,2.20,+8%
leather-patches,Original Leather engraving,UPDATE,1.5 inch - 1000+,1.5 inch - 1000+,0.75,0.80,+7%
leather-patches,Original Leather engraving,UPDATE,2.0 inch - 1000+,2.0 inch - 1000+,1.07,0.85,-21%
leather-patches,Original Leather engraving,UPDATE,2.5 inch - 1000+,2.5 inch - 1000+,1.22,0.90,-26%
leather-patches,Original Leather engraving,UPDATE,3.0 inch - 1000+,3.0 inch - 1000+,1.31,1.00,-24%
leather-patches,Original Leather engraving,UPDATE,3.5 inch - 1000+,3.5 inch - 1000+,1.40,1.10,-21%
leather-patches,Original Leather engraving,UPDATE,4.0 inch - 1000+,4.0 inch - 1000+,1.58,1.02,-35%
leather-patches,Original Leather engraving,UPDATE,4.5 inch - 1000+,4.5 inch - 1000+,1.74,1.30,-25%
leather-patches,Original Leather engraving,UPDATE,6.0 inch - 1000+,6.0 inch - 1000+,1.92,1.50,-22%
patches-for-clothes,Embroidery,UPDATE,1.0 inch - 10,1.0 inch - 10-15,6.99,6.99,+0%
patches-for-clothes,Embroidery,UPDATE,1.5 inch - 10,1.5 inch - 10-15,6.99,6.99,+0%
patches-for-clothes,Embroidery,UPDATE,2.0 inch - 10,2.0 inch - 10-15,6.99,6.99,+0%
patches-for-clothes,Embroidery,UPDATE,2.5 inch - 10,2.5 inch - 10-15,6.99,6.99,+0%
patches-for-clothes,Embroidery,UPDATE,3.0 inch - 10,3.0 inch - 10-15,7.99,7.99,+0%
patches-for-clothes,Embroidery,UPDATE,3.5 inch - 10,3.5 inch - 10-15,7.99,7.99,+0%
patches-for-clothes,Embroidery,UPDATE,4.0 inch - 10,4.0 inch - 10-15,7.99,7.99,+0%
patches-for-clothes,Embroidery,UPDATE,4.5 inch - 10,4.5 inch - 10-15,8.99,8.99,+0%
patches-for-clothes,Embroidery,UPDATE,5.0 inch - 10,5.0 inch - 10-15,10.00,10.00,+0%
patches-for-clothes,Embroidery,UPDATE,6.0 inch - 10,6.0 inch - 10-15,11.00,11.00,+0%
patches-for-clothes,Embroidery,UPDATE,7.0 inch - 10,7.0 inch - 10-15,12.00,12.00,+0%
patches-for-clothes,Embroidery,UPDATE,8.0 inch - 10,8.0 inch - 10-15,14.00,14.00,+0%
patches-for-clothes,Embroidery,UPDATE,9.0 inch - 10,9.0 inch - 10-15,16.00,16.00,+0%
patches-for-clothes,Embroidery,UPDATE,10.0 inch - 10,10.0 inch - 10-15,18.00,18.00,+0%
patches-for-clothes,Embroidery,UPDATE,11.0 inch - 10,11.0 inch - 10-15,20.00,20.00,+0%
patches-for-clothes,Embroidery,UPDATE,12.0 inch - 10,12.0 inch - 10-15,22.00,22.00,+0%
patches-for-clothes,Embroidery,UPDATE,13.0 inch - 10,13.0 inch - 10-15,23.00,23.00,+0%
patches-for-clothes,Embroidery,UPDATE,14.0 inch - 10,14.0 inch - 10-15,24.20,24.20,+0%
patches-for-clothes,Embroidery,UPDATE,15.0 inch - 10,15.0 inch - 10-15,25.40,25.40,+0%
patches-for-clothes,Embroidery,UPDATE,16.0 inch - 10,16.0 inch - 10-15,26.60,26.60,+0%
patches-for-clothes,Embroidery,UPDATE,1.0 inch - 11-25,1.0 inch - 16-25,6.36,3.75,-41%
patches-for-clothes,Embroidery,UPDATE,1.5 inch - 11-25,1.5 inch - 16-25,6.36,3.80,-40%
patches-for-clothes,Embroidery,UPDATE,2.0 inch - 11-25,2.0 inch - 16-25,6.36,3.95,-38%
patches-for-clothes,Embroidery,UPDATE,2.5 inch - 11-25,2.5 inch - 16-25,6.36,4.50,-29%
patches-for-clothes,Embroidery,UPDATE,3.0 inch - 11-25,3.0 inch - 16-25,6.36,5.00,-21%
patches-for-clothes,Embroidery,UPDATE,3.5 inch - 11-25,3.5 inch - 16-25,6.36,5.20,-18%
patches-for-clothes,Embroidery,UPDATE,4.0 inch - 11-25,4.0 inch - 16-25,6.36,5.80,-9%
patches-for-clothes,Embroidery,UPDATE,4.5 inch - 11-25,4.5 inch - 16-25,6.36,6.00,-6%
patches-for-clothes,Embroidery,UPDATE,5.0 inch - 11-25,5.0 inch - 16-25,7.20,7.20,+0%
patches-for-clothes,Embroidery,UPDATE,6.0 inch - 11-25,6.0 inch - 16-25,7.30,7.30,+0%
patches-for-clothes,Embroidery,UPDATE,7.0 inch - 11-25,7.0 inch - 16-25,9.00,9.00,+0%
patches-for-clothes,Embroidery,UPDATE,8.0 inch - 11-25,8.0 inch - 16-25,11.00,11.00,+0%
patches-for-clothes,Embroidery,UPDATE,9.0 inch - 11-25,9.0 inch - 16-25,13.00,13.00,+0%
patches-for-clothes,Embroidery,UPDATE,10.0 inch - 11-25,10.0 inch - 16-25,16.00,16.00,+0%
patches-for-clothes,Embroidery,UPDATE,11.0 inch - 11-25,11.0 inch - 16-25,18.00,18.00,+0%
patches-for-clothes,Embroidery,UPDATE,12.0 inch - 11-25,12.0 inch - 16-25,20.00,20.00,+0%
patches-for-clothes,Embroidery,UPDATE,13.0 inch - 11-25,13.0 inch - 16-25,21.00,21.00,+0%
patches-for-clothes,Embroidery,UPDATE,14.0 inch - 11-25,14.0 inch - 16-25,22.50,22.50,+0%
patches-for-clothes,Embroidery,UPDATE,15.0 inch - 11-25,15.0 inch - 16-25,23.70,23.70,+0%
patches-for-clothes,Embroidery,UPDATE,16.0 inch - 11-25,16.0 inch - 16-25,24.80,24.80,+0%
patches-for-clothes,Embroidery,UPDATE,1.0 inch - 26-50,1.0 inch - 26-50,3.75,3.75,+0%
patches-for-clothes,Embroidery,UPDATE,1.5 inch - 26-50,1.5 inch - 26-50,3.75,3.75,+0%
patches-for-clothes,Embroidery,UPDATE,2.0 inch - 26-50,2.0 inch - 26-50,3.75,3.75,+0%
patches-for-clothes,Embroidery,UPDATE,2.5 inch - 26-50,2.5 inch - 26-50,3.75,3.75,+0%
patches-for-clothes,Embroidery,UPDATE,3.0 inch - 26-50,3.0 inch - 26-50,3.75,3.75,+0%
patches-for-clothes,Embroidery,UPDATE,3.5 inch - 26-50,3.5 inch - 26-50,3.80,3.80,+0%
patches-for-clothes,Embroidery,UPDATE,4.0 inch - 26-50,4.0 inch - 26-50,3.80,3.80,+0%
patches-for-clothes,Embroidery,UPDATE,4.5 inch - 26-50,4.5 inch - 26-50,4.00,4.00,+0%
patches-for-clothes,Embroidery,UPDATE,5.0 inch - 26-50,5.0 inch - 26-50,4.50,4.50,+0%
patches-for-clothes,Embroidery,UPDATE,6.0 inch - 26-50,6.0 inch - 26-50,6.00,6.00,+0%
patches-for-clothes,Embroidery,UPDATE,7.0 inch - 26-50,7.0 inch - 26-50,8.00,8.00,+0%
patches-for-clothes,Embroidery,UPDATE,8.0 inch - 26-50,8.0 inch - 26-50,10.00,10.00,+0%
patches-for-clothes,Embroidery,UPDATE,9.0 inch - 26-50,9.0 inch - 26-50,12.00,12.00,+0%
patches-for-clothes,Embroidery,UPDATE,10.0 inch - 26-50,10.0 inch - 26-50,15.00,15.00,+0%
patches-for-clothes,Embroidery,UPDATE,11.0 inch - 26-50,11.0 inch - 26-50,16.00,16.00,+0%
patches-for-clothes,Embroidery,UPDATE,12.0 inch - 26-50,12.0 inch - 26-50,18.00,18.00,+0%
patches-for-clothes,Embroidery,UPDATE,13.0 inch - 26-50,13.0 inch - 26-50,19.00,19.00,+0%
patches-for-clothes,Embroidery,UPDATE,14.0 inch - 26-50,14.0 inch - 26-50,20.20,20.20,+0%
patches-for-clothes,Embroidery,UPDATE,15.0 inch - 26-50,15.0 inch - 26-50,21.40,21.40,+0%
patches-for-clothes,Embroidery,UPDATE,16.0 inch - 26-50,16.0 inch - 26-50,22.70,22.70,+0%
patches-for-clothes,Embroidery,UPDATE,1.0 inch - 51-100,1.0 inch - 51-100,2.40,2.40,+0%
patches-for-clothes,Embroidery,UPDATE,1.5 inch - 51-100,1.5 inch - 51-100,2.40,2.40,+0%
patches-for-clothes,Embroidery,UPDATE,2.0 inch - 51-100,2.0 inch - 51-100,2.40,2.40,+0%
patches-for-clothes,Embroidery,UPDATE,2.5 inch - 51-100,2.5 inch - 51-100,2.40,2.20,-8%
patches-for-clothes,Embroidery,UPDATE,3.0 inch - 51-100,3.0 inch - 51-100,2.40,2.14,-11%
patches-for-clothes,Embroidery,UPDATE,3.5 inch - 51-100,3.5 inch - 51-100,2.50,2.50,+0%
patches-for-clothes,Embroidery,UPDATE,4.0 inch - 51-100,4.0 inch - 51-100,2.86,2.86,+0%
patches-for-clothes,Embroidery,UPDATE,4.5 inch - 51-100,4.5 inch - 51-100,3.21,3.21,+0%
patches-for-clothes,Embroidery,UPDATE,5.0 inch - 51-100,5.0 inch - 51-100,3.58,3.58,+0%
patches-for-clothes,Embroidery,UPDATE,6.0 inch - 51-100,6.0 inch - 51-100,4.29,4.29,+0%
patches-for-clothes,Embroidery,UPDATE,7.0 inch - 51-100,7.0 inch - 51-100,5.01,5.01,+0%
patches-for-clothes,Embroidery,UPDATE,8.0 inch - 51-100,8.0 inch - 51-100,5.72,5.72,+0%
patches-for-clothes,Embroidery,UPDATE,9.0 inch - 51-100,9.0 inch - 51-100,6.43,6.43,+0%
patches-for-clothes,Embroidery,UPDATE,10.0 inch - 51-100,10.0 inch - 51-100,7.15,7.15,+0%
patches-for-clothes,Embroidery,UPDATE,11.0 inch - 51-100,11.0 inch - 51-100,7.87,7.87,+0%
patches-for-clothes,Embroidery,UPDATE,12.0 inch - 51-100,12.0 inch - 51-100,8.59,8.59,+0%
patches-for-clothes,Embroidery,UPDATE,13.0 inch - 51-100,13.0 inch - 51-100,10.20,10.20,+0%
patches-for-clothes,Embroidery,UPDATE,14.0 inch - 51-100,14.0 inch - 51-100,11.40,11.40,+0%
patches-for-clothes,Embroidery,UPDATE,15.0 inch - 51-100,15.0 inch - 51-100,12.80,12.80,+0%
patches-for-clothes,Embroidery,UPDATE,16.0 inch - 51-100,16.0 inch - 51-100,13.90,13.90,+0%
patches-for-clothes,Embroidery,UPDATE,1.0 inch - 101-199,1.0 inch - 101-200,0.70,2.20,+214%
patches-for-clothes,Embroidery,UPDATE,1.5 inch - 101-199,1.5 inch - 101-200,0.79,2.20,+178%
patches-for-clothes,Embroidery,UPDATE,2.0 inch - 101-199,2.0 inch - 101-200,1.06,2.20,+108%
patches-for-clothes,Embroidery,UPDATE,2.5 inch - 101-199,2.5 inch - 101-200,1.33,2.05,+54%
patches-for-clothes,Embroidery,UPDATE,3.0 inch - 101-199,3.0 inch - 101-200,1.59,1.98,+25%
patches-for-clothes,Embroidery,UPDATE,3.5 inch - 101-199,3.5 inch - 101-200,1.86,2.20,+18%
patches-for-clothes,Embroidery,UPDATE,4.0 inch - 101-199,4.0 inch - 101-200,2.11,2.50,+18%
patches-for-clothes,Embroidery,UPDATE,4.5 inch - 101-199,4.5 inch - 101-200,2.38,3.00,+26%
patches-for-clothes,Embroidery,UPDATE,5.0 inch - 101-199,5.0 inch - 101-200,2.64,3.30,+25%
patches-for-clothes,Embroidery,UPDATE,6.0 inch - 101-199,6.0 inch - 101-200,3.18,4.05,+27%
patches-for-clothes,Embroidery,UPDATE,7.0 inch - 101-199,7.0 inch - 101-200,3.71,4.80,+29%
patches-for-clothes,Embroidery,UPDATE,8.0 inch - 101-199,8.0 inch - 101-200,4.23,5.40,+28%
patches-for-clothes,Embroidery,UPDATE,9.0 inch - 101-199,9.0 inch - 101-200,4.76,6.10,+28%
patches-for-clothes,Embroidery,UPDATE,10.0 inch - 101-199,10.0 inch - 101-200,5.30,6.90,+30%
patches-for-clothes,Embroidery,UPDATE,11.0 inch - 101-199,11.0 inch - 101-200,5.82,7.40,+27%
patches-for-clothes,Embroidery,UPDATE,12.0 inch - 101-199,12.0 inch - 101-200,6.35,8.30,+31%
patches-for-clothes,Embroidery,UPDATE,13.0 inch - 101-199,13.0 inch - 101-200,7.50,9.90,+32%
patches-for-clothes,Embroidery,UPDATE,14.0 inch - 101-199,14.0 inch - 101-200,8.80,11.05,+26%
patches-for-clothes,Embroidery,UPDATE,15.0 inch - 101-199,15.0 inch - 101-200,9.95,12.20,+23%
patches-for-clothes,Embroidery,UPDATE,16.0 inch - 101-199,16.0 inch - 101-200,10.95,13.30,+21%
patches-for-clothes,Embroidery,UPDATE,1.0 inch - 200-499,1.0 inch - 201-300,0.38,1.80,+374%
patches-for-clothes,Embroidery,UPDATE,1.5 inch - 200-499,1.5 inch - 201-300,0.56,1.80,+221%
patches-for-clothes,Embroidery,UPDATE,2.0 inch - 200-499,2.0 inch - 201-300,0.71,1.80,+154%
patches-for-clothes,Embroidery,UPDATE,2.5 inch - 200-499,2.5 inch - 201-300,0.94,1.80,+91%
patches-for-clothes,Embroidery,UPDATE,3.0 inch - 200-499,3.0 inch - 201-300,1.11,1.50,+35%
patches-for-clothes,Embroidery,UPDATE,3.5 inch - 200-499,3.5 inch - 201-300,1.30,1.80,+38%
patches-for-clothes,Embroidery,UPDATE,4.0 inch - 200-499,4.0 inch - 201-300,1.49,2.00,+34%
patches-for-clothes,Embroidery,UPDATE,4.5 inch - 200-499,4.5 inch - 201-300,1.68,2.55,+52%
patches-for-clothes,Embroidery,UPDATE,5.0 inch - 200-499,5.0 inch - 201-300,1.86,3.00,+61%
patches-for-clothes,Embroidery,UPDATE,6.0 inch - 200-499,6.0 inch - 201-300,2.24,3.80,+70%
patches-for-clothes,Embroidery,UPDATE,7.0 inch - 200-499,7.0 inch - 201-300,2.60,4.50,+73%
patches-for-clothes,Embroidery,UPDATE,8.0 inch - 200-499,8.0 inch - 201-300,2.98,5.10,+71%
patches-for-clothes,Embroidery,UPDATE,9.0 inch - 200-499,9.0 inch - 201-300,3.34,5.90,+77%
patches-for-clothes,Embroidery,UPDATE,10.0 inch - 200-499,10.0 inch - 201-300,3.72,6.50,+75%
patches-for-clothes,Embroidery,UPDATE,11.0 inch - 200-499,11.0 inch - 201-300,4.09,7.10,+74%
patches-for-clothes,Embroidery,UPDATE,12.0 inch - 200-499,12.0 inch - 201-300,4.47,8.00,+79%
patches-for-clothes,Embroidery,UPDATE,13.0 inch - 200-499,13.0 inch - 201-300,5.60,9.60,+71%
patches-for-clothes,Embroidery,UPDATE,14.0 inch - 200-499,14.0 inch - 201-300,6.75,10.80,+60%
patches-for-clothes,Embroidery,UPDATE,15.0 inch - 200-499,15.0 inch - 201-300,7.80,12.00,+54%
patches-for-clothes,Embroidery,UPDATE,16.0 inch - 200-499,16.0 inch - 201-300,8.85,13.00,+47%
patches-for-clothes,Embroidery,UPDATE,1.0 inch - 500-999,1.0 inch - 301-400,0.27,1.60,+493%
patches-for-clothes,Embroidery,UPDATE,1.5 inch - 500-999,1.5 inch - 301-400,0.41,1.60,+290%
patches-for-clothes,Embroidery,UPDATE,2.0 inch - 500-999,2.0 inch - 301-400,0.54,1.60,+196%
patches-for-clothes,Embroidery,UPDATE,2.5 inch - 500-999,2.5 inch - 301-400,0.68,1.60,+135%
patches-for-clothes,Embroidery,UPDATE,3.0 inch - 500-999,3.0 inch - 301-400,0.81,1.20,+48%
patches-for-clothes,Embroidery,UPDATE,3.5 inch - 500-999,3.5 inch - 301-400,0.94,1.60,+70%
patches-for-clothes,Embroidery,UPDATE,4.0 inch - 500-999,4.0 inch - 301-400,1.09,1.80,+65%
patches-for-clothes,Embroidery,UPDATE,4.5 inch - 500-999,4.5 inch - 301-400,1.22,2.45,+101%
patches-for-clothes,Embroidery,UPDATE,5.0 inch - 500-999,5.0 inch - 301-400,1.36,2.80,+106%
patches-for-clothes,Embroidery,UPDATE,6.0 inch - 500-999,6.0 inch - 301-400,1.64,3.60,+120%
patches-for-clothes,Embroidery,UPDATE,7.0 inch - 500-999,7.0 inch - 301-400,1.90,4.30,+126%
patches-for-clothes,Embroidery,UPDATE,8.0 inch - 500-999,8.0 inch - 301-400,2.17,4.80,+121%
patches-for-clothes,Embroidery,UPDATE,9.0 inch - 500-999,9.0 inch - 301-400,2.45,5.70,+133%
patches-for-clothes,Embroidery,UPDATE,10.0 inch - 500-999,10.0 inch - 301-400,2.72,6.30,+132%
patches-for-clothes,Embroidery,UPDATE,11.0 inch - 500-999,11.0 inch - 301-400,2.99,6.80,+127%
patches-for-clothes,Embroidery,UPDATE,12.0 inch - 500-999,12.0 inch - 301-400,3.26,7.80,+139%
patches-for-clothes,Embroidery,UPDATE,13.0 inch - 500-999,13.0 inch - 301-400,4.30,9.30,+116%
patches-for-clothes,Embroidery,UPDATE,14.0 inch - 500-999,14.0 inch - 301-400,5.45,10.40,+91%
patches-for-clothes,Embroidery,UPDATE,15.0 inch - 500-999,15.0 inch - 301-400,6.80,11.80,+74%
patches-for-clothes,Embroidery,UPDATE,16.0 inch - 500-999,16.0 inch - 301-400,7.95,12.80,+61%
patches-for-clothes,Embroidery,UPDATE,1.0 inch - 1000+,1.0 inch - 401-500,0.25,1.40,+460%
patches-for-clothes,Embroidery,UPDATE,1.5 inch - 1000+,1.5 inch - 401-500,0.37,1.40,+278%
patches-for-clothes,Embroidery,UPDATE,2.0 inch - 1000+,2.0 inch - 401-500,0.49,1.40,+186%
patches-for-clothes,Embroidery,UPDATE,2.5 inch - 1000+,2.5 inch - 401-500,0.61,1.40,+130%
patches-for-clothes,Embroidery,UPDATE,3.0 inch - 1000+,3.0 inch - 401-500,0.73,1.00,+37%
patches-for-clothes,Embroidery,UPDATE,3.5 inch - 1000+,3.5 inch - 401-500,0.84,1.40,+67%
patches-for-clothes,Embroidery,UPDATE,4.0 inch - 1000+,4.0 inch - 401-500,0.98,1.60,+63%
patches-for-clothes,Embroidery,UPDATE,4.5 inch - 1000+,4.5 inch - 401-500,1.11,2.25,+103%
patches-for-clothes,Embroidery,UPDATE,5.0 inch - 1000+,5.0 inch - 401-500,1.21,2.60,+115%
patches-for-clothes,Embroidery,UPDATE,6.0 inch - 1000+,6.0 inch - 401-500,1.46,3.40,+133%
patches-for-clothes,Embroidery,UPDATE,7.0 inch - 1000+,7.0 inch - 401-500,1.70,4.10,+141%
patches-for-clothes,Embroidery,UPDATE,8.0 inch - 1000+,8.0 inch - 401-500,1.96,4.60,+135%
patches-for-clothes,Embroidery,UPDATE,9.0 inch - 1000+,9.0 inch - 401-500,2.19,5.50,+151%
patches-for-clothes,Embroidery,UPDATE,10.0 inch - 1000+,10.0 inch - 401-500,2.43,6.10,+151%
patches-for-clothes,Embroidery,UPDATE,11.0 inch - 1000+,11.0 inch - 401-500,2.67,6.50,+143%
patches-for-clothes,Embroidery,UPDATE,12.0 inch - 1000+,12.0 inch - 401-500,2.92,7.60,+160%
patches-for-clothes,Embroidery,UPDATE,13.0 inch - 1000+,13.0 inch - 401-500,3.98,9.10,+129%
patches-for-clothes,Embroidery,UPDATE,14.0 inch - 1000+,14.0 inch - 401-500,5.10,10.20,+100%
patches-for-clothes,Embroidery,UPDATE,15.0 inch - 1000+,15.0 inch - 401-500,6.40,11.50,+80%
patches-for-clothes,Embroidery,UPDATE,16.0 inch - 1000+,16.0 inch - 401-500,7.60,12.40,+63%
patches-for-clothes,Embroidery,CREATE,,1.0 inch - 501-700,,1.20,new
patches-for-clothes,Embroidery,CREATE,,1.5 inch - 501-700,,1.20,new
patches-for-clothes,Embroidery,CREATE,,2.0 inch - 501-700,,1.20,new
patches-for-clothes,Embroidery,CREATE,,2.5 inch - 501-700,,1.20,new
patches-for-clothes,Embroidery,CREATE,,3.0 inch - 501-700,,0.81,new
patches-for-clothes,Embroidery,CREATE,,3.5 inch - 501-700,,1.05,new
patches-for-clothes,Embroidery,CREATE,,4.0 inch - 501-700,,1.30,new
patches-for-clothes,Embroidery,CREATE,,4.5 inch - 501-700,,2.00,new
patches-for-clothes,Embroidery,CREATE,,5.0 inch - 501-700,,2.40,new
patches-for-clothes,Embroidery,CREATE,,6.0 inch - 501-700,,3.10,new
patches-for-clothes,Embroidery,CREATE,,7.0 inch - 501-700,,4.00,new
patches-for-clothes,Embroidery,CREATE,,8.0 inch - 501-700,,4.30,new
patches-for-clothes,Embroidery,CREATE,,9.0 inch - 501-700,,5.20,new
patches-for-clothes,Embroidery,CREATE,,10.0 inch - 501-700,,5.80,new
patches-for-clothes,Embroidery,CREATE,,11.0 inch - 501-700,,6.20,new
patches-for-clothes,Embroidery,CREATE,,12.0 inch - 501-700,,7.30,new
patches-for-clothes,Embroidery,CREATE,,13.0 inch - 501-700,,8.50,new
patches-for-clothes,Embroidery,CREATE,,14.0 inch - 501-700,,9.50,new
patches-for-clothes,Embroidery,CREATE,,15.0 inch - 501-700,,10.80,new
patches-for-clothes,Embroidery,CREATE,,16.0 inch - 501-700,,12.00,new
patches-for-clothes,Embroidery,CREATE,,1.0 inch - 701+,,0.95,new
patches-for-clothes,Embroidery,CREATE,,1.5 inch - 701+,,0.95,new
patches-for-clothes,Embroidery,CREATE,,2.0 inch - 701+,,0.95,new
patches-for-clothes,Embroidery,CREATE,,2.5 inch - 701+,,0.95,new
patches-for-clothes,Embroidery,CREATE,,3.0 inch - 701+,,0.75,new
patches-for-clothes,Embroidery,CREATE,,3.5 inch - 701+,,1.00,new
patches-for-clothes,Embroidery,CREATE,,4.0 inch - 701+,,1.10,new
patches-for-clothes,Embroidery,CREATE,,4.5 inch - 701+,,1.80,new
patches-for-clothes,Embroidery,CREATE,,5.0 inch - 701+,,2.20,new
patches-for-clothes,Embroidery,CREATE,,6.0 inch - 701+,,2.80,new
patches-for-clothes,Embroidery,CREATE,,7.0 inch - 701+,,3.80,new
patches-for-clothes,Embroidery,CREATE,,8.0 inch - 701+,,4.00,new
patches-for-clothes,Embroidery,CREATE,,9.0 inch - 701+,,5.00,new
patches-for-clothes,Embroidery,CREATE,,10.0 inch - 701+,,5.50,new
patches-for-clothes,Embroidery,CREATE,,11.0 inch - 701+,,6.00,new
patches-for-clothes,Embroidery,CREATE,,12.0 inch - 701+,,7.00,new
patches-for-clothes,Embroidery,CREATE,,13.0 inch - 701+,,8.20,new
patches-for-clothes,Embroidery,CREATE,,14.0 inch - 701+,,9.00,new
patches-for-clothes,Embroidery,CREATE,,15.0 inch - 701+,,10.00,new
patches-for-clothes,Embroidery,CREATE,,16.0 inch - 701+,,12.00,new
patches-for-vests,Embroidery,UPDATE,1.0 inch - 10,1.0 inch - 10-15,6.99,6.99,+0%
patches-for-vests,Embroidery,UPDATE,1.5 inch - 10,1.5 inch - 10-15,6.99,6.99,+0%
patches-for-vests,Embroidery,UPDATE,2.0 inch - 10,2.0 inch - 10-15,6.99,6.99,+0%
patches-for-vests,Embroidery,UPDATE,2.5 inch - 10,2.5 inch - 10-15,6.99,6.99,+0%
patches-for-vests,Embroidery,UPDATE,3.0 inch - 10,3.0 inch - 10-15,7.99,7.99,+0%
patches-for-vests,Embroidery,UPDATE,3.5 inch - 10,3.5 inch - 10-15,7.99,7.99,+0%
patches-for-vests,Embroidery,UPDATE,4.0 inch - 10,4.0 inch - 10-15,7.99,7.99,+0%
patches-for-vests,Embroidery,UPDATE,4.5 inch - 10,4.5 inch - 10-15,8.99,8.99,+0%
patches-for-vests,Embroidery,UPDATE,5.0 inch - 10,5.0 inch - 10-15,10.00,10.00,+0%
patches-for-vests,Embroidery,UPDATE,6.0 inch - 10,6.0 inch - 10-15,11.00,11.00,+0%
patches-for-vests,Embroidery,UPDATE,7.0 inch - 10,7.0 inch - 10-15,12.00,12.00,+0%
patches-for-vests,Embroidery,UPDATE,8.0 inch - 10,8.0 inch - 10-15,14.00,14.00,+0%
patches-for-vests,Embroidery,UPDATE,9.0 inch - 10,9.0 inch - 10-15,16.00,16.00,+0%
patches-for-vests,Embroidery,UPDATE,10.0 inch - 10,10.0 inch - 10-15,18.00,18.00,+0%
patches-for-vests,Embroidery,UPDATE,11.0 inch - 10,11.0 inch - 10-15,20.00,20.00,+0%
patches-for-vests,Embroidery,UPDATE,12.0 inch - 10,12.0 inch - 10-15,22.00,22.00,+0%
patches-for-vests,Embroidery,UPDATE,13.0 inch - 10,13.0 inch - 10-15,23.00,23.00,+0%
patches-for-vests,Embroidery,UPDATE,14.0 inch - 10,14.0 inch - 10-15,24.20,24.20,+0%
patches-for-vests,Embroidery,UPDATE,15.0 inch - 10,15.0 inch - 10-15,25.40,25.40,+0%
patches-for-vests,Embroidery,UPDATE,16.0 inch - 10,16.0 inch - 10-15,26.60,26.60,+0%
patches-for-vests,Embroidery,UPDATE,1.0 inch - 11-25,1.0 inch - 16-25,6.36,3.75,-41%
patches-for-vests,Embroidery,UPDATE,1.5 inch - 11-25,1.5 inch - 16-25,6.36,3.80,-40%
patches-for-vests,Embroidery,UPDATE,2.0 inch - 11-25,2.0 inch - 16-25,6.36,3.95,-38%
patches-for-vests,Embroidery,UPDATE,2.5 inch - 11-25,2.5 inch - 16-25,6.36,4.50,-29%
patches-for-vests,Embroidery,UPDATE,3.0 inch - 11-25,3.0 inch - 16-25,6.36,5.00,-21%
patches-for-vests,Embroidery,UPDATE,3.5 inch - 11-25,3.5 inch - 16-25,6.36,5.20,-18%
patches-for-vests,Embroidery,UPDATE,4.0 inch - 11-25,4.0 inch - 16-25,6.36,5.80,-9%
patches-for-vests,Embroidery,UPDATE,4.5 inch - 11-25,4.5 inch - 16-25,6.36,6.00,-6%
patches-for-vests,Embroidery,UPDATE,5.0 inch - 11-25,5.0 inch - 16-25,7.20,7.20,+0%
patches-for-vests,Embroidery,UPDATE,6.0 inch - 11-25,6.0 inch - 16-25,7.30,7.30,+0%
patches-for-vests,Embroidery,UPDATE,7.0 inch - 11-25,7.0 inch - 16-25,9.00,9.00,+0%
patches-for-vests,Embroidery,UPDATE,8.0 inch - 11-25,8.0 inch - 16-25,11.00,11.00,+0%
patches-for-vests,Embroidery,UPDATE,9.0 inch - 11-25,9.0 inch - 16-25,13.00,13.00,+0%
patches-for-vests,Embroidery,UPDATE,10.0 inch - 11-25,10.0 inch - 16-25,16.00,16.00,+0%
patches-for-vests,Embroidery,UPDATE,11.0 inch - 11-25,11.0 inch - 16-25,18.00,18.00,+0%
patches-for-vests,Embroidery,UPDATE,12.0 inch - 11-25,12.0 inch - 16-25,20.00,20.00,+0%
patches-for-vests,Embroidery,UPDATE,13.0 inch - 11-25,13.0 inch - 16-25,21.00,21.00,+0%
patches-for-vests,Embroidery,UPDATE,14.0 inch - 11-25,14.0 inch - 16-25,22.50,22.50,+0%
patches-for-vests,Embroidery,UPDATE,15.0 inch - 11-25,15.0 inch - 16-25,23.70,23.70,+0%
patches-for-vests,Embroidery,UPDATE,16.0 inch - 11-25,16.0 inch - 16-25,24.80,24.80,+0%
patches-for-vests,Embroidery,UPDATE,1.0 inch - 26-50,1.0 inch - 26-50,3.75,3.75,+0%
patches-for-vests,Embroidery,UPDATE,1.5 inch - 26-50,1.5 inch - 26-50,3.75,3.75,+0%
patches-for-vests,Embroidery,UPDATE,2.0 inch - 26-50,2.0 inch - 26-50,3.75,3.75,+0%
patches-for-vests,Embroidery,UPDATE,2.5 inch - 26-50,2.5 inch - 26-50,3.75,3.75,+0%
patches-for-vests,Embroidery,UPDATE,3.0 inch - 26-50,3.0 inch - 26-50,3.75,3.75,+0%
patches-for-vests,Embroidery,UPDATE,3.5 inch - 26-50,3.5 inch - 26-50,3.80,3.80,+0%
patches-for-vests,Embroidery,UPDATE,4.0 inch - 26-50,4.0 inch - 26-50,3.80,3.80,+0%
patches-for-vests,Embroidery,UPDATE,4.5 inch - 26-50,4.5 inch - 26-50,4.00,4.00,+0%
patches-for-vests,Embroidery,UPDATE,5.0 inch - 26-50,5.0 inch - 26-50,4.50,4.50,+0%
patches-for-vests,Embroidery,UPDATE,6.0 inch - 26-50,6.0 inch - 26-50,6.00,6.00,+0%
patches-for-vests,Embroidery,UPDATE,7.0 inch - 26-50,7.0 inch - 26-50,8.00,8.00,+0%
patches-for-vests,Embroidery,UPDATE,8.0 inch - 26-50,8.0 inch - 26-50,10.00,10.00,+0%
patches-for-vests,Embroidery,UPDATE,9.0 inch - 26-50,9.0 inch - 26-50,12.00,12.00,+0%
patches-for-vests,Embroidery,UPDATE,10.0 inch - 26-50,10.0 inch - 26-50,15.00,15.00,+0%
patches-for-vests,Embroidery,UPDATE,11.0 inch - 26-50,11.0 inch - 26-50,16.00,16.00,+0%
patches-for-vests,Embroidery,UPDATE,12.0 inch - 26-50,12.0 inch - 26-50,18.00,18.00,+0%
patches-for-vests,Embroidery,UPDATE,13.0 inch - 26-50,13.0 inch - 26-50,19.00,19.00,+0%
patches-for-vests,Embroidery,UPDATE,14.0 inch - 26-50,14.0 inch - 26-50,20.20,20.20,+0%
patches-for-vests,Embroidery,UPDATE,15.0 inch - 26-50,15.0 inch - 26-50,21.40,21.40,+0%
patches-for-vests,Embroidery,UPDATE,16.0 inch - 26-50,16.0 inch - 26-50,22.70,22.70,+0%
patches-for-vests,Embroidery,UPDATE,1.0 inch - 51-100,1.0 inch - 51-100,2.40,2.40,+0%
patches-for-vests,Embroidery,UPDATE,1.5 inch - 51-100,1.5 inch - 51-100,2.40,2.40,+0%
patches-for-vests,Embroidery,UPDATE,2.0 inch - 51-100,2.0 inch - 51-100,2.40,2.40,+0%
patches-for-vests,Embroidery,UPDATE,2.5 inch - 51-100,2.5 inch - 51-100,2.40,2.20,-8%
patches-for-vests,Embroidery,UPDATE,3.0 inch - 51-100,3.0 inch - 51-100,2.40,2.14,-11%
patches-for-vests,Embroidery,UPDATE,3.5 inch - 51-100,3.5 inch - 51-100,2.50,2.50,+0%
patches-for-vests,Embroidery,UPDATE,4.0 inch - 51-100,4.0 inch - 51-100,2.86,2.86,+0%
patches-for-vests,Embroidery,UPDATE,4.5 inch - 51-100,4.5 inch - 51-100,3.21,3.21,+0%
patches-for-vests,Embroidery,UPDATE,5.0 inch - 51-100,5.0 inch - 51-100,3.58,3.58,+0%
patches-for-vests,Embroidery,UPDATE,6.0 inch - 51-100,6.0 inch - 51-100,4.29,4.29,+0%
patches-for-vests,Embroidery,UPDATE,7.0 inch - 51-100,7.0 inch - 51-100,5.01,5.01,+0%
patches-for-vests,Embroidery,UPDATE,8.0 inch - 51-100,8.0 inch - 51-100,5.72,5.72,+0%
patches-for-vests,Embroidery,UPDATE,9.0 inch - 51-100,9.0 inch - 51-100,6.43,6.43,+0%
patches-for-vests,Embroidery,UPDATE,10.0 inch - 51-100,10.0 inch - 51-100,7.15,7.15,+0%
patches-for-vests,Embroidery,UPDATE,11.0 inch - 51-100,11.0 inch - 51-100,7.87,7.87,+0%
patches-for-vests,Embroidery,UPDATE,12.0 inch - 51-100,12.0 inch - 51-100,8.59,8.59,+0%
patches-for-vests,Embroidery,UPDATE,13.0 inch - 51-100,13.0 inch - 51-100,10.20,10.20,+0%
patches-for-vests,Embroidery,UPDATE,14.0 inch - 51-100,14.0 inch - 51-100,11.40,11.40,+0%
patches-for-vests,Embroidery,UPDATE,15.0 inch - 51-100,15.0 inch - 51-100,12.80,12.80,+0%
patches-for-vests,Embroidery,UPDATE,16.0 inch - 51-100,16.0 inch - 51-100,13.90,13.90,+0%
patches-for-vests,Embroidery,UPDATE,1.0 inch - 101-199,1.0 inch - 101-200,0.70,2.20,+214%
patches-for-vests,Embroidery,UPDATE,1.5 inch - 101-199,1.5 inch - 101-200,0.79,2.20,+178%
patches-for-vests,Embroidery,UPDATE,2.0 inch - 101-199,2.0 inch - 101-200,1.06,2.20,+108%
patches-for-vests,Embroidery,UPDATE,2.5 inch - 101-199,2.5 inch - 101-200,1.33,2.05,+54%
patches-for-vests,Embroidery,UPDATE,3.0 inch - 101-199,3.0 inch - 101-200,1.59,1.98,+25%
patches-for-vests,Embroidery,UPDATE,3.5 inch - 101-199,3.5 inch - 101-200,1.86,2.20,+18%
patches-for-vests,Embroidery,UPDATE,4.0 inch - 101-199,4.0 inch - 101-200,2.11,2.50,+18%
patches-for-vests,Embroidery,UPDATE,4.5 inch - 101-199,4.5 inch - 101-200,2.38,3.00,+26%
patches-for-vests,Embroidery,UPDATE,5.0 inch - 101-199,5.0 inch - 101-200,2.64,3.30,+25%
patches-for-vests,Embroidery,UPDATE,6.0 inch - 101-199,6.0 inch - 101-200,3.18,4.05,+27%
patches-for-vests,Embroidery,UPDATE,7.0 inch - 101-199,7.0 inch - 101-200,3.71,4.80,+29%
patches-for-vests,Embroidery,UPDATE,8.0 inch - 101-199,8.0 inch - 101-200,4.23,5.40,+28%
patches-for-vests,Embroidery,UPDATE,9.0 inch - 101-199,9.0 inch - 101-200,4.76,6.10,+28%
patches-for-vests,Embroidery,UPDATE,10.0 inch - 101-199,10.0 inch - 101-200,5.30,6.90,+30%
patches-for-vests,Embroidery,UPDATE,11.0 inch - 101-199,11.0 inch - 101-200,5.82,7.40,+27%
patches-for-vests,Embroidery,UPDATE,12.0 inch - 101-199,12.0 inch - 101-200,6.35,8.30,+31%
patches-for-vests,Embroidery,UPDATE,13.0 inch - 101-199,13.0 inch - 101-200,7.50,9.90,+32%
patches-for-vests,Embroidery,UPDATE,14.0 inch - 101-199,14.0 inch - 101-200,8.80,11.05,+26%
patches-for-vests,Embroidery,UPDATE,15.0 inch - 101-199,15.0 inch - 101-200,9.95,12.20,+23%
patches-for-vests,Embroidery,UPDATE,16.0 inch - 101-199,16.0 inch - 101-200,10.95,13.30,+21%
patches-for-vests,Embroidery,UPDATE,1.0 inch - 200-499,1.0 inch - 201-300,0.38,1.80,+374%
patches-for-vests,Embroidery,UPDATE,1.5 inch - 200-499,1.5 inch - 201-300,0.56,1.80,+221%
patches-for-vests,Embroidery,UPDATE,2.0 inch - 200-499,2.0 inch - 201-300,0.71,1.80,+154%
patches-for-vests,Embroidery,UPDATE,2.5 inch - 200-499,2.5 inch - 201-300,0.94,1.80,+91%
patches-for-vests,Embroidery,UPDATE,3.0 inch - 200-499,3.0 inch - 201-300,1.11,1.50,+35%
patches-for-vests,Embroidery,UPDATE,3.5 inch - 200-499,3.5 inch - 201-300,1.30,1.80,+38%
patches-for-vests,Embroidery,UPDATE,4.0 inch - 200-499,4.0 inch - 201-300,1.49,2.00,+34%
patches-for-vests,Embroidery,UPDATE,4.5 inch - 200-499,4.5 inch - 201-300,1.68,2.55,+52%
patches-for-vests,Embroidery,UPDATE,5.0 inch - 200-499,5.0 inch - 201-300,1.86,3.00,+61%
patches-for-vests,Embroidery,UPDATE,6.0 inch - 200-499,6.0 inch - 201-300,2.24,3.80,+70%
patches-for-vests,Embroidery,UPDATE,7.0 inch - 200-499,7.0 inch - 201-300,2.60,4.50,+73%
patches-for-vests,Embroidery,UPDATE,8.0 inch - 200-499,8.0 inch - 201-300,2.98,5.10,+71%
patches-for-vests,Embroidery,UPDATE,9.0 inch - 200-499,9.0 inch - 201-300,3.34,5.90,+77%
patches-for-vests,Embroidery,UPDATE,10.0 inch - 200-499,10.0 inch - 201-300,3.72,6.50,+75%
patches-for-vests,Embroidery,UPDATE,11.0 inch - 200-499,11.0 inch - 201-300,4.09,7.10,+74%
patches-for-vests,Embroidery,UPDATE,12.0 inch - 200-499,12.0 inch - 201-300,4.47,8.00,+79%
patches-for-vests,Embroidery,UPDATE,13.0 inch - 200-499,13.0 inch - 201-300,5.60,9.60,+71%
patches-for-vests,Embroidery,UPDATE,14.0 inch - 200-499,14.0 inch - 201-300,6.75,10.80,+60%
patches-for-vests,Embroidery,UPDATE,15.0 inch - 200-499,15.0 inch - 201-300,7.80,12.00,+54%
patches-for-vests,Embroidery,UPDATE,16.0 inch - 200-499,16.0 inch - 201-300,8.85,13.00,+47%
patches-for-vests,Embroidery,UPDATE,1.0 inch - 500-999,1.0 inch - 301-400,0.27,1.60,+493%
patches-for-vests,Embroidery,UPDATE,1.5 inch - 500-999,1.5 inch - 301-400,0.41,1.60,+290%
patches-for-vests,Embroidery,UPDATE,2.0 inch - 500-999,2.0 inch - 301-400,0.54,1.60,+196%
patches-for-vests,Embroidery,UPDATE,2.5 inch - 500-999,2.5 inch - 301-400,0.68,1.60,+135%
patches-for-vests,Embroidery,UPDATE,3.0 inch - 500-999,3.0 inch - 301-400,0.81,1.20,+48%
patches-for-vests,Embroidery,UPDATE,3.5 inch - 500-999,3.5 inch - 301-400,0.94,1.60,+70%
patches-for-vests,Embroidery,UPDATE,4.0 inch - 500-999,4.0 inch - 301-400,1.09,1.80,+65%
patches-for-vests,Embroidery,UPDATE,4.5 inch - 500-999,4.5 inch - 301-400,1.22,2.45,+101%
patches-for-vests,Embroidery,UPDATE,5.0 inch - 500-999,5.0 inch - 301-400,1.36,2.80,+106%
patches-for-vests,Embroidery,UPDATE,6.0 inch - 500-999,6.0 inch - 301-400,1.64,3.60,+120%
patches-for-vests,Embroidery,UPDATE,7.0 inch - 500-999,7.0 inch - 301-400,1.90,4.30,+126%
patches-for-vests,Embroidery,UPDATE,8.0 inch - 500-999,8.0 inch - 301-400,2.17,4.80,+121%
patches-for-vests,Embroidery,UPDATE,9.0 inch - 500-999,9.0 inch - 301-400,2.45,5.70,+133%
patches-for-vests,Embroidery,UPDATE,10.0 inch - 500-999,10.0 inch - 301-400,2.72,6.30,+132%
patches-for-vests,Embroidery,UPDATE,11.0 inch - 500-999,11.0 inch - 301-400,2.99,6.80,+127%
patches-for-vests,Embroidery,UPDATE,12.0 inch - 500-999,12.0 inch - 301-400,3.26,7.80,+139%
patches-for-vests,Embroidery,UPDATE,13.0 inch - 500-999,13.0 inch - 301-400,4.30,9.30,+116%
patches-for-vests,Embroidery,UPDATE,14.0 inch - 500-999,14.0 inch - 301-400,5.45,10.40,+91%
patches-for-vests,Embroidery,UPDATE,15.0 inch - 500-999,15.0 inch - 301-400,6.80,11.80,+74%
patches-for-vests,Embroidery,UPDATE,16.0 inch - 500-999,16.0 inch - 301-400,7.95,12.80,+61%
patches-for-vests,Embroidery,UPDATE,1.0 inch - 1000+,1.0 inch - 401-500,0.25,1.40,+460%
patches-for-vests,Embroidery,UPDATE,1.5 inch - 1000+,1.5 inch - 401-500,0.37,1.40,+278%
patches-for-vests,Embroidery,UPDATE,2.0 inch - 1000+,2.0 inch - 401-500,0.49,1.40,+186%
patches-for-vests,Embroidery,UPDATE,2.5 inch - 1000+,2.5 inch - 401-500,0.61,1.40,+130%
patches-for-vests,Embroidery,UPDATE,3.0 inch - 1000+,3.0 inch - 401-500,0.73,1.00,+37%
patches-for-vests,Embroidery,UPDATE,3.5 inch - 1000+,3.5 inch - 401-500,0.84,1.40,+67%
patches-for-vests,Embroidery,UPDATE,4.0 inch - 1000+,4.0 inch - 401-500,0.98,1.60,+63%
patches-for-vests,Embroidery,UPDATE,4.5 inch - 1000+,4.5 inch - 401-500,1.11,2.25,+103%
patches-for-vests,Embroidery,UPDATE,5.0 inch - 1000+,5.0 inch - 401-500,1.21,2.60,+115%
patches-for-vests,Embroidery,UPDATE,6.0 inch - 1000+,6.0 inch - 401-500,1.46,3.40,+133%
patches-for-vests,Embroidery,UPDATE,7.0 inch - 1000+,7.0 inch - 401-500,1.70,4.10,+141%
patches-for-vests,Embroidery,UPDATE,8.0 inch - 1000+,8.0 inch - 401-500,1.96,4.60,+135%
patches-for-vests,Embroidery,UPDATE,9.0 inch - 1000+,9.0 inch - 401-500,2.19,5.50,+151%
patches-for-vests,Embroidery,UPDATE,10.0 inch - 1000+,10.0 inch - 401-500,2.43,6.10,+151%
patches-for-vests,Embroidery,UPDATE,11.0 inch - 1000+,11.0 inch - 401-500,2.67,6.50,+143%
patches-for-vests,Embroidery,UPDATE,12.0 inch - 1000+,12.0 inch - 401-500,2.92,7.60,+160%
patches-for-vests,Embroidery,UPDATE,13.0 inch - 1000+,13.0 inch - 401-500,3.98,9.10,+129%
patches-for-vests,Embroidery,UPDATE,14.0 inch - 1000+,14.0 inch - 401-500,5.10,10.20,+100%
patches-for-vests,Embroidery,UPDATE,15.0 inch - 1000+,15.0 inch - 401-500,6.40,11.50,+80%
patches-for-vests,Embroidery,UPDATE,16.0 inch - 1000+,16.0 inch - 401-500,7.60,12.40,+63%
patches-for-vests,Embroidery,CREATE,,1.0 inch - 501-700,,1.20,new
patches-for-vests,Embroidery,CREATE,,1.5 inch - 501-700,,1.20,new
patches-for-vests,Embroidery,CREATE,,2.0 inch - 501-700,,1.20,new
patches-for-vests,Embroidery,CREATE,,2.5 inch - 501-700,,1.20,new
patches-for-vests,Embroidery,CREATE,,3.0 inch - 501-700,,0.81,new
patches-for-vests,Embroidery,CREATE,,3.5 inch - 501-700,,1.05,new
patches-for-vests,Embroidery,CREATE,,4.0 inch - 501-700,,1.30,new
patches-for-vests,Embroidery,CREATE,,4.5 inch - 501-700,,2.00,new
patches-for-vests,Embroidery,CREATE,,5.0 inch - 501-700,,2.40,new
patches-for-vests,Embroidery,CREATE,,6.0 inch - 501-700,,3.10,new
patches-for-vests,Embroidery,CREATE,,7.0 inch - 501-700,,4.00,new
patches-for-vests,Embroidery,CREATE,,8.0 inch - 501-700,,4.30,new
patches-for-vests,Embroidery,CREATE,,9.0 inch - 501-700,,5.20,new
patches-for-vests,Embroidery,CREATE,,10.0 inch - 501-700,,5.80,new
patches-for-vests,Embroidery,CREATE,,11.0 inch - 501-700,,6.20,new
patches-for-vests,Embroidery,CREATE,,12.0 inch - 501-700,,7.30,new
patches-for-vests,Embroidery,CREATE,,13.0 inch - 501-700,,8.50,new
patches-for-vests,Embroidery,CREATE,,14.0 inch - 501-700,,9.50,new
patches-for-vests,Embroidery,CREATE,,15.0 inch - 501-700,,10.80,new
patches-for-vests,Embroidery,CREATE,,16.0 inch - 501-700,,12.00,new
patches-for-vests,Embroidery,CREATE,,1.0 inch - 701+,,0.95,new
patches-for-vests,Embroidery,CREATE,,1.5 inch - 701+,,0.95,new
patches-for-vests,Embroidery,CREATE,,2.0 inch - 701+,,0.95,new
patches-for-vests,Embroidery,CREATE,,2.5 inch - 701+,,0.95,new
patches-for-vests,Embroidery,CREATE,,3.0 inch - 701+,,0.75,new
patches-for-vests,Embroidery,CREATE,,3.5 inch - 701+,,1.00,new
patches-for-vests,Embroidery,CREATE,,4.0 inch - 701+,,1.10,new
patches-for-vests,Embroidery,CREATE,,4.5 inch - 701+,,1.80,new
patches-for-vests,Embroidery,CREATE,,5.0 inch - 701+,,2.20,new
patches-for-vests,Embroidery,CREATE,,6.0 inch - 701+,,2.80,new
patches-for-vests,Embroidery,CREATE,,7.0 inch - 701+,,3.80,new
patches-for-vests,Embroidery,CREATE,,8.0 inch - 701+,,4.00,new
patches-for-vests,Embroidery,CREATE,,9.0 inch - 701+,,5.00,new
patches-for-vests,Embroidery,CREATE,,10.0 inch - 701+,,5.50,new
patches-for-vests,Embroidery,CREATE,,11.0 inch - 701+,,6.00,new
patches-for-vests,Embroidery,CREATE,,12.0 inch - 701+,,7.00,new
patches-for-vests,Embroidery,CREATE,,13.0 inch - 701+,,8.20,new
patches-for-vests,Embroidery,CREATE,,14.0 inch - 701+,,9.00,new
patches-for-vests,Embroidery,CREATE,,15.0 inch - 701+,,10.00,new
patches-for-vests,Embroidery,CREATE,,16.0 inch - 701+,,12.00,new
iron-on-patches,Embroidery,UPDATE,1.0 inch - 10,1.0 inch - 10-15,6.99,6.99,+0%
iron-on-patches,Embroidery,UPDATE,1.5 inch - 10,1.5 inch - 10-15,6.99,6.99,+0%
iron-on-patches,Embroidery,UPDATE,2.0 inch - 10,2.0 inch - 10-15,6.99,6.99,+0%
iron-on-patches,Embroidery,UPDATE,2.5 inch - 10,2.5 inch - 10-15,6.99,6.99,+0%
iron-on-patches,Embroidery,UPDATE,3.0 inch - 10,3.0 inch - 10-15,7.99,7.99,+0%
iron-on-patches,Embroidery,UPDATE,3.5 inch - 10,3.5 inch - 10-15,7.99,7.99,+0%
iron-on-patches,Embroidery,UPDATE,4.0 inch - 10,4.0 inch - 10-15,7.99,7.99,+0%
iron-on-patches,Embroidery,UPDATE,4.5 inch - 10,4.5 inch - 10-15,8.99,8.99,+0%
iron-on-patches,Embroidery,UPDATE,5.0 inch - 10,5.0 inch - 10-15,10.00,10.00,+0%
iron-on-patches,Embroidery,UPDATE,6.0 inch - 10,6.0 inch - 10-15,11.00,11.00,+0%
iron-on-patches,Embroidery,UPDATE,7.0 inch - 10,7.0 inch - 10-15,12.00,12.00,+0%
iron-on-patches,Embroidery,UPDATE,8.0 inch - 10,8.0 inch - 10-15,14.00,14.00,+0%
iron-on-patches,Embroidery,UPDATE,9.0 inch - 10,9.0 inch - 10-15,16.00,16.00,+0%
iron-on-patches,Embroidery,UPDATE,10.0 inch - 10,10.0 inch - 10-15,18.00,18.00,+0%
iron-on-patches,Embroidery,UPDATE,11.0 inch - 10,11.0 inch - 10-15,20.00,20.00,+0%
iron-on-patches,Embroidery,UPDATE,12.0 inch - 10,12.0 inch - 10-15,22.00,22.00,+0%
iron-on-patches,Embroidery,UPDATE,13.0 inch - 10,13.0 inch - 10-15,23.00,23.00,+0%
iron-on-patches,Embroidery,UPDATE,14.0 inch - 10,14.0 inch - 10-15,24.20,24.20,+0%
iron-on-patches,Embroidery,UPDATE,15.0 inch - 10,15.0 inch - 10-15,25.40,25.40,+0%
iron-on-patches,Embroidery,UPDATE,16.0 inch - 10,16.0 inch - 10-15,26.60,26.60,+0%
iron-on-patches,Embroidery,UPDATE,1.0 inch - 11-25,1.0 inch - 16-25,6.36,3.75,-41%
iron-on-patches,Embroidery,UPDATE,1.5 inch - 11-25,1.5 inch - 16-25,6.36,3.80,-40%
iron-on-patches,Embroidery,UPDATE,2.0 inch - 11-25,2.0 inch - 16-25,6.36,3.95,-38%
iron-on-patches,Embroidery,UPDATE,2.5 inch - 11-25,2.5 inch - 16-25,6.36,4.50,-29%
iron-on-patches,Embroidery,UPDATE,3.0 inch - 11-25,3.0 inch - 16-25,6.36,5.00,-21%
iron-on-patches,Embroidery,UPDATE,3.5 inch - 11-25,3.5 inch - 16-25,6.36,5.20,-18%
iron-on-patches,Embroidery,UPDATE,4.0 inch - 11-25,4.0 inch - 16-25,6.36,5.80,-9%
iron-on-patches,Embroidery,UPDATE,4.5 inch - 11-25,4.5 inch - 16-25,6.36,6.00,-6%
iron-on-patches,Embroidery,UPDATE,5.0 inch - 11-25,5.0 inch - 16-25,7.20,7.20,+0%
iron-on-patches,Embroidery,UPDATE,6.0 inch - 11-25,6.0 inch - 16-25,7.30,7.30,+0%
iron-on-patches,Embroidery,UPDATE,7.0 inch - 11-25,7.0 inch - 16-25,9.00,9.00,+0%
iron-on-patches,Embroidery,UPDATE,8.0 inch - 11-25,8.0 inch - 16-25,11.00,11.00,+0%
iron-on-patches,Embroidery,UPDATE,9.0 inch - 11-25,9.0 inch - 16-25,13.00,13.00,+0%
iron-on-patches,Embroidery,UPDATE,10.0 inch - 11-25,10.0 inch - 16-25,16.00,16.00,+0%
iron-on-patches,Embroidery,UPDATE,11.0 inch - 11-25,11.0 inch - 16-25,18.00,18.00,+0%
iron-on-patches,Embroidery,UPDATE,12.0 inch - 11-25,12.0 inch - 16-25,20.00,20.00,+0%
iron-on-patches,Embroidery,UPDATE,13.0 inch - 11-25,13.0 inch - 16-25,21.00,21.00,+0%
iron-on-patches,Embroidery,UPDATE,14.0 inch - 11-25,14.0 inch - 16-25,22.50,22.50,+0%
iron-on-patches,Embroidery,UPDATE,15.0 inch - 11-25,15.0 inch - 16-25,23.70,23.70,+0%
iron-on-patches,Embroidery,UPDATE,16.0 inch - 11-25,16.0 inch - 16-25,24.80,24.80,+0%
iron-on-patches,Embroidery,UPDATE,1.0 inch - 26-50,1.0 inch - 26-50,3.75,3.75,+0%
iron-on-patches,Embroidery,UPDATE,1.5 inch - 26-50,1.5 inch - 26-50,3.75,3.75,+0%
iron-on-patches,Embroidery,UPDATE,2.0 inch - 26-50,2.0 inch - 26-50,3.75,3.75,+0%
iron-on-patches,Embroidery,UPDATE,2.5 inch - 26-50,2.5 inch - 26-50,3.75,3.75,+0%
iron-on-patches,Embroidery,UPDATE,3.0 inch - 26-50,3.0 inch - 26-50,3.75,3.75,+0%
iron-on-patches,Embroidery,UPDATE,3.5 inch - 26-50,3.5 inch - 26-50,3.80,3.80,+0%
iron-on-patches,Embroidery,UPDATE,4.0 inch - 26-50,4.0 inch - 26-50,3.80,3.80,+0%
iron-on-patches,Embroidery,UPDATE,4.5 inch - 26-50,4.5 inch - 26-50,4.00,4.00,+0%
iron-on-patches,Embroidery,UPDATE,5.0 inch - 26-50,5.0 inch - 26-50,4.50,4.50,+0%
iron-on-patches,Embroidery,UPDATE,6.0 inch - 26-50,6.0 inch - 26-50,6.00,6.00,+0%
iron-on-patches,Embroidery,UPDATE,7.0 inch - 26-50,7.0 inch - 26-50,8.00,8.00,+0%
iron-on-patches,Embroidery,UPDATE,8.0 inch - 26-50,8.0 inch - 26-50,10.00,10.00,+0%
iron-on-patches,Embroidery,UPDATE,9.0 inch - 26-50,9.0 inch - 26-50,12.00,12.00,+0%
iron-on-patches,Embroidery,UPDATE,10.0 inch - 26-50,10.0 inch - 26-50,15.00,15.00,+0%
iron-on-patches,Embroidery,UPDATE,11.0 inch - 26-50,11.0 inch - 26-50,16.00,16.00,+0%
iron-on-patches,Embroidery,UPDATE,12.0 inch - 26-50,12.0 inch - 26-50,18.00,18.00,+0%
iron-on-patches,Embroidery,UPDATE,13.0 inch - 26-50,13.0 inch - 26-50,19.00,19.00,+0%
iron-on-patches,Embroidery,UPDATE,14.0 inch - 26-50,14.0 inch - 26-50,20.20,20.20,+0%
iron-on-patches,Embroidery,UPDATE,15.0 inch - 26-50,15.0 inch - 26-50,21.40,21.40,+0%
iron-on-patches,Embroidery,UPDATE,16.0 inch - 26-50,16.0 inch - 26-50,22.70,22.70,+0%
iron-on-patches,Embroidery,UPDATE,1.0 inch - 51-100,1.0 inch - 51-100,2.40,2.40,+0%
iron-on-patches,Embroidery,UPDATE,1.5 inch - 51-100,1.5 inch - 51-100,2.40,2.40,+0%
iron-on-patches,Embroidery,UPDATE,2.0 inch - 51-100,2.0 inch - 51-100,2.40,2.40,+0%
iron-on-patches,Embroidery,UPDATE,2.5 inch - 51-100,2.5 inch - 51-100,2.40,2.20,-8%
iron-on-patches,Embroidery,UPDATE,3.0 inch - 51-100,3.0 inch - 51-100,2.40,2.14,-11%
iron-on-patches,Embroidery,UPDATE,3.5 inch - 51-100,3.5 inch - 51-100,2.50,2.50,+0%
iron-on-patches,Embroidery,UPDATE,4.0 inch - 51-100,4.0 inch - 51-100,2.86,2.86,+0%
iron-on-patches,Embroidery,UPDATE,4.5 inch - 51-100,4.5 inch - 51-100,3.21,3.21,+0%
iron-on-patches,Embroidery,UPDATE,5.0 inch - 51-100,5.0 inch - 51-100,3.58,3.58,+0%
iron-on-patches,Embroidery,UPDATE,6.0 inch - 51-100,6.0 inch - 51-100,4.29,4.29,+0%
iron-on-patches,Embroidery,UPDATE,7.0 inch - 51-100,7.0 inch - 51-100,5.01,5.01,+0%
iron-on-patches,Embroidery,UPDATE,8.0 inch - 51-100,8.0 inch - 51-100,5.72,5.72,+0%
iron-on-patches,Embroidery,UPDATE,9.0 inch - 51-100,9.0 inch - 51-100,6.43,6.43,+0%
iron-on-patches,Embroidery,UPDATE,10.0 inch - 51-100,10.0 inch - 51-100,7.15,7.15,+0%
iron-on-patches,Embroidery,UPDATE,11.0 inch - 51-100,11.0 inch - 51-100,7.87,7.87,+0%
iron-on-patches,Embroidery,UPDATE,12.0 inch - 51-100,12.0 inch - 51-100,8.59,8.59,+0%
iron-on-patches,Embroidery,UPDATE,13.0 inch - 51-100,13.0 inch - 51-100,10.20,10.20,+0%
iron-on-patches,Embroidery,UPDATE,14.0 inch - 51-100,14.0 inch - 51-100,11.40,11.40,+0%
iron-on-patches,Embroidery,UPDATE,15.0 inch - 51-100,15.0 inch - 51-100,12.80,12.80,+0%
iron-on-patches,Embroidery,UPDATE,16.0 inch - 51-100,16.0 inch - 51-100,13.90,13.90,+0%
iron-on-patches,Embroidery,UPDATE,1.0 inch - 101-199,1.0 inch - 101-200,0.70,2.20,+214%
iron-on-patches,Embroidery,UPDATE,1.5 inch - 101-199,1.5 inch - 101-200,0.79,2.20,+178%
iron-on-patches,Embroidery,UPDATE,2.0 inch - 101-199,2.0 inch - 101-200,1.06,2.20,+108%
iron-on-patches,Embroidery,UPDATE,2.5 inch - 101-199,2.5 inch - 101-200,1.33,2.05,+54%
iron-on-patches,Embroidery,UPDATE,3.0 inch - 101-199,3.0 inch - 101-200,1.59,1.98,+25%
iron-on-patches,Embroidery,UPDATE,3.5 inch - 101-199,3.5 inch - 101-200,1.86,2.20,+18%
iron-on-patches,Embroidery,UPDATE,4.0 inch - 101-199,4.0 inch - 101-200,2.11,2.50,+18%
iron-on-patches,Embroidery,UPDATE,4.5 inch - 101-199,4.5 inch - 101-200,2.38,3.00,+26%
iron-on-patches,Embroidery,UPDATE,5.0 inch - 101-199,5.0 inch - 101-200,2.64,3.30,+25%
iron-on-patches,Embroidery,UPDATE,6.0 inch - 101-199,6.0 inch - 101-200,3.18,4.05,+27%
iron-on-patches,Embroidery,UPDATE,7.0 inch - 101-199,7.0 inch - 101-200,3.71,4.80,+29%
iron-on-patches,Embroidery,UPDATE,8.0 inch - 101-199,8.0 inch - 101-200,4.23,5.40,+28%
iron-on-patches,Embroidery,UPDATE,9.0 inch - 101-199,9.0 inch - 101-200,4.76,6.10,+28%
iron-on-patches,Embroidery,UPDATE,10.0 inch - 101-199,10.0 inch - 101-200,5.30,6.90,+30%
iron-on-patches,Embroidery,UPDATE,11.0 inch - 101-199,11.0 inch - 101-200,5.82,7.40,+27%
iron-on-patches,Embroidery,UPDATE,12.0 inch - 101-199,12.0 inch - 101-200,6.35,8.30,+31%
iron-on-patches,Embroidery,UPDATE,13.0 inch - 101-199,13.0 inch - 101-200,7.50,9.90,+32%
iron-on-patches,Embroidery,UPDATE,14.0 inch - 101-199,14.0 inch - 101-200,8.80,11.05,+26%
iron-on-patches,Embroidery,UPDATE,15.0 inch - 101-199,15.0 inch - 101-200,9.95,12.20,+23%
iron-on-patches,Embroidery,UPDATE,16.0 inch - 101-199,16.0 inch - 101-200,10.95,13.30,+21%
iron-on-patches,Embroidery,UPDATE,1.0 inch - 200-499,1.0 inch - 201-300,0.38,1.80,+374%
iron-on-patches,Embroidery,UPDATE,1.5 inch - 200-499,1.5 inch - 201-300,0.56,1.80,+221%
iron-on-patches,Embroidery,UPDATE,2.0 inch - 200-499,2.0 inch - 201-300,0.71,1.80,+154%
iron-on-patches,Embroidery,UPDATE,2.5 inch - 200-499,2.5 inch - 201-300,0.94,1.80,+91%
iron-on-patches,Embroidery,UPDATE,3.0 inch - 200-499,3.0 inch - 201-300,1.11,1.50,+35%
iron-on-patches,Embroidery,UPDATE,3.5 inch - 200-499,3.5 inch - 201-300,1.30,1.80,+38%
iron-on-patches,Embroidery,UPDATE,4.0 inch - 200-499,4.0 inch - 201-300,1.49,2.00,+34%
iron-on-patches,Embroidery,UPDATE,4.5 inch - 200-499,4.5 inch - 201-300,1.68,2.55,+52%
iron-on-patches,Embroidery,UPDATE,5.0 inch - 200-499,5.0 inch - 201-300,1.86,3.00,+61%
iron-on-patches,Embroidery,UPDATE,6.0 inch - 200-499,6.0 inch - 201-300,2.24,3.80,+70%
iron-on-patches,Embroidery,UPDATE,7.0 inch - 200-499,7.0 inch - 201-300,2.60,4.50,+73%
iron-on-patches,Embroidery,UPDATE,8.0 inch - 200-499,8.0 inch - 201-300,2.98,5.10,+71%
iron-on-patches,Embroidery,UPDATE,9.0 inch - 200-499,9.0 inch - 201-300,3.34,5.90,+77%
iron-on-patches,Embroidery,UPDATE,10.0 inch - 200-499,10.0 inch - 201-300,3.72,6.50,+75%
iron-on-patches,Embroidery,UPDATE,11.0 inch - 200-499,11.0 inch - 201-300,4.09,7.10,+74%
iron-on-patches,Embroidery,UPDATE,12.0 inch - 200-499,12.0 inch - 201-300,4.47,8.00,+79%
iron-on-patches,Embroidery,UPDATE,13.0 inch - 200-499,13.0 inch - 201-300,5.60,9.60,+71%
iron-on-patches,Embroidery,UPDATE,14.0 inch - 200-499,14.0 inch - 201-300,6.75,10.80,+60%
iron-on-patches,Embroidery,UPDATE,15.0 inch - 200-499,15.0 inch - 201-300,7.80,12.00,+54%
iron-on-patches,Embroidery,UPDATE,16.0 inch - 200-499,16.0 inch - 201-300,8.85,13.00,+47%
iron-on-patches,Embroidery,UPDATE,1.0 inch - 500-999,1.0 inch - 301-400,0.27,1.60,+493%
iron-on-patches,Embroidery,UPDATE,1.5 inch - 500-999,1.5 inch - 301-400,0.41,1.60,+290%
iron-on-patches,Embroidery,UPDATE,2.0 inch - 500-999,2.0 inch - 301-400,0.54,1.60,+196%
iron-on-patches,Embroidery,UPDATE,2.5 inch - 500-999,2.5 inch - 301-400,0.68,1.60,+135%
iron-on-patches,Embroidery,UPDATE,3.0 inch - 500-999,3.0 inch - 301-400,0.81,1.20,+48%
iron-on-patches,Embroidery,UPDATE,3.5 inch - 500-999,3.5 inch - 301-400,0.94,1.60,+70%
iron-on-patches,Embroidery,UPDATE,4.0 inch - 500-999,4.0 inch - 301-400,1.09,1.80,+65%
iron-on-patches,Embroidery,UPDATE,4.5 inch - 500-999,4.5 inch - 301-400,1.22,2.45,+101%
iron-on-patches,Embroidery,UPDATE,5.0 inch - 500-999,5.0 inch - 301-400,1.36,2.80,+106%
iron-on-patches,Embroidery,UPDATE,6.0 inch - 500-999,6.0 inch - 301-400,1.64,3.60,+120%
iron-on-patches,Embroidery,UPDATE,7.0 inch - 500-999,7.0 inch - 301-400,1.90,4.30,+126%
iron-on-patches,Embroidery,UPDATE,8.0 inch - 500-999,8.0 inch - 301-400,2.17,4.80,+121%
iron-on-patches,Embroidery,UPDATE,9.0 inch - 500-999,9.0 inch - 301-400,2.45,5.70,+133%
iron-on-patches,Embroidery,UPDATE,10.0 inch - 500-999,10.0 inch - 301-400,2.72,6.30,+132%
iron-on-patches,Embroidery,UPDATE,11.0 inch - 500-999,11.0 inch - 301-400,2.99,6.80,+127%
iron-on-patches,Embroidery,UPDATE,12.0 inch - 500-999,12.0 inch - 301-400,3.26,7.80,+139%
iron-on-patches,Embroidery,UPDATE,13.0 inch - 500-999,13.0 inch - 301-400,4.30,9.30,+116%
iron-on-patches,Embroidery,UPDATE,14.0 inch - 500-999,14.0 inch - 301-400,5.45,10.40,+91%
iron-on-patches,Embroidery,UPDATE,15.0 inch - 500-999,15.0 inch - 301-400,6.80,11.80,+74%
iron-on-patches,Embroidery,UPDATE,16.0 inch - 500-999,16.0 inch - 301-400,7.95,12.80,+61%
iron-on-patches,Embroidery,UPDATE,1.0 inch - 1000+,1.0 inch - 401-500,0.25,1.40,+460%
iron-on-patches,Embroidery,UPDATE,1.5 inch - 1000+,1.5 inch - 401-500,0.37,1.40,+278%
iron-on-patches,Embroidery,UPDATE,2.0 inch - 1000+,2.0 inch - 401-500,0.49,1.40,+186%
iron-on-patches,Embroidery,UPDATE,2.5 inch - 1000+,2.5 inch - 401-500,0.61,1.40,+130%
iron-on-patches,Embroidery,UPDATE,3.0 inch - 1000+,3.0 inch - 401-500,0.73,1.00,+37%
iron-on-patches,Embroidery,UPDATE,3.5 inch - 1000+,3.5 inch - 401-500,0.84,1.40,+67%
iron-on-patches,Embroidery,UPDATE,4.0 inch - 1000+,4.0 inch - 401-500,0.98,1.60,+63%
iron-on-patches,Embroidery,UPDATE,4.5 inch - 1000+,4.5 inch - 401-500,1.11,2.25,+103%
iron-on-patches,Embroidery,UPDATE,5.0 inch - 1000+,5.0 inch - 401-500,1.21,2.60,+115%
iron-on-patches,Embroidery,UPDATE,6.0 inch - 1000+,6.0 inch - 401-500,1.46,3.40,+133%
iron-on-patches,Embroidery,UPDATE,7.0 inch - 1000+,7.0 inch - 401-500,1.70,4.10,+141%
iron-on-patches,Embroidery,UPDATE,8.0 inch - 1000+,8.0 inch - 401-500,1.96,4.60,+135%
iron-on-patches,Embroidery,UPDATE,9.0 inch - 1000+,9.0 inch - 401-500,2.19,5.50,+151%
iron-on-patches,Embroidery,UPDATE,10.0 inch - 1000+,10.0 inch - 401-500,2.43,6.10,+151%
iron-on-patches,Embroidery,UPDATE,11.0 inch - 1000+,11.0 inch - 401-500,2.67,6.50,+143%
iron-on-patches,Embroidery,UPDATE,12.0 inch - 1000+,12.0 inch - 401-500,2.92,7.60,+160%
iron-on-patches,Embroidery,UPDATE,13.0 inch - 1000+,13.0 inch - 401-500,3.98,9.10,+129%
iron-on-patches,Embroidery,UPDATE,14.0 inch - 1000+,14.0 inch - 401-500,5.10,10.20,+100%
iron-on-patches,Embroidery,UPDATE,15.0 inch - 1000+,15.0 inch - 401-500,6.40,11.50,+80%
iron-on-patches,Embroidery,UPDATE,16.0 inch - 1000+,16.0 inch - 401-500,7.60,12.40,+63%
iron-on-patches,Embroidery,CREATE,,1.0 inch - 501-700,,1.20,new
iron-on-patches,Embroidery,CREATE,,1.5 inch - 501-700,,1.20,new
iron-on-patches,Embroidery,CREATE,,2.0 inch - 501-700,,1.20,new
iron-on-patches,Embroidery,CREATE,,2.5 inch - 501-700,,1.20,new
iron-on-patches,Embroidery,CREATE,,3.0 inch - 501-700,,0.81,new
iron-on-patches,Embroidery,CREATE,,3.5 inch - 501-700,,1.05,new
iron-on-patches,Embroidery,CREATE,,4.0 inch - 501-700,,1.30,new
iron-on-patches,Embroidery,CREATE,,4.5 inch - 501-700,,2.00,new
iron-on-patches,Embroidery,CREATE,,5.0 inch - 501-700,,2.40,new
iron-on-patches,Embroidery,CREATE,,6.0 inch - 501-700,,3.10,new
iron-on-patches,Embroidery,CREATE,,7.0 inch - 501-700,,4.00,new
iron-on-patches,Embroidery,CREATE,,8.0 inch - 501-700,,4.30,new
iron-on-patches,Embroidery,CREATE,,9.0 inch - 501-700,,5.20,new
iron-on-patches,Embroidery,CREATE,,10.0 inch - 501-700,,5.80,new
iron-on-patches,Embroidery,CREATE,,11.0 inch - 501-700,,6.20,new
iron-on-patches,Embroidery,CREATE,,12.0 inch - 501-700,,7.30,new
iron-on-patches,Embroidery,CREATE,,13.0 inch - 501-700,,8.50,new
iron-on-patches,Embroidery,CREATE,,14.0 inch - 501-700,,9.50,new
iron-on-patches,Embroidery,CREATE,,15.0 inch - 501-700,,10.80,new
iron-on-patches,Embroidery,CREATE,,16.0 inch - 501-700,,12.00,new
iron-on-patches,Embroidery,CREATE,,1.0 inch - 701+,,0.95,new
iron-on-patches,Embroidery,CREATE,,1.5 inch - 701+,,0.95,new
iron-on-patches,Embroidery,CREATE,,2.0 inch - 701+,,0.95,new
iron-on-patches,Embroidery,CREATE,,2.5 inch - 701+,,0.95,new
iron-on-patches,Embroidery,CREATE,,3.0 inch - 701+,,0.75,new
iron-on-patches,Embroidery,CREATE,,3.5 inch - 701+,,1.00,new
iron-on-patches,Embroidery,CREATE,,4.0 inch - 701+,,1.10,new
iron-on-patches,Embroidery,CREATE,,4.5 inch - 701+,,1.80,new
iron-on-patches,Embroidery,CREATE,,5.0 inch - 701+,,2.20,new
iron-on-patches,Embroidery,CREATE,,6.0 inch - 701+,,2.80,new
iron-on-patches,Embroidery,CREATE,,7.0 inch - 701+,,3.80,new
iron-on-patches,Embroidery,CREATE,,8.0 inch - 701+,,4.00,new
iron-on-patches,Embroidery,CREATE,,9.0 inch - 701+,,5.00,new
iron-on-patches,Embroidery,CREATE,,10.0 inch - 701+,,5.50,new
iron-on-patches,Embroidery,CREATE,,11.0 inch - 701+,,6.00,new
iron-on-patches,Embroidery,CREATE,,12.0 inch - 701+,,7.00,new
iron-on-patches,Embroidery,CREATE,,13.0 inch - 701+,,8.20,new
iron-on-patches,Embroidery,CREATE,,14.0 inch - 701+,,9.00,new
iron-on-patches,Embroidery,CREATE,,15.0 inch - 701+,,10.00,new
iron-on-patches,Embroidery,CREATE,,16.0 inch - 701+,,12.00,new
army-patches,Embroidery,UPDATE,1.0 inch - 10,1.0 inch - 10-15,6.99,6.99,+0%
army-patches,Embroidery,UPDATE,1.5 inch - 10,1.5 inch - 10-15,6.99,6.99,+0%
army-patches,Embroidery,UPDATE,2.0 inch - 10,2.0 inch - 10-15,6.99,6.99,+0%
army-patches,Embroidery,UPDATE,2.5 inch - 10,2.5 inch - 10-15,6.99,6.99,+0%
army-patches,Embroidery,UPDATE,3.0 inch - 10,3.0 inch - 10-15,7.99,7.99,+0%
army-patches,Embroidery,UPDATE,3.5 inch - 10,3.5 inch - 10-15,7.99,7.99,+0%
army-patches,Embroidery,UPDATE,4.0 inch - 10,4.0 inch - 10-15,7.99,7.99,+0%
army-patches,Embroidery,UPDATE,4.5 inch - 10,4.5 inch - 10-15,8.99,8.99,+0%
army-patches,Embroidery,UPDATE,5.0 inch - 10,5.0 inch - 10-15,10.00,10.00,+0%
army-patches,Embroidery,UPDATE,6.0 inch - 10,6.0 inch - 10-15,11.00,11.00,+0%
army-patches,Embroidery,UPDATE,7.0 inch - 10,7.0 inch - 10-15,12.00,12.00,+0%
army-patches,Embroidery,UPDATE,8.0 inch - 10,8.0 inch - 10-15,14.00,14.00,+0%
army-patches,Embroidery,UPDATE,9.0 inch - 10,9.0 inch - 10-15,16.00,16.00,+0%
army-patches,Embroidery,UPDATE,10.0 inch - 10,10.0 inch - 10-15,18.00,18.00,+0%
army-patches,Embroidery,UPDATE,11.0 inch - 10,11.0 inch - 10-15,20.00,20.00,+0%
army-patches,Embroidery,UPDATE,12.0 inch - 10,12.0 inch - 10-15,22.00,22.00,+0%
army-patches,Embroidery,UPDATE,13.0 inch - 10,13.0 inch - 10-15,23.00,23.00,+0%
army-patches,Embroidery,UPDATE,14.0 inch - 10,14.0 inch - 10-15,24.20,24.20,+0%
army-patches,Embroidery,UPDATE,15.0 inch - 10,15.0 inch - 10-15,25.40,25.40,+0%
army-patches,Embroidery,UPDATE,16.0 inch - 10,16.0 inch - 10-15,26.60,26.60,+0%
army-patches,Embroidery,UPDATE,1.0 inch - 11-25,1.0 inch - 16-25,6.36,3.75,-41%
army-patches,Embroidery,UPDATE,1.5 inch - 11-25,1.5 inch - 16-25,6.36,3.80,-40%
army-patches,Embroidery,UPDATE,2.0 inch - 11-25,2.0 inch - 16-25,6.36,3.95,-38%
army-patches,Embroidery,UPDATE,2.5 inch - 11-25,2.5 inch - 16-25,6.36,4.50,-29%
army-patches,Embroidery,UPDATE,3.0 inch - 11-25,3.0 inch - 16-25,6.36,5.00,-21%
army-patches,Embroidery,UPDATE,3.5 inch - 11-25,3.5 inch - 16-25,6.36,5.20,-18%
army-patches,Embroidery,UPDATE,4.0 inch - 11-25,4.0 inch - 16-25,6.36,5.80,-9%
army-patches,Embroidery,UPDATE,4.5 inch - 11-25,4.5 inch - 16-25,6.36,6.00,-6%
army-patches,Embroidery,UPDATE,5.0 inch - 11-25,5.0 inch - 16-25,7.20,7.20,+0%
army-patches,Embroidery,UPDATE,6.0 inch - 11-25,6.0 inch - 16-25,7.30,7.30,+0%
army-patches,Embroidery,UPDATE,7.0 inch - 11-25,7.0 inch - 16-25,9.00,9.00,+0%
army-patches,Embroidery,UPDATE,8.0 inch - 11-25,8.0 inch - 16-25,11.00,11.00,+0%
army-patches,Embroidery,UPDATE,9.0 inch - 11-25,9.0 inch - 16-25,13.00,13.00,+0%
army-patches,Embroidery,UPDATE,10.0 inch - 11-25,10.0 inch - 16-25,16.00,16.00,+0%
army-patches,Embroidery,UPDATE,11.0 inch - 11-25,11.0 inch - 16-25,18.00,18.00,+0%
army-patches,Embroidery,UPDATE,12.0 inch - 11-25,12.0 inch - 16-25,20.00,20.00,+0%
army-patches,Embroidery,UPDATE,13.0 inch - 11-25,13.0 inch - 16-25,21.00,21.00,+0%
army-patches,Embroidery,UPDATE,14.0 inch - 11-25,14.0 inch - 16-25,22.50,22.50,+0%
army-patches,Embroidery,UPDATE,15.0 inch - 11-25,15.0 inch - 16-25,23.70,23.70,+0%
army-patches,Embroidery,UPDATE,16.0 inch - 11-25,16.0 inch - 16-25,24.80,24.80,+0%
army-patches,Embroidery,UPDATE,1.0 inch - 26-50,1.0 inch - 26-50,3.75,3.75,+0%
army-patches,Embroidery,UPDATE,1.5 inch - 26-50,1.5 inch - 26-50,3.75,3.75,+0%
army-patches,Embroidery,UPDATE,2.0 inch - 26-50,2.0 inch - 26-50,3.75,3.75,+0%
army-patches,Embroidery,UPDATE,2.5 inch - 26-50,2.5 inch - 26-50,3.75,3.75,+0%
army-patches,Embroidery,UPDATE,3.0 inch - 26-50,3.0 inch - 26-50,3.75,3.75,+0%
army-patches,Embroidery,UPDATE,3.5 inch - 26-50,3.5 inch - 26-50,3.80,3.80,+0%
army-patches,Embroidery,UPDATE,4.0 inch - 26-50,4.0 inch - 26-50,3.80,3.80,+0%
army-patches,Embroidery,UPDATE,4.5 inch - 26-50,4.5 inch - 26-50,4.00,4.00,+0%
army-patches,Embroidery,UPDATE,5.0 inch - 26-50,5.0 inch - 26-50,4.50,4.50,+0%
army-patches,Embroidery,UPDATE,6.0 inch - 26-50,6.0 inch - 26-50,6.00,6.00,+0%
army-patches,Embroidery,UPDATE,7.0 inch - 26-50,7.0 inch - 26-50,8.00,8.00,+0%
army-patches,Embroidery,UPDATE,8.0 inch - 26-50,8.0 inch - 26-50,10.00,10.00,+0%
army-patches,Embroidery,UPDATE,9.0 inch - 26-50,9.0 inch - 26-50,12.00,12.00,+0%
army-patches,Embroidery,UPDATE,10.0 inch - 26-50,10.0 inch - 26-50,15.00,15.00,+0%
army-patches,Embroidery,UPDATE,11.0 inch - 26-50,11.0 inch - 26-50,16.00,16.00,+0%
army-patches,Embroidery,UPDATE,12.0 inch - 26-50,12.0 inch - 26-50,18.00,18.00,+0%
army-patches,Embroidery,UPDATE,13.0 inch - 26-50,13.0 inch - 26-50,19.00,19.00,+0%
army-patches,Embroidery,UPDATE,14.0 inch - 26-50,14.0 inch - 26-50,20.20,20.20,+0%
army-patches,Embroidery,UPDATE,15.0 inch - 26-50,15.0 inch - 26-50,21.40,21.40,+0%
army-patches,Embroidery,UPDATE,16.0 inch - 26-50,16.0 inch - 26-50,22.70,22.70,+0%
army-patches,Embroidery,UPDATE,1.0 inch - 51-100,1.0 inch - 51-100,2.40,2.40,+0%
army-patches,Embroidery,UPDATE,1.5 inch - 51-100,1.5 inch - 51-100,2.40,2.40,+0%
army-patches,Embroidery,UPDATE,2.0 inch - 51-100,2.0 inch - 51-100,2.40,2.40,+0%
army-patches,Embroidery,UPDATE,2.5 inch - 51-100,2.5 inch - 51-100,2.40,2.20,-8%
army-patches,Embroidery,UPDATE,3.0 inch - 51-100,3.0 inch - 51-100,2.40,2.14,-11%
army-patches,Embroidery,UPDATE,3.5 inch - 51-100,3.5 inch - 51-100,2.50,2.50,+0%
army-patches,Embroidery,UPDATE,4.0 inch - 51-100,4.0 inch - 51-100,2.86,2.86,+0%
army-patches,Embroidery,UPDATE,4.5 inch - 51-100,4.5 inch - 51-100,3.21,3.21,+0%
army-patches,Embroidery,UPDATE,5.0 inch - 51-100,5.0 inch - 51-100,3.58,3.58,+0%
army-patches,Embroidery,UPDATE,6.0 inch - 51-100,6.0 inch - 51-100,4.29,4.29,+0%
army-patches,Embroidery,UPDATE,7.0 inch - 51-100,7.0 inch - 51-100,5.01,5.01,+0%
army-patches,Embroidery,UPDATE,8.0 inch - 51-100,8.0 inch - 51-100,5.72,5.72,+0%
army-patches,Embroidery,UPDATE,9.0 inch - 51-100,9.0 inch - 51-100,6.43,6.43,+0%
army-patches,Embroidery,UPDATE,10.0 inch - 51-100,10.0 inch - 51-100,7.15,7.15,+0%
army-patches,Embroidery,UPDATE,11.0 inch - 51-100,11.0 inch - 51-100,7.87,7.87,+0%
army-patches,Embroidery,UPDATE,12.0 inch - 51-100,12.0 inch - 51-100,8.59,8.59,+0%
army-patches,Embroidery,UPDATE,13.0 inch - 51-100,13.0 inch - 51-100,10.20,10.20,+0%
army-patches,Embroidery,UPDATE,14.0 inch - 51-100,14.0 inch - 51-100,11.40,11.40,+0%
army-patches,Embroidery,UPDATE,15.0 inch - 51-100,15.0 inch - 51-100,12.80,12.80,+0%
army-patches,Embroidery,UPDATE,16.0 inch - 51-100,16.0 inch - 51-100,13.90,13.90,+0%
army-patches,Embroidery,UPDATE,1.0 inch - 101-199,1.0 inch - 101-200,0.70,2.20,+214%
army-patches,Embroidery,UPDATE,1.5 inch - 101-199,1.5 inch - 101-200,0.79,2.20,+178%
army-patches,Embroidery,UPDATE,2.0 inch - 101-199,2.0 inch - 101-200,1.06,2.20,+108%
army-patches,Embroidery,UPDATE,2.5 inch - 101-199,2.5 inch - 101-200,1.33,2.05,+54%
army-patches,Embroidery,UPDATE,3.0 inch - 101-199,3.0 inch - 101-200,1.59,1.98,+25%
army-patches,Embroidery,UPDATE,3.5 inch - 101-199,3.5 inch - 101-200,1.86,2.20,+18%
army-patches,Embroidery,UPDATE,4.0 inch - 101-199,4.0 inch - 101-200,2.11,2.50,+18%
army-patches,Embroidery,UPDATE,4.5 inch - 101-199,4.5 inch - 101-200,2.38,3.00,+26%
army-patches,Embroidery,UPDATE,5.0 inch - 101-199,5.0 inch - 101-200,2.64,3.30,+25%
army-patches,Embroidery,UPDATE,6.0 inch - 101-199,6.0 inch - 101-200,3.18,4.05,+27%
army-patches,Embroidery,UPDATE,7.0 inch - 101-199,7.0 inch - 101-200,3.71,4.80,+29%
army-patches,Embroidery,UPDATE,8.0 inch - 101-199,8.0 inch - 101-200,4.23,5.40,+28%
army-patches,Embroidery,UPDATE,9.0 inch - 101-199,9.0 inch - 101-200,4.76,6.10,+28%
army-patches,Embroidery,UPDATE,10.0 inch - 101-199,10.0 inch - 101-200,5.30,6.90,+30%
army-patches,Embroidery,UPDATE,11.0 inch - 101-199,11.0 inch - 101-200,5.82,7.40,+27%
army-patches,Embroidery,UPDATE,12.0 inch - 101-199,12.0 inch - 101-200,6.35,8.30,+31%
army-patches,Embroidery,UPDATE,13.0 inch - 101-199,13.0 inch - 101-200,7.50,9.90,+32%
army-patches,Embroidery,UPDATE,14.0 inch - 101-199,14.0 inch - 101-200,8.80,11.05,+26%
army-patches,Embroidery,UPDATE,15.0 inch - 101-199,15.0 inch - 101-200,9.95,12.20,+23%
army-patches,Embroidery,UPDATE,16.0 inch - 101-199,16.0 inch - 101-200,10.95,13.30,+21%
army-patches,Embroidery,UPDATE,1.0 inch - 200-499,1.0 inch - 201-300,0.38,1.80,+374%
army-patches,Embroidery,UPDATE,1.5 inch - 200-499,1.5 inch - 201-300,0.56,1.80,+221%
army-patches,Embroidery,UPDATE,2.0 inch - 200-499,2.0 inch - 201-300,0.71,1.80,+154%
army-patches,Embroidery,UPDATE,2.5 inch - 200-499,2.5 inch - 201-300,0.94,1.80,+91%
army-patches,Embroidery,UPDATE,3.0 inch - 200-499,3.0 inch - 201-300,1.11,1.50,+35%
army-patches,Embroidery,UPDATE,3.5 inch - 200-499,3.5 inch - 201-300,1.30,1.80,+38%
army-patches,Embroidery,UPDATE,4.0 inch - 200-499,4.0 inch - 201-300,1.49,2.00,+34%
army-patches,Embroidery,UPDATE,4.5 inch - 200-499,4.5 inch - 201-300,1.68,2.55,+52%
army-patches,Embroidery,UPDATE,5.0 inch - 200-499,5.0 inch - 201-300,1.86,3.00,+61%
army-patches,Embroidery,UPDATE,6.0 inch - 200-499,6.0 inch - 201-300,2.24,3.80,+70%
army-patches,Embroidery,UPDATE,7.0 inch - 200-499,7.0 inch - 201-300,2.60,4.50,+73%
army-patches,Embroidery,UPDATE,8.0 inch - 200-499,8.0 inch - 201-300,2.98,5.10,+71%
army-patches,Embroidery,UPDATE,9.0 inch - 200-499,9.0 inch - 201-300,3.34,5.90,+77%
army-patches,Embroidery,UPDATE,10.0 inch - 200-499,10.0 inch - 201-300,3.72,6.50,+75%
army-patches,Embroidery,UPDATE,11.0 inch - 200-499,11.0 inch - 201-300,4.09,7.10,+74%
army-patches,Embroidery,UPDATE,12.0 inch - 200-499,12.0 inch - 201-300,4.47,8.00,+79%
army-patches,Embroidery,UPDATE,13.0 inch - 200-499,13.0 inch - 201-300,5.60,9.60,+71%
army-patches,Embroidery,UPDATE,14.0 inch - 200-499,14.0 inch - 201-300,6.75,10.80,+60%
army-patches,Embroidery,UPDATE,15.0 inch - 200-499,15.0 inch - 201-300,7.80,12.00,+54%
army-patches,Embroidery,UPDATE,16.0 inch - 200-499,16.0 inch - 201-300,8.85,13.00,+47%
army-patches,Embroidery,UPDATE,1.0 inch - 500-999,1.0 inch - 301-400,0.27,1.60,+493%
army-patches,Embroidery,UPDATE,1.5 inch - 500-999,1.5 inch - 301-400,0.41,1.60,+290%
army-patches,Embroidery,UPDATE,2.0 inch - 500-999,2.0 inch - 301-400,0.54,1.60,+196%
army-patches,Embroidery,UPDATE,2.5 inch - 500-999,2.5 inch - 301-400,0.68,1.60,+135%
army-patches,Embroidery,UPDATE,3.0 inch - 500-999,3.0 inch - 301-400,0.81,1.20,+48%
army-patches,Embroidery,UPDATE,3.5 inch - 500-999,3.5 inch - 301-400,0.94,1.60,+70%
army-patches,Embroidery,UPDATE,4.0 inch - 500-999,4.0 inch - 301-400,1.09,1.80,+65%
army-patches,Embroidery,UPDATE,4.5 inch - 500-999,4.5 inch - 301-400,1.22,2.45,+101%
army-patches,Embroidery,UPDATE,5.0 inch - 500-999,5.0 inch - 301-400,1.36,2.80,+106%
army-patches,Embroidery,UPDATE,6.0 inch - 500-999,6.0 inch - 301-400,1.64,3.60,+120%
army-patches,Embroidery,UPDATE,7.0 inch - 500-999,7.0 inch - 301-400,1.90,4.30,+126%
army-patches,Embroidery,UPDATE,8.0 inch - 500-999,8.0 inch - 301-400,2.17,4.80,+121%
army-patches,Embroidery,UPDATE,9.0 inch - 500-999,9.0 inch - 301-400,2.45,5.70,+133%
army-patches,Embroidery,UPDATE,10.0 inch - 500-999,10.0 inch - 301-400,2.72,6.30,+132%
army-patches,Embroidery,UPDATE,11.0 inch - 500-999,11.0 inch - 301-400,2.99,6.80,+127%
army-patches,Embroidery,UPDATE,12.0 inch - 500-999,12.0 inch - 301-400,3.26,7.80,+139%
army-patches,Embroidery,UPDATE,13.0 inch - 500-999,13.0 inch - 301-400,4.30,9.30,+116%
army-patches,Embroidery,UPDATE,14.0 inch - 500-999,14.0 inch - 301-400,5.45,10.40,+91%
army-patches,Embroidery,UPDATE,15.0 inch - 500-999,15.0 inch - 301-400,6.80,11.80,+74%
army-patches,Embroidery,UPDATE,16.0 inch - 500-999,16.0 inch - 301-400,7.95,12.80,+61%
army-patches,Embroidery,UPDATE,1.0 inch - 1000+,1.0 inch - 401-500,0.25,1.40,+460%
army-patches,Embroidery,UPDATE,1.5 inch - 1000+,1.5 inch - 401-500,0.37,1.40,+278%
army-patches,Embroidery,UPDATE,2.0 inch - 1000+,2.0 inch - 401-500,0.49,1.40,+186%
army-patches,Embroidery,UPDATE,2.5 inch - 1000+,2.5 inch - 401-500,0.61,1.40,+130%
army-patches,Embroidery,UPDATE,3.0 inch - 1000+,3.0 inch - 401-500,0.73,1.00,+37%
army-patches,Embroidery,UPDATE,3.5 inch - 1000+,3.5 inch - 401-500,0.84,1.40,+67%
army-patches,Embroidery,UPDATE,4.0 inch - 1000+,4.0 inch - 401-500,0.98,1.60,+63%
army-patches,Embroidery,UPDATE,4.5 inch - 1000+,4.5 inch - 401-500,1.11,2.25,+103%
army-patches,Embroidery,UPDATE,5.0 inch - 1000+,5.0 inch - 401-500,1.21,2.60,+115%
army-patches,Embroidery,UPDATE,6.0 inch - 1000+,6.0 inch - 401-500,1.46,3.40,+133%
army-patches,Embroidery,UPDATE,7.0 inch - 1000+,7.0 inch - 401-500,1.70,4.10,+141%
army-patches,Embroidery,UPDATE,8.0 inch - 1000+,8.0 inch - 401-500,1.96,4.60,+135%
army-patches,Embroidery,UPDATE,9.0 inch - 1000+,9.0 inch - 401-500,2.19,5.50,+151%
army-patches,Embroidery,UPDATE,10.0 inch - 1000+,10.0 inch - 401-500,2.43,6.10,+151%
army-patches,Embroidery,UPDATE,11.0 inch - 1000+,11.0 inch - 401-500,2.67,6.50,+143%
army-patches,Embroidery,UPDATE,12.0 inch - 1000+,12.0 inch - 401-500,2.92,7.60,+160%
army-patches,Embroidery,UPDATE,13.0 inch - 1000+,13.0 inch - 401-500,3.98,9.10,+129%
army-patches,Embroidery,UPDATE,14.0 inch - 1000+,14.0 inch - 401-500,5.10,10.20,+100%
army-patches,Embroidery,UPDATE,15.0 inch - 1000+,15.0 inch - 401-500,6.40,11.50,+80%
army-patches,Embroidery,UPDATE,16.0 inch - 1000+,16.0 inch - 401-500,7.60,12.40,+63%
army-patches,Embroidery,CREATE,,1.0 inch - 501-700,,1.20,new
army-patches,Embroidery,CREATE,,1.5 inch - 501-700,,1.20,new
army-patches,Embroidery,CREATE,,2.0 inch - 501-700,,1.20,new
army-patches,Embroidery,CREATE,,2.5 inch - 501-700,,1.20,new
army-patches,Embroidery,CREATE,,3.0 inch - 501-700,,0.81,new
army-patches,Embroidery,CREATE,,3.5 inch - 501-700,,1.05,new
army-patches,Embroidery,CREATE,,4.0 inch - 501-700,,1.30,new
army-patches,Embroidery,CREATE,,4.5 inch - 501-700,,2.00,new
army-patches,Embroidery,CREATE,,5.0 inch - 501-700,,2.40,new
army-patches,Embroidery,CREATE,,6.0 inch - 501-700,,3.10,new
army-patches,Embroidery,CREATE,,7.0 inch - 501-700,,4.00,new
army-patches,Embroidery,CREATE,,8.0 inch - 501-700,,4.30,new
army-patches,Embroidery,CREATE,,9.0 inch - 501-700,,5.20,new
army-patches,Embroidery,CREATE,,10.0 inch - 501-700,,5.80,new
army-patches,Embroidery,CREATE,,11.0 inch - 501-700,,6.20,new
army-patches,Embroidery,CREATE,,12.0 inch - 501-700,,7.30,new
army-patches,Embroidery,CREATE,,13.0 inch - 501-700,,8.50,new
army-patches,Embroidery,CREATE,,14.0 inch - 501-700,,9.50,new
army-patches,Embroidery,CREATE,,15.0 inch - 501-700,,10.80,new
army-patches,Embroidery,CREATE,,16.0 inch - 501-700,,12.00,new
army-patches,Embroidery,CREATE,,1.0 inch - 701+,,0.95,new
army-patches,Embroidery,CREATE,,1.5 inch - 701+,,0.95,new
army-patches,Embroidery,CREATE,,2.0 inch - 701+,,0.95,new
army-patches,Embroidery,CREATE,,2.5 inch - 701+,,0.95,new
army-patches,Embroidery,CREATE,,3.0 inch - 701+,,0.75,new
army-patches,Embroidery,CREATE,,3.5 inch - 701+,,1.00,new
army-patches,Embroidery,CREATE,,4.0 inch - 701+,,1.10,new
army-patches,Embroidery,CREATE,,4.5 inch - 701+,,1.80,new
army-patches,Embroidery,CREATE,,5.0 inch - 701+,,2.20,new
army-patches,Embroidery,CREATE,,6.0 inch - 701+,,2.80,new
army-patches,Embroidery,CREATE,,7.0 inch - 701+,,3.80,new
army-patches,Embroidery,CREATE,,8.0 inch - 701+,,4.00,new
army-patches,Embroidery,CREATE,,9.0 inch - 701+,,5.00,new
army-patches,Embroidery,CREATE,,10.0 inch - 701+,,5.50,new
army-patches,Embroidery,CREATE,,11.0 inch - 701+,,6.00,new
army-patches,Embroidery,CREATE,,12.0 inch - 701+,,7.00,new
army-patches,Embroidery,CREATE,,13.0 inch - 701+,,8.20,new
army-patches,Embroidery,CREATE,,14.0 inch - 701+,,9.00,new
army-patches,Embroidery,CREATE,,15.0 inch - 701+,,10.00,new
army-patches,Embroidery,CREATE,,16.0 inch - 701+,,12.00,new
custom-velcro-patches,Embroidery,UPDATE,1.0 inch - 10,1.0 inch - 10-15,6.99,6.99,+0%
custom-velcro-patches,Embroidery,UPDATE,1.5 inch - 10,1.5 inch - 10-15,6.99,6.99,+0%
custom-velcro-patches,Embroidery,UPDATE,2.0 inch - 10,2.0 inch - 10-15,6.99,6.99,+0%
custom-velcro-patches,Embroidery,UPDATE,2.5 inch - 10,2.5 inch - 10-15,6.99,6.99,+0%
custom-velcro-patches,Embroidery,UPDATE,3.0 inch - 10,3.0 inch - 10-15,7.99,7.99,+0%
custom-velcro-patches,Embroidery,UPDATE,3.5 inch - 10,3.5 inch - 10-15,7.99,7.99,+0%
custom-velcro-patches,Embroidery,UPDATE,4.0 inch - 10,4.0 inch - 10-15,7.99,7.99,+0%
custom-velcro-patches,Embroidery,UPDATE,4.5 inch - 10,4.5 inch - 10-15,8.99,8.99,+0%
custom-velcro-patches,Embroidery,UPDATE,5.0 inch - 10,5.0 inch - 10-15,10.00,10.00,+0%
custom-velcro-patches,Embroidery,UPDATE,6.0 inch - 10,6.0 inch - 10-15,11.00,11.00,+0%
custom-velcro-patches,Embroidery,UPDATE,7.0 inch - 10,7.0 inch - 10-15,12.00,12.00,+0%
custom-velcro-patches,Embroidery,UPDATE,8.0 inch - 10,8.0 inch - 10-15,14.00,14.00,+0%
custom-velcro-patches,Embroidery,UPDATE,9.0 inch - 10,9.0 inch - 10-15,16.00,16.00,+0%
custom-velcro-patches,Embroidery,UPDATE,10.0 inch - 10,10.0 inch - 10-15,18.00,18.00,+0%
custom-velcro-patches,Embroidery,UPDATE,11.0 inch - 10,11.0 inch - 10-15,20.00,20.00,+0%
custom-velcro-patches,Embroidery,UPDATE,12.0 inch - 10,12.0 inch - 10-15,22.00,22.00,+0%
custom-velcro-patches,Embroidery,UPDATE,13.0 inch - 10,13.0 inch - 10-15,23.00,23.00,+0%
custom-velcro-patches,Embroidery,UPDATE,14.0 inch - 10,14.0 inch - 10-15,24.20,24.20,+0%
custom-velcro-patches,Embroidery,UPDATE,15.0 inch - 10,15.0 inch - 10-15,25.40,25.40,+0%
custom-velcro-patches,Embroidery,UPDATE,16.0 inch - 10,16.0 inch - 10-15,26.60,26.60,+0%
custom-velcro-patches,Embroidery,UPDATE,1.0 inch - 11-25,1.0 inch - 16-25,6.36,3.75,-41%
custom-velcro-patches,Embroidery,UPDATE,1.5 inch - 11-25,1.5 inch - 16-25,6.36,3.80,-40%
custom-velcro-patches,Embroidery,UPDATE,2.0 inch - 11-25,2.0 inch - 16-25,6.36,3.95,-38%
custom-velcro-patches,Embroidery,UPDATE,2.5 inch - 11-25,2.5 inch - 16-25,6.36,4.50,-29%
custom-velcro-patches,Embroidery,UPDATE,3.0 inch - 11-25,3.0 inch - 16-25,6.36,5.00,-21%
custom-velcro-patches,Embroidery,UPDATE,3.5 inch - 11-25,3.5 inch - 16-25,6.36,5.20,-18%
custom-velcro-patches,Embroidery,UPDATE,4.0 inch - 11-25,4.0 inch - 16-25,6.36,5.80,-9%
custom-velcro-patches,Embroidery,UPDATE,4.5 inch - 11-25,4.5 inch - 16-25,6.36,6.00,-6%
custom-velcro-patches,Embroidery,UPDATE,5.0 inch - 11-25,5.0 inch - 16-25,7.20,7.20,+0%
custom-velcro-patches,Embroidery,UPDATE,6.0 inch - 11-25,6.0 inch - 16-25,7.30,7.30,+0%
custom-velcro-patches,Embroidery,UPDATE,7.0 inch - 11-25,7.0 inch - 16-25,9.00,9.00,+0%
custom-velcro-patches,Embroidery,UPDATE,8.0 inch - 11-25,8.0 inch - 16-25,11.00,11.00,+0%
custom-velcro-patches,Embroidery,UPDATE,9.0 inch - 11-25,9.0 inch - 16-25,13.00,13.00,+0%
custom-velcro-patches,Embroidery,UPDATE,10.0 inch - 11-25,10.0 inch - 16-25,16.00,16.00,+0%
custom-velcro-patches,Embroidery,UPDATE,11.0 inch - 11-25,11.0 inch - 16-25,18.00,18.00,+0%
custom-velcro-patches,Embroidery,UPDATE,12.0 inch - 11-25,12.0 inch - 16-25,20.00,20.00,+0%
custom-velcro-patches,Embroidery,UPDATE,13.0 inch - 11-25,13.0 inch - 16-25,21.00,21.00,+0%
custom-velcro-patches,Embroidery,UPDATE,14.0 inch - 11-25,14.0 inch - 16-25,22.50,22.50,+0%
custom-velcro-patches,Embroidery,UPDATE,15.0 inch - 11-25,15.0 inch - 16-25,23.70,23.70,+0%
custom-velcro-patches,Embroidery,UPDATE,16.0 inch - 11-25,16.0 inch - 16-25,24.80,24.80,+0%
custom-velcro-patches,Embroidery,UPDATE,1.0 inch - 26-50,1.0 inch - 26-50,3.75,3.75,+0%
custom-velcro-patches,Embroidery,UPDATE,1.5 inch - 26-50,1.5 inch - 26-50,3.75,3.75,+0%
custom-velcro-patches,Embroidery,UPDATE,2.0 inch - 26-50,2.0 inch - 26-50,3.75,3.75,+0%
custom-velcro-patches,Embroidery,UPDATE,2.5 inch - 26-50,2.5 inch - 26-50,3.75,3.75,+0%
custom-velcro-patches,Embroidery,UPDATE,3.0 inch - 26-50,3.0 inch - 26-50,3.75,3.75,+0%
custom-velcro-patches,Embroidery,UPDATE,3.5 inch - 26-50,3.5 inch - 26-50,3.80,3.80,+0%
custom-velcro-patches,Embroidery,UPDATE,4.0 inch - 26-50,4.0 inch - 26-50,3.80,3.80,+0%
custom-velcro-patches,Embroidery,UPDATE,4.5 inch - 26-50,4.5 inch - 26-50,4.00,4.00,+0%
custom-velcro-patches,Embroidery,UPDATE,5.0 inch - 26-50,5.0 inch - 26-50,4.50,4.50,+0%
custom-velcro-patches,Embroidery,UPDATE,6.0 inch - 26-50,6.0 inch - 26-50,6.00,6.00,+0%
custom-velcro-patches,Embroidery,UPDATE,7.0 inch - 26-50,7.0 inch - 26-50,8.00,8.00,+0%
custom-velcro-patches,Embroidery,UPDATE,8.0 inch - 26-50,8.0 inch - 26-50,10.00,10.00,+0%
custom-velcro-patches,Embroidery,UPDATE,9.0 inch - 26-50,9.0 inch - 26-50,12.00,12.00,+0%
custom-velcro-patches,Embroidery,UPDATE,10.0 inch - 26-50,10.0 inch - 26-50,15.00,15.00,+0%
custom-velcro-patches,Embroidery,UPDATE,11.0 inch - 26-50,11.0 inch - 26-50,16.00,16.00,+0%
custom-velcro-patches,Embroidery,UPDATE,12.0 inch - 26-50,12.0 inch - 26-50,18.00,18.00,+0%
custom-velcro-patches,Embroidery,UPDATE,13.0 inch - 26-50,13.0 inch - 26-50,19.00,19.00,+0%
custom-velcro-patches,Embroidery,UPDATE,14.0 inch - 26-50,14.0 inch - 26-50,20.20,20.20,+0%
custom-velcro-patches,Embroidery,UPDATE,15.0 inch - 26-50,15.0 inch - 26-50,21.40,21.40,+0%
custom-velcro-patches,Embroidery,UPDATE,16.0 inch - 26-50,16.0 inch - 26-50,22.70,22.70,+0%
custom-velcro-patches,Embroidery,UPDATE,1.0 inch - 51-100,1.0 inch - 51-100,2.40,2.40,+0%
custom-velcro-patches,Embroidery,UPDATE,1.5 inch - 51-100,1.5 inch - 51-100,2.40,2.40,+0%
custom-velcro-patches,Embroidery,UPDATE,2.0 inch - 51-100,2.0 inch - 51-100,2.40,2.40,+0%
custom-velcro-patches,Embroidery,UPDATE,2.5 inch - 51-100,2.5 inch - 51-100,2.40,2.20,-8%
custom-velcro-patches,Embroidery,UPDATE,3.0 inch - 51-100,3.0 inch - 51-100,2.40,2.14,-11%
custom-velcro-patches,Embroidery,UPDATE,3.5 inch - 51-100,3.5 inch - 51-100,2.50,2.50,+0%
custom-velcro-patches,Embroidery,UPDATE,4.0 inch - 51-100,4.0 inch - 51-100,2.86,2.86,+0%
custom-velcro-patches,Embroidery,UPDATE,4.5 inch - 51-100,4.5 inch - 51-100,3.21,3.21,+0%
custom-velcro-patches,Embroidery,UPDATE,5.0 inch - 51-100,5.0 inch - 51-100,3.58,3.58,+0%
custom-velcro-patches,Embroidery,UPDATE,6.0 inch - 51-100,6.0 inch - 51-100,4.29,4.29,+0%
custom-velcro-patches,Embroidery,UPDATE,7.0 inch - 51-100,7.0 inch - 51-100,5.01,5.01,+0%
custom-velcro-patches,Embroidery,UPDATE,8.0 inch - 51-100,8.0 inch - 51-100,5.72,5.72,+0%
custom-velcro-patches,Embroidery,UPDATE,9.0 inch - 51-100,9.0 inch - 51-100,6.43,6.43,+0%
custom-velcro-patches,Embroidery,UPDATE,10.0 inch - 51-100,10.0 inch - 51-100,7.15,7.15,+0%
custom-velcro-patches,Embroidery,UPDATE,11.0 inch - 51-100,11.0 inch - 51-100,7.87,7.87,+0%
custom-velcro-patches,Embroidery,UPDATE,12.0 inch - 51-100,12.0 inch - 51-100,8.59,8.59,+0%
custom-velcro-patches,Embroidery,UPDATE,13.0 inch - 51-100,13.0 inch - 51-100,10.20,10.20,+0%
custom-velcro-patches,Embroidery,UPDATE,14.0 inch - 51-100,14.0 inch - 51-100,11.40,11.40,+0%
custom-velcro-patches,Embroidery,UPDATE,15.0 inch - 51-100,15.0 inch - 51-100,12.80,12.80,+0%
custom-velcro-patches,Embroidery,UPDATE,16.0 inch - 51-100,16.0 inch - 51-100,13.90,13.90,+0%
custom-velcro-patches,Embroidery,UPDATE,1.0 inch - 101-199,1.0 inch - 101-200,0.70,2.20,+214%
custom-velcro-patches,Embroidery,UPDATE,1.5 inch - 101-199,1.5 inch - 101-200,0.79,2.20,+178%
custom-velcro-patches,Embroidery,UPDATE,2.0 inch - 101-199,2.0 inch - 101-200,1.06,2.20,+108%
custom-velcro-patches,Embroidery,UPDATE,2.5 inch - 101-199,2.5 inch - 101-200,1.33,2.05,+54%
custom-velcro-patches,Embroidery,UPDATE,3.0 inch - 101-199,3.0 inch - 101-200,1.59,1.98,+25%
custom-velcro-patches,Embroidery,UPDATE,3.5 inch - 101-199,3.5 inch - 101-200,1.86,2.20,+18%
custom-velcro-patches,Embroidery,UPDATE,4.0 inch - 101-199,4.0 inch - 101-200,2.11,2.50,+18%
custom-velcro-patches,Embroidery,UPDATE,4.5 inch - 101-199,4.5 inch - 101-200,2.38,3.00,+26%
custom-velcro-patches,Embroidery,UPDATE,5.0 inch - 101-199,5.0 inch - 101-200,2.64,3.30,+25%
custom-velcro-patches,Embroidery,UPDATE,6.0 inch - 101-199,6.0 inch - 101-200,3.18,4.05,+27%
custom-velcro-patches,Embroidery,UPDATE,7.0 inch - 101-199,7.0 inch - 101-200,3.71,4.80,+29%
custom-velcro-patches,Embroidery,UPDATE,8.0 inch - 101-199,8.0 inch - 101-200,4.23,5.40,+28%
custom-velcro-patches,Embroidery,UPDATE,9.0 inch - 101-199,9.0 inch - 101-200,4.76,6.10,+28%
custom-velcro-patches,Embroidery,UPDATE,10.0 inch - 101-199,10.0 inch - 101-200,5.30,6.90,+30%
custom-velcro-patches,Embroidery,UPDATE,11.0 inch - 101-199,11.0 inch - 101-200,5.82,7.40,+27%
custom-velcro-patches,Embroidery,UPDATE,12.0 inch - 101-199,12.0 inch - 101-200,6.35,8.30,+31%
custom-velcro-patches,Embroidery,UPDATE,13.0 inch - 101-199,13.0 inch - 101-200,7.50,9.90,+32%
custom-velcro-patches,Embroidery,UPDATE,14.0 inch - 101-199,14.0 inch - 101-200,8.80,11.05,+26%
custom-velcro-patches,Embroidery,UPDATE,15.0 inch - 101-199,15.0 inch - 101-200,9.95,12.20,+23%
custom-velcro-patches,Embroidery,UPDATE,16.0 inch - 101-199,16.0 inch - 101-200,10.95,13.30,+21%
custom-velcro-patches,Embroidery,UPDATE,1.0 inch - 200-499,1.0 inch - 201-300,0.38,1.80,+374%
custom-velcro-patches,Embroidery,UPDATE,1.5 inch - 200-499,1.5 inch - 201-300,0.56,1.80,+221%
custom-velcro-patches,Embroidery,UPDATE,2.0 inch - 200-499,2.0 inch - 201-300,0.71,1.80,+154%
custom-velcro-patches,Embroidery,UPDATE,2.5 inch - 200-499,2.5 inch - 201-300,0.94,1.80,+91%
custom-velcro-patches,Embroidery,UPDATE,3.0 inch - 200-499,3.0 inch - 201-300,1.11,1.50,+35%
custom-velcro-patches,Embroidery,UPDATE,3.5 inch - 200-499,3.5 inch - 201-300,1.30,1.80,+38%
custom-velcro-patches,Embroidery,UPDATE,4.0 inch - 200-499,4.0 inch - 201-300,1.49,2.00,+34%
custom-velcro-patches,Embroidery,UPDATE,4.5 inch - 200-499,4.5 inch - 201-300,1.68,2.55,+52%
custom-velcro-patches,Embroidery,UPDATE,5.0 inch - 200-499,5.0 inch - 201-300,1.86,3.00,+61%
custom-velcro-patches,Embroidery,UPDATE,6.0 inch - 200-499,6.0 inch - 201-300,2.24,3.80,+70%
custom-velcro-patches,Embroidery,UPDATE,7.0 inch - 200-499,7.0 inch - 201-300,2.60,4.50,+73%
custom-velcro-patches,Embroidery,UPDATE,8.0 inch - 200-499,8.0 inch - 201-300,2.98,5.10,+71%
custom-velcro-patches,Embroidery,UPDATE,9.0 inch - 200-499,9.0 inch - 201-300,3.34,5.90,+77%
custom-velcro-patches,Embroidery,UPDATE,10.0 inch - 200-499,10.0 inch - 201-300,3.72,6.50,+75%
custom-velcro-patches,Embroidery,UPDATE,11.0 inch - 200-499,11.0 inch - 201-300,4.09,7.10,+74%
custom-velcro-patches,Embroidery,UPDATE,12.0 inch - 200-499,12.0 inch - 201-300,4.47,8.00,+79%
custom-velcro-patches,Embroidery,UPDATE,13.0 inch - 200-499,13.0 inch - 201-300,5.60,9.60,+71%
custom-velcro-patches,Embroidery,UPDATE,14.0 inch - 200-499,14.0 inch - 201-300,6.75,10.80,+60%
custom-velcro-patches,Embroidery,UPDATE,15.0 inch - 200-499,15.0 inch - 201-300,7.80,12.00,+54%
custom-velcro-patches,Embroidery,UPDATE,16.0 inch - 200-499,16.0 inch - 201-300,8.85,13.00,+47%
custom-velcro-patches,Embroidery,UPDATE,1.0 inch - 500-999,1.0 inch - 301-400,0.27,1.60,+493%
custom-velcro-patches,Embroidery,UPDATE,1.5 inch - 500-999,1.5 inch - 301-400,0.41,1.60,+290%
custom-velcro-patches,Embroidery,UPDATE,2.0 inch - 500-999,2.0 inch - 301-400,0.54,1.60,+196%
custom-velcro-patches,Embroidery,UPDATE,2.5 inch - 500-999,2.5 inch - 301-400,0.68,1.60,+135%
custom-velcro-patches,Embroidery,UPDATE,3.0 inch - 500-999,3.0 inch - 301-400,0.81,1.20,+48%
custom-velcro-patches,Embroidery,UPDATE,3.5 inch - 500-999,3.5 inch - 301-400,0.94,1.60,+70%
custom-velcro-patches,Embroidery,UPDATE,4.0 inch - 500-999,4.0 inch - 301-400,1.09,1.80,+65%
custom-velcro-patches,Embroidery,UPDATE,4.5 inch - 500-999,4.5 inch - 301-400,1.22,2.45,+101%
custom-velcro-patches,Embroidery,UPDATE,5.0 inch - 500-999,5.0 inch - 301-400,1.36,2.80,+106%
custom-velcro-patches,Embroidery,UPDATE,6.0 inch - 500-999,6.0 inch - 301-400,1.64,3.60,+120%
custom-velcro-patches,Embroidery,UPDATE,7.0 inch - 500-999,7.0 inch - 301-400,1.90,4.30,+126%
custom-velcro-patches,Embroidery,UPDATE,8.0 inch - 500-999,8.0 inch - 301-400,2.17,4.80,+121%
custom-velcro-patches,Embroidery,UPDATE,9.0 inch - 500-999,9.0 inch - 301-400,2.45,5.70,+133%
custom-velcro-patches,Embroidery,UPDATE,10.0 inch - 500-999,10.0 inch - 301-400,2.72,6.30,+132%
custom-velcro-patches,Embroidery,UPDATE,11.0 inch - 500-999,11.0 inch - 301-400,2.99,6.80,+127%
custom-velcro-patches,Embroidery,UPDATE,12.0 inch - 500-999,12.0 inch - 301-400,3.26,7.80,+139%
custom-velcro-patches,Embroidery,UPDATE,13.0 inch - 500-999,13.0 inch - 301-400,4.30,9.30,+116%
custom-velcro-patches,Embroidery,UPDATE,14.0 inch - 500-999,14.0 inch - 301-400,5.45,10.40,+91%
custom-velcro-patches,Embroidery,UPDATE,15.0 inch - 500-999,15.0 inch - 301-400,6.80,11.80,+74%
custom-velcro-patches,Embroidery,UPDATE,16.0 inch - 500-999,16.0 inch - 301-400,7.95,12.80,+61%
custom-velcro-patches,Embroidery,UPDATE,1.0 inch - 1000+,1.0 inch - 401-500,0.25,1.40,+460%
custom-velcro-patches,Embroidery,UPDATE,1.5 inch - 1000+,1.5 inch - 401-500,0.37,1.40,+278%
custom-velcro-patches,Embroidery,UPDATE,2.0 inch - 1000+,2.0 inch - 401-500,0.49,1.40,+186%
custom-velcro-patches,Embroidery,UPDATE,2.5 inch - 1000+,2.5 inch - 401-500,0.61,1.40,+130%
custom-velcro-patches,Embroidery,UPDATE,3.0 inch - 1000+,3.0 inch - 401-500,0.73,1.00,+37%
custom-velcro-patches,Embroidery,UPDATE,3.5 inch - 1000+,3.5 inch - 401-500,0.84,1.40,+67%
custom-velcro-patches,Embroidery,UPDATE,4.0 inch - 1000+,4.0 inch - 401-500,0.98,1.60,+63%
custom-velcro-patches,Embroidery,UPDATE,4.5 inch - 1000+,4.5 inch - 401-500,1.11,2.25,+103%
custom-velcro-patches,Embroidery,UPDATE,5.0 inch - 1000+,5.0 inch - 401-500,1.21,2.60,+115%
custom-velcro-patches,Embroidery,UPDATE,6.0 inch - 1000+,6.0 inch - 401-500,1.46,3.40,+133%
custom-velcro-patches,Embroidery,UPDATE,7.0 inch - 1000+,7.0 inch - 401-500,1.70,4.10,+141%
custom-velcro-patches,Embroidery,UPDATE,8.0 inch - 1000+,8.0 inch - 401-500,1.96,4.60,+135%
custom-velcro-patches,Embroidery,UPDATE,9.0 inch - 1000+,9.0 inch - 401-500,2.19,5.50,+151%
custom-velcro-patches,Embroidery,UPDATE,10.0 inch - 1000+,10.0 inch - 401-500,2.43,6.10,+151%
custom-velcro-patches,Embroidery,UPDATE,11.0 inch - 1000+,11.0 inch - 401-500,2.67,6.50,+143%
custom-velcro-patches,Embroidery,UPDATE,12.0 inch - 1000+,12.0 inch - 401-500,2.92,7.60,+160%
custom-velcro-patches,Embroidery,UPDATE,13.0 inch - 1000+,13.0 inch - 401-500,3.98,9.10,+129%
custom-velcro-patches,Embroidery,UPDATE,14.0 inch - 1000+,14.0 inch - 401-500,5.10,10.20,+100%
custom-velcro-patches,Embroidery,UPDATE,15.0 inch - 1000+,15.0 inch - 401-500,6.40,11.50,+80%
custom-velcro-patches,Embroidery,UPDATE,16.0 inch - 1000+,16.0 inch - 401-500,7.60,12.40,+63%
custom-velcro-patches,Embroidery,CREATE,,1.0 inch - 501-700,,1.20,new
custom-velcro-patches,Embroidery,CREATE,,1.5 inch - 501-700,,1.20,new
custom-velcro-patches,Embroidery,CREATE,,2.0 inch - 501-700,,1.20,new
custom-velcro-patches,Embroidery,CREATE,,2.5 inch - 501-700,,1.20,new
custom-velcro-patches,Embroidery,CREATE,,3.0 inch - 501-700,,0.81,new
custom-velcro-patches,Embroidery,CREATE,,3.5 inch - 501-700,,1.05,new
custom-velcro-patches,Embroidery,CREATE,,4.0 inch - 501-700,,1.30,new
custom-velcro-patches,Embroidery,CREATE,,4.5 inch - 501-700,,2.00,new
custom-velcro-patches,Embroidery,CREATE,,5.0 inch - 501-700,,2.40,new
custom-velcro-patches,Embroidery,CREATE,,6.0 inch - 501-700,,3.10,new
custom-velcro-patches,Embroidery,CREATE,,7.0 inch - 501-700,,4.00,new
custom-velcro-patches,Embroidery,CREATE,,8.0 inch - 501-700,,4.30,new
custom-velcro-patches,Embroidery,CREATE,,9.0 inch - 501-700,,5.20,new
custom-velcro-patches,Embroidery,CREATE,,10.0 inch - 501-700,,5.80,new
custom-velcro-patches,Embroidery,CREATE,,11.0 inch - 501-700,,6.20,new
custom-velcro-patches,Embroidery,CREATE,,12.0 inch - 501-700,,7.30,new
custom-velcro-patches,Embroidery,CREATE,,13.0 inch - 501-700,,8.50,new
custom-velcro-patches,Embroidery,CREATE,,14.0 inch - 501-700,,9.50,new
custom-velcro-patches,Embroidery,CREATE,,15.0 inch - 501-700,,10.80,new
custom-velcro-patches,Embroidery,CREATE,,16.0 inch - 501-700,,12.00,new
custom-velcro-patches,Embroidery,CREATE,,1.0 inch - 701+,,0.95,new
custom-velcro-patches,Embroidery,CREATE,,1.5 inch - 701+,,0.95,new
custom-velcro-patches,Embroidery,CREATE,,2.0 inch - 701+,,0.95,new
custom-velcro-patches,Embroidery,CREATE,,2.5 inch - 701+,,0.95,new
custom-velcro-patches,Embroidery,CREATE,,3.0 inch - 701+,,0.75,new
custom-velcro-patches,Embroidery,CREATE,,3.5 inch - 701+,,1.00,new
custom-velcro-patches,Embroidery,CREATE,,4.0 inch - 701+,,1.10,new
custom-velcro-patches,Embroidery,CREATE,,4.5 inch - 701+,,1.80,new
custom-velcro-patches,Embroidery,CREATE,,5.0 inch - 701+,,2.20,new
custom-velcro-patches,Embroidery,CREATE,,6.0 inch - 701+,,2.80,new
custom-velcro-patches,Embroidery,CREATE,,7.0 inch - 701+,,3.80,new
custom-velcro-patches,Embroidery,CREATE,,8.0 inch - 701+,,4.00,new
custom-velcro-patches,Embroidery,CREATE,,9.0 inch - 701+,,5.00,new
custom-velcro-patches,Embroidery,CREATE,,10.0 inch - 701+,,5.50,new
custom-velcro-patches,Embroidery,CREATE,,11.0 inch - 701+,,6.00,new
custom-velcro-patches,Embroidery,CREATE,,12.0 inch - 701+,,7.00,new
custom-velcro-patches,Embroidery,CREATE,,13.0 inch - 701+,,8.20,new
custom-velcro-patches,Embroidery,CREATE,,14.0 inch - 701+,,9.00,new
custom-velcro-patches,Embroidery,CREATE,,15.0 inch - 701+,,10.00,new
custom-velcro-patches,Embroidery,CREATE,,16.0 inch - 701+,,12.00,new
